<?xml version="1.0"?>
<IPC-2581 xmlns:xsd="http://www.w3.org/2001/XMLSchema" xmlns:xsi="http://www.w3.org/2001/XMLSchema-instance" revision="B" xmlns="http://webstds.ipc.org/2581">
  <Content roleRef="Owner">
    <FunctionMode mode="USERDEF" level="1" />
    <StepRef name="PCB" />
    <LayerRef name="Top Paste" />
    <LayerRef name="Top Overlay" />
    <LayerRef name="Top Solder" />
    <LayerRef name="Top Layer" />
    <LayerRef name="Dielectric 1" />
    <LayerRef name="Bottom Layer" />
    <LayerRef name="Bottom Solder" />
    <LayerRef name="Bottom Overlay" />
    <LayerRef name="Bottom Paste" />
    <LayerRef name="Keep-Out Layer" />
    <LayerRef name="Mechanical 1" />
    <LayerRef name="Mechanical 13" />
    <LayerRef name="Mechanical 15" />
    <LayerRef name="Drill Drawing (Top Layer - Bottom Layer)" />
    <LayerRef name="Drill Guide (Top Layer - Bottom Layer)" />
    <BomRef name="BOM" />
    <DictionaryStandard units="MILLIMETER">
      <EntryStandard id="RECTANGLE_513072X316220">
        <RectCenter width="1.303203" height="0.803199" />
      </EntryStandard>
      <EntryStandard id="RECTANGLE_276850X198110">
        <RectCenter width="0.703199" height="0.503199" />
      </EntryStandard>
      <EntryStandard id="RECTANGLE_867402X2442204">
        <RectCenter width="2.203201" height="6.203198" />
      </EntryStandard>
      <EntryStandard id="RECTANGLE_680000X680000">
        <RectCenter width="1.7272" height="1.7272" />
      </EntryStandard>
      <EntryStandard id="RECTANGLE_1615432X2741416">
        <RectCenter width="4.103197" height="6.963197" />
      </EntryStandard>
      <EntryStandard id="RECTANGLE_355592X2741416">
        <RectCenter width="0.903204" height="6.963197" />
      </EntryStandard>
      <EntryStandard id="RECTANGLE_631180X670552">
        <RectCenter width="1.603197" height="1.703202" />
      </EntryStandard>
      <EntryStandard id="RECTANGLE_552440X631180">
        <RectCenter width="1.403198" height="1.603197" />
      </EntryStandard>
      <EntryStandard id="CIRCLE_200000">
        <Circle diameter="0.508" />
      </EntryStandard>
      <EntryStandard id="CIRCLE_280000">
        <Circle diameter="0.7112" />
      </EntryStandard>
      <EntryStandard id="SLOT_433071X236220">
        <Oval width="1.1" height="0.599999" />
      </EntryStandard>
      <EntryStandard id="SLOT_513071X316220">
        <Oval width="1.3032" height="0.803199" />
      </EntryStandard>
      <EntryStandard id="RECTANGLE_433072X236220">
        <RectCenter width="1.100003" height="0.599999" />
      </EntryStandard>
      <EntryStandard id="RECTANGLE_787402X2362204">
        <RectCenter width="2.000001" height="5.999998" />
      </EntryStandard>
      <EntryStandard id="RECTANGLE_275592X2661416">
        <RectCenter width="0.700004" height="6.759997" />
      </EntryStandard>
      <EntryStandard id="RECTANGLE_1535432X2661416">
        <RectCenter width="3.899997" height="6.759997" />
      </EntryStandard>
      <EntryStandard id="RECTANGLE_551180X472440">
        <RectCenter width="1.399997" height="1.199998" />
      </EntryStandard>
      <EntryStandard id="RECTANGLE_631180X552440">
        <RectCenter width="1.603197" height="1.403198" />
      </EntryStandard>
      <EntryStandard id="RECTANGLE_590552X551180">
        <RectCenter width="1.500002" height="1.399997" />
      </EntryStandard>
      <EntryStandard id="RECTANGLE_670552X631180">
        <RectCenter width="1.703202" height="1.603197" />
      </EntryStandard>
      <EntryStandard id="RECTANGLE_118110X196850">
        <RectCenter width="0.299999" height="0.499999" />
      </EntryStandard>
      <EntryStandard id="RECTANGLE_198110X276850">
        <RectCenter width="0.503199" height="0.703199" />
      </EntryStandard>
      <EntryStandard id="CIRCLE_680000">
        <Circle diameter="1.7272" />
      </EntryStandard>
      <EntryStandard id="CIRCLE_600000">
        <Circle diameter="1.524" />
      </EntryStandard>
      <EntryStandard id="RECTANGLE_600000X600000">
        <RectCenter width="1.524" height="1.524" />
      </EntryStandard>
      <EntryStandard id="CIRCLE_1080000">
        <Circle diameter="2.7432" />
      </EntryStandard>
      <EntryStandard id="CIRCLE_1000000">
        <Circle diameter="2.54" />
      </EntryStandard>
    </DictionaryStandard>
    <DictionaryColor>
      <EntryColor id="LAYER_COLOR_Top Paste">
        <Color r="128" g="128" b="128" />
      </EntryColor>
      <EntryColor id="LAYER_COLOR_Top Overlay">
        <Color r="255" g="255" b="0" />
      </EntryColor>
      <EntryColor id="LAYER_COLOR_Top Solder">
        <Color r="128" g="0" b="128" />
      </EntryColor>
      <EntryColor id="LAYER_COLOR_Top Layer">
        <Color r="255" g="0" b="0" />
      </EntryColor>
      <EntryColor id="LAYER_COLOR_Dielectric 1">
        <Color r="255" g="0" b="0" />
      </EntryColor>
      <EntryColor id="LAYER_COLOR_Bottom Layer">
        <Color r="0" g="0" b="255" />
      </EntryColor>
      <EntryColor id="LAYER_COLOR_Bottom Solder">
        <Color r="255" g="0" b="255" />
      </EntryColor>
      <EntryColor id="LAYER_COLOR_Bottom Overlay">
        <Color r="128" g="128" b="0" />
      </EntryColor>
      <EntryColor id="LAYER_COLOR_Bottom Paste">
        <Color r="128" g="0" b="0" />
      </EntryColor>
      <EntryColor id="LAYER_COLOR_Keep-Out Layer">
        <Color r="255" g="0" b="255" />
      </EntryColor>
      <EntryColor id="LAYER_COLOR_Mechanical 1">
        <Color r="255" g="0" b="255" />
      </EntryColor>
      <EntryColor id="LAYER_COLOR_Mechanical 13">
        <Color r="255" g="0" b="255" />
      </EntryColor>
      <EntryColor id="LAYER_COLOR_Mechanical 15">
        <Color r="0" g="128" b="0" />
      </EntryColor>
      <EntryColor id="LAYER_COLOR_Drill Drawing (Top Layer - Bottom Layer)">
        <Color r="255" g="0" b="42" />
      </EntryColor>
      <EntryColor id="LAYER_COLOR_Drill Guide (Top Layer - Bottom Layer)">
        <Color r="128" g="0" b="0" />
      </EntryColor>
    </DictionaryColor>
  </Content>
  <LogisticHeader>
    <Role id="Owner" roleFunction="ENGINEER" />
    <Enterprise id="Enterprise" code="UNKNOWN" />
    <Person name="Unknown" enterpriseRef="Enterprise" roleRef="Owner" />
  </LogisticHeader>
  <Bom name="BOM">
    <BomHeader assembly="Assembly" revision="Revision">
      <StepRef name="PCB" />
    </BomHeader>
    <BomItem OEMDesignNumberRef="TPS562200DDCR.IntLib:TPS562200DDCR" quantity="1" pinCount="6" category="ELECTRICAL" internalPartNumber="TPS562200DDCR" description="No Description Available">
      <RefDes name="U1" packageRef="TPS562200DDCR" layerRef="Top Layer" />
      <Characteristics category="ELECTRICAL" />
    </BomItem>
    <BomItem OEMDesignNumberRef="Miscellaneous Devices.IntLib:RC0201FR-0756K2L" quantity="1" pinCount="2" category="ELECTRICAL" internalPartNumber="0603" description="No Description Available / Chip Inductor, Body 0.6x0.3mm, IPC High Density">
      <RefDes name="R2" packageRef="0603" layerRef="Top Layer" />
      <Characteristics category="ELECTRICAL" />
    </BomItem>
    <BomItem OEMDesignNumberRef="Miscellaneous Devices.IntLib:RC0201FR-0710KL" quantity="1" pinCount="2" category="ELECTRICAL" internalPartNumber="0603_1" description="RC0201FR-0710KL / Chip Inductor, Body 0.6x0.3mm, IPC High Density">
      <RefDes name="R1" packageRef="0603_1" layerRef="Top Layer" />
      <Characteristics category="ELECTRICAL" />
    </BomItem>
    <BomItem OEMDesignNumberRef="SRN6045-4R7Y.IntLib:SRN6045-4R7Y" quantity="1" pinCount="2" category="ELECTRICAL" internalPartNumber="SRN6045-4R7Y" description="No Description Available">
      <RefDes name="L1" packageRef="SRN6045-4R7Y" layerRef="Top Layer" />
      <Characteristics category="ELECTRICAL" />
    </BomItem>
    <BomItem OEMDesignNumberRef="PcbLib1.PcbLib:Pin_header_1x10" quantity="1" pinCount="10" category="ELECTRICAL" internalPartNumber="Pin_header_1x10" description="Pin_header_1x10">
      <RefDes name="JP4" packageRef="Pin_header_1x10" layerRef="Top Layer" />
      <Characteristics category="ELECTRICAL" />
    </BomItem>
    <BomItem OEMDesignNumberRef="PcbLib1.PcbLib:Pin_header_1x8" quantity="2" pinCount="8" category="ELECTRICAL" internalPartNumber="Pin_header_1x8" description="Pin_header_1x8">
      <RefDes name="JP3" packageRef="Pin_header_1x8" layerRef="Top Layer" />
      <RefDes name="JP2" packageRef="Pin_header_1x8" layerRef="Top Layer" />
      <Characteristics category="ELECTRICAL" />
    </BomItem>
    <BomItem OEMDesignNumberRef="PcbLib1.PcbLib:Pin_header_1x6" quantity="1" pinCount="6" category="ELECTRICAL" internalPartNumber="Pin_header_1x6" description="Pin_header_1x6">
      <RefDes name="JP1" packageRef="Pin_header_1x6" layerRef="Top Layer" />
      <Characteristics category="ELECTRICAL" />
    </BomItem>
    <BomItem OEMDesignNumberRef="Vault:CMP-2100-00977-1" quantity="2" pinCount="3" category="ELECTRICAL" internalPartNumber="CREE-MK-R-2_V" description="LED, White, 12 V, 2-Pin SMD, RoHS, Tape and Reel / SMD, 2-Leads, Body 7x7mm, Therm">
      <RefDes name="D2" packageRef="CREE-MK-R-2_V" layerRef="Top Layer" />
      <RefDes name="D1" packageRef="CREE-MK-R-2_V" layerRef="Top Layer" />
      <Characteristics category="ELECTRICAL" />
    </BomItem>
    <BomItem OEMDesignNumberRef="Miscellaneous Devices.IntLib:C2012X5R1V106K085AC" quantity="3" pinCount="2" category="ELECTRICAL" internalPartNumber="6-0805_M" description="C2012X5R1V106K085AC / Chip Resistor, Body 2.0x1.2mm, IPC Low Density">
      <RefDes name="C5" packageRef="6-0805_M" layerRef="Top Layer" />
      <RefDes name="C4" packageRef="6-0805_M" layerRef="Top Layer" />
      <RefDes name="C3" packageRef="6-0805_M" layerRef="Top Layer" />
      <Characteristics category="ELECTRICAL" />
    </BomItem>
    <BomItem OEMDesignNumberRef="Miscellaneous Devices.IntLib:08053C104KAT2A" quantity="1" pinCount="2" category="ELECTRICAL" internalPartNumber="6-0805_N" description="08053C104KAT2A / Chip Resistor, Body 2.0x1.2mm, IPC Medium Density">
      <RefDes name="C2" packageRef="6-0805_N" layerRef="Top Layer" />
      <Characteristics category="ELECTRICAL" />
    </BomItem>
    <BomItem OEMDesignNumberRef="Miscellaneous Devices.IntLib:C2012X5R1V106K085AC" quantity="1" pinCount="2" category="ELECTRICAL" internalPartNumber="6-0805_N_1" description="C2012X5R1V106K085AC / Chip Resistor, Body 2.0x1.2mm, IPC Medium Density">
      <RefDes name="C1" packageRef="6-0805_N_1" layerRef="Top Layer" />
      <Characteristics category="ELECTRICAL" />
    </BomItem>
  </Bom>
  <Ecad name="output PCB cad-data">
    <CadHeader units="MILLIMETER">
      <Spec name="Top Paste">
        <General type="MATERIAL" />
      </Spec>
      <Spec name="Top Overlay">
        <General type="MATERIAL" />
      </Spec>
      <Spec name="Top Solder">
        <General type="MATERIAL">
          <Property text="Solder Resist" />
        </General>
      </Spec>
      <Spec name="Top Layer">
        <General type="MATERIAL">
          <Property text="Copper" />
        </General>
      </Spec>
      <Spec name="Dielectric 1">
        <General type="MATERIAL">
          <Property text="FR-4" />
        </General>
      </Spec>
      <Spec name="Bottom Layer">
        <General type="MATERIAL">
          <Property text="Copper" />
        </General>
      </Spec>
      <Spec name="Bottom Solder">
        <General type="MATERIAL">
          <Property text="Solder Resist" />
        </General>
      </Spec>
      <Spec name="Bottom Overlay">
        <General type="MATERIAL" />
      </Spec>
      <Spec name="Bottom Paste">
        <General type="MATERIAL" />
      </Spec>
      <Spec name="Keep-Out Layer">
        <General type="MATERIAL" />
      </Spec>
      <Spec name="Mechanical 1">
        <General type="MATERIAL" />
      </Spec>
      <Spec name="Mechanical 13">
        <General type="MATERIAL" />
      </Spec>
      <Spec name="Mechanical 15">
        <General type="MATERIAL" />
      </Spec>
      <Spec name="Drill Drawing (Top Layer - Bottom Layer)">
        <General type="MATERIAL">
          <Property text="undefined" />
        </General>
      </Spec>
      <Spec name="Drill Guide (Top Layer - Bottom Layer)">
        <General type="MATERIAL">
          <Property text="undefined" />
        </General>
      </Spec>
    </CadHeader>
    <CadData>
      <Layer name="Top Paste" layerFunction="PASTEMASK" side="TOP" polarity="POSITIVE" />
      <Layer name="Top Overlay" layerFunction="LEGEND" side="TOP" polarity="POSITIVE" />
      <Layer name="Top Solder" layerFunction="SOLDERMASK" side="TOP" polarity="POSITIVE" />
      <Layer name="Top Layer" layerFunction="SIGNAL" side="TOP" polarity="POSITIVE" />
      <Layer name="Dielectric 1" layerFunction="DIELCORE" side="NONE" polarity="POSITIVE" />
      <Layer name="Bottom Layer" layerFunction="SIGNAL" side="BOTTOM" polarity="POSITIVE" />
      <Layer name="Bottom Solder" layerFunction="SOLDERMASK" side="BOTTOM" polarity="POSITIVE" />
      <Layer name="Bottom Overlay" layerFunction="LEGEND" side="BOTTOM" polarity="POSITIVE" />
      <Layer name="Bottom Paste" layerFunction="PASTEMASK" side="BOTTOM" polarity="POSITIVE" />
      <Layer name="Keep-Out Layer" layerFunction="DOCUMENT" side="INTERNAL" polarity="POSITIVE" />
      <Layer name="Mechanical 1" layerFunction="DOCUMENT" side="INTERNAL" polarity="POSITIVE" />
      <Layer name="Mechanical 13" layerFunction="DOCUMENT" side="INTERNAL" polarity="POSITIVE" />
      <Layer name="Mechanical 15" layerFunction="DOCUMENT" side="INTERNAL" polarity="POSITIVE" />
      <Layer name="Drill Drawing (Top Layer - Bottom Layer)" layerFunction="DOCUMENT" side="INTERNAL" polarity="POSITIVE" />
      <Layer name="Drill Guide (Top Layer - Bottom Layer)" layerFunction="DRILL" side="INTERNAL" polarity="POSITIVE" />
      <Stackup name="Stackup" overallThickness="1.61544" tolPlus="0" tolMinus="0" whereMeasured="OTHER">
        <StackupGroup name="PCB_AllStackupLayers" thickness="1.61544" tolPlus="0" tolMinus="0">
          <StackupLayer layerOrGroupRef="Top Paste" thickness="0" tolPlus="0" tolMinus="0" sequence="1">
            <SpecRef id="Top Paste" />
          </StackupLayer>
          <StackupLayer layerOrGroupRef="Top Overlay" thickness="0" tolPlus="0" tolMinus="0" sequence="2">
            <SpecRef id="Top Overlay" />
          </StackupLayer>
          <StackupLayer layerOrGroupRef="Top Solder" thickness="0.01016" tolPlus="0" tolMinus="0" sequence="3">
            <SpecRef id="Top Solder" />
          </StackupLayer>
          <StackupLayer layerOrGroupRef="Top Layer" thickness="0.03556" tolPlus="0" tolMinus="0" sequence="4">
            <SpecRef id="Top Layer" />
          </StackupLayer>
          <StackupLayer layerOrGroupRef="Dielectric 1" thickness="1.524" tolPlus="0" tolMinus="0" sequence="5">
            <SpecRef id="Dielectric 1" />
          </StackupLayer>
          <StackupLayer layerOrGroupRef="Bottom Layer" thickness="0.03556" tolPlus="0" tolMinus="0" sequence="6">
            <SpecRef id="Bottom Layer" />
          </StackupLayer>
          <StackupLayer layerOrGroupRef="Bottom Solder" thickness="0.01016" tolPlus="0" tolMinus="0" sequence="7">
            <SpecRef id="Bottom Solder" />
          </StackupLayer>
          <StackupLayer layerOrGroupRef="Bottom Overlay" thickness="0" tolPlus="0" tolMinus="0" sequence="8">
            <SpecRef id="Bottom Overlay" />
          </StackupLayer>
          <StackupLayer layerOrGroupRef="Bottom Paste" thickness="0" tolPlus="0" tolMinus="0" sequence="9">
            <SpecRef id="Bottom Paste" />
          </StackupLayer>
          <StackupLayer layerOrGroupRef="Keep-Out Layer" thickness="0" tolPlus="0" tolMinus="0" sequence="10">
            <SpecRef id="Keep-Out Layer" />
          </StackupLayer>
          <StackupLayer layerOrGroupRef="Mechanical 1" thickness="0" tolPlus="0" tolMinus="0" sequence="11">
            <SpecRef id="Mechanical 1" />
          </StackupLayer>
          <StackupLayer layerOrGroupRef="Mechanical 13" thickness="0" tolPlus="0" tolMinus="0" sequence="12">
            <SpecRef id="Mechanical 13" />
          </StackupLayer>
          <StackupLayer layerOrGroupRef="Mechanical 15" thickness="0" tolPlus="0" tolMinus="0" sequence="13">
            <SpecRef id="Mechanical 15" />
          </StackupLayer>
          <StackupLayer layerOrGroupRef="Drill Drawing (Top Layer - Bottom Layer)" thickness="0" tolPlus="0" tolMinus="0" sequence="14">
            <SpecRef id="Drill Drawing (Top Layer - Bottom Layer)" />
          </StackupLayer>
          <StackupLayer layerOrGroupRef="Drill Guide (Top Layer - Bottom Layer)" thickness="0" tolPlus="0" tolMinus="0" sequence="15">
            <SpecRef id="Drill Guide (Top Layer - Bottom Layer)" />
          </StackupLayer>
        </StackupGroup>
      </Stackup>
      <Step name="PCB">
        <Datum x="1.016" y="1.016" />
        <Profile>
          <Polygon>
            <PolyBegin x="1.50635" y="0.99962" />
            <PolyStepCurve x="0.99962" y="1.50635" centerX="1.50635" centerY="1.50635" clockwise="true" />
            <PolyStepSegment x="0.99962" y="53.846352" />
            <PolyStepCurve x="1.50635" y="54.353082" centerX="1.50635" centerY="53.846352" clockwise="true" />
            <PolyStepSegment x="66.546352" y="54.353082" />
            <PolyStepCurve x="67.053082" y="53.846352" centerX="66.546352" centerY="53.846352" clockwise="true" />
            <PolyStepSegment x="67.053082" y="41.649139" />
            <PolyStepSegment x="69.444664" y="39.257557" />
            <PolyStepCurve x="69.593082" y="38.899244" centerX="69.086352" centerY="38.899244" clockwise="true" />
            <PolyStepSegment x="69.593082" y="5.023457" />
            <PolyStepCurve x="69.444664" y="4.665144" centerX="69.086352" centerY="5.023457" clockwise="true" />
            <PolyStepSegment x="67.053082" y="2.273562" />
            <PolyStepSegment x="67.053082" y="1.50635" />
            <PolyStepCurve x="66.546352" y="0.99962" centerX="66.546352" centerY="1.50635" clockwise="true" />
            <PolyStepSegment x="1.50635" y="0.99962" />
          </Polygon>
        </Profile>
        <PadStack net="GND">
          <LayerHole name="Via_1" diameter="0.254" platingStatus="VIA" plusTol="0.0508" minusTol="0.0508" x="26.797" y="16.51">
            <Span fromLayer="Top Layer" toLayer="Bottom Layer" />
          </LayerHole>
          <LayerPad layerRef="Top Layer">
            <Location x="26.797" y="16.51" />
            <StandardPrimitiveRef id="CIRCLE_200000" />
          </LayerPad>
          <LayerPad layerRef="Bottom Layer">
            <Location x="26.797" y="16.51" />
            <StandardPrimitiveRef id="CIRCLE_200000" />
          </LayerPad>
          <LayerPad layerRef="Top Solder">
            <Location x="26.797" y="16.51" />
            <StandardPrimitiveRef id="CIRCLE_280000" />
          </LayerPad>
          <LayerPad layerRef="Bottom Solder">
            <Location x="26.797" y="16.51" />
            <StandardPrimitiveRef id="CIRCLE_280000" />
          </LayerPad>
        </PadStack>
        <PadStack net="GND">
          <LayerHole name="Via_2" diameter="0.254" platingStatus="VIA" plusTol="0.0508" minusTol="0.0508" x="37.211" y="20.066">
            <Span fromLayer="Top Layer" toLayer="Bottom Layer" />
          </LayerHole>
          <LayerPad layerRef="Top Layer">
            <Location x="37.211" y="20.066" />
            <StandardPrimitiveRef id="CIRCLE_200000" />
          </LayerPad>
          <LayerPad layerRef="Bottom Layer">
            <Location x="37.211" y="20.066" />
            <StandardPrimitiveRef id="CIRCLE_200000" />
          </LayerPad>
          <LayerPad layerRef="Top Solder">
            <Location x="37.211" y="20.066" />
            <StandardPrimitiveRef id="CIRCLE_280000" />
          </LayerPad>
          <LayerPad layerRef="Bottom Solder">
            <Location x="37.211" y="20.066" />
            <StandardPrimitiveRef id="CIRCLE_280000" />
          </LayerPad>
        </PadStack>
        <PadStack net="GND">
          <LayerHole name="Via_3" diameter="0.254" platingStatus="VIA" plusTol="0.0508" minusTol="0.0508" x="34.036" y="20.066">
            <Span fromLayer="Top Layer" toLayer="Bottom Layer" />
          </LayerHole>
          <LayerPad layerRef="Top Layer">
            <Location x="34.036" y="20.066" />
            <StandardPrimitiveRef id="CIRCLE_200000" />
          </LayerPad>
          <LayerPad layerRef="Bottom Layer">
            <Location x="34.036" y="20.066" />
            <StandardPrimitiveRef id="CIRCLE_200000" />
          </LayerPad>
          <LayerPad layerRef="Top Solder">
            <Location x="34.036" y="20.066" />
            <StandardPrimitiveRef id="CIRCLE_280000" />
          </LayerPad>
          <LayerPad layerRef="Bottom Solder">
            <Location x="34.036" y="20.066" />
            <StandardPrimitiveRef id="CIRCLE_280000" />
          </LayerPad>
        </PadStack>
        <PadStack net="GND">
          <LayerHole name="Via_4" diameter="0.254" platingStatus="VIA" plusTol="0.0508" minusTol="0.0508" x="50.927" y="38.608">
            <Span fromLayer="Top Layer" toLayer="Bottom Layer" />
          </LayerHole>
          <LayerPad layerRef="Top Layer">
            <Location x="50.927" y="38.608" />
            <StandardPrimitiveRef id="CIRCLE_200000" />
          </LayerPad>
          <LayerPad layerRef="Bottom Layer">
            <Location x="50.927" y="38.608" />
            <StandardPrimitiveRef id="CIRCLE_200000" />
          </LayerPad>
          <LayerPad layerRef="Top Solder">
            <Location x="50.927" y="38.608" />
            <StandardPrimitiveRef id="CIRCLE_280000" />
          </LayerPad>
          <LayerPad layerRef="Bottom Solder">
            <Location x="50.927" y="38.608" />
            <StandardPrimitiveRef id="CIRCLE_280000" />
          </LayerPad>
        </PadStack>
        <PadStack net="GND">
          <LayerHole name="Via_5" diameter="0.254" platingStatus="VIA" plusTol="0.0508" minusTol="0.0508" x="50.927" y="37.719">
            <Span fromLayer="Top Layer" toLayer="Bottom Layer" />
          </LayerHole>
          <LayerPad layerRef="Top Layer">
            <Location x="50.927" y="37.719" />
            <StandardPrimitiveRef id="CIRCLE_200000" />
          </LayerPad>
          <LayerPad layerRef="Bottom Layer">
            <Location x="50.927" y="37.719" />
            <StandardPrimitiveRef id="CIRCLE_200000" />
          </LayerPad>
          <LayerPad layerRef="Top Solder">
            <Location x="50.927" y="37.719" />
            <StandardPrimitiveRef id="CIRCLE_280000" />
          </LayerPad>
          <LayerPad layerRef="Bottom Solder">
            <Location x="50.927" y="37.719" />
            <StandardPrimitiveRef id="CIRCLE_280000" />
          </LayerPad>
        </PadStack>
        <PadStack net="GND">
          <LayerHole name="Via_6" diameter="0.254" platingStatus="VIA" plusTol="0.0508" minusTol="0.0508" x="50.927" y="33.528">
            <Span fromLayer="Top Layer" toLayer="Bottom Layer" />
          </LayerHole>
          <LayerPad layerRef="Top Layer">
            <Location x="50.927" y="33.528" />
            <StandardPrimitiveRef id="CIRCLE_200000" />
          </LayerPad>
          <LayerPad layerRef="Bottom Layer">
            <Location x="50.927" y="33.528" />
            <StandardPrimitiveRef id="CIRCLE_200000" />
          </LayerPad>
          <LayerPad layerRef="Top Solder">
            <Location x="50.927" y="33.528" />
            <StandardPrimitiveRef id="CIRCLE_280000" />
          </LayerPad>
          <LayerPad layerRef="Bottom Solder">
            <Location x="50.927" y="33.528" />
            <StandardPrimitiveRef id="CIRCLE_280000" />
          </LayerPad>
        </PadStack>
        <PadStack net="GND">
          <LayerHole name="Via_7" diameter="0.254" platingStatus="VIA" plusTol="0.0508" minusTol="0.0508" x="50.927" y="32.639">
            <Span fromLayer="Top Layer" toLayer="Bottom Layer" />
          </LayerHole>
          <LayerPad layerRef="Top Layer">
            <Location x="50.927" y="32.639" />
            <StandardPrimitiveRef id="CIRCLE_200000" />
          </LayerPad>
          <LayerPad layerRef="Bottom Layer">
            <Location x="50.927" y="32.639" />
            <StandardPrimitiveRef id="CIRCLE_200000" />
          </LayerPad>
          <LayerPad layerRef="Top Solder">
            <Location x="50.927" y="32.639" />
            <StandardPrimitiveRef id="CIRCLE_280000" />
          </LayerPad>
          <LayerPad layerRef="Bottom Solder">
            <Location x="50.927" y="32.639" />
            <StandardPrimitiveRef id="CIRCLE_280000" />
          </LayerPad>
        </PadStack>
        <PadStack net="GND">
          <LayerHole name="Via_8" diameter="0.254" platingStatus="VIA" plusTol="0.0508" minusTol="0.0508" x="50.927" y="31.75">
            <Span fromLayer="Top Layer" toLayer="Bottom Layer" />
          </LayerHole>
          <LayerPad layerRef="Top Layer">
            <Location x="50.927" y="31.75" />
            <StandardPrimitiveRef id="CIRCLE_200000" />
          </LayerPad>
          <LayerPad layerRef="Bottom Layer">
            <Location x="50.927" y="31.75" />
            <StandardPrimitiveRef id="CIRCLE_200000" />
          </LayerPad>
          <LayerPad layerRef="Top Solder">
            <Location x="50.927" y="31.75" />
            <StandardPrimitiveRef id="CIRCLE_280000" />
          </LayerPad>
          <LayerPad layerRef="Bottom Solder">
            <Location x="50.927" y="31.75" />
            <StandardPrimitiveRef id="CIRCLE_280000" />
          </LayerPad>
        </PadStack>
        <PadStack net="GND">
          <LayerHole name="Via_9" diameter="0.254" platingStatus="VIA" plusTol="0.0508" minusTol="0.0508" x="50.927" y="30.861">
            <Span fromLayer="Top Layer" toLayer="Bottom Layer" />
          </LayerHole>
          <LayerPad layerRef="Top Layer">
            <Location x="50.927" y="30.861" />
            <StandardPrimitiveRef id="CIRCLE_200000" />
          </LayerPad>
          <LayerPad layerRef="Bottom Layer">
            <Location x="50.927" y="30.861" />
            <StandardPrimitiveRef id="CIRCLE_200000" />
          </LayerPad>
          <LayerPad layerRef="Top Solder">
            <Location x="50.927" y="30.861" />
            <StandardPrimitiveRef id="CIRCLE_280000" />
          </LayerPad>
          <LayerPad layerRef="Bottom Solder">
            <Location x="50.927" y="30.861" />
            <StandardPrimitiveRef id="CIRCLE_280000" />
          </LayerPad>
        </PadStack>
        <PadStack net="GND">
          <LayerHole name="Via_10" diameter="0.254" platingStatus="VIA" plusTol="0.0508" minusTol="0.0508" x="50.927" y="29.972">
            <Span fromLayer="Top Layer" toLayer="Bottom Layer" />
          </LayerHole>
          <LayerPad layerRef="Top Layer">
            <Location x="50.927" y="29.972" />
            <StandardPrimitiveRef id="CIRCLE_200000" />
          </LayerPad>
          <LayerPad layerRef="Bottom Layer">
            <Location x="50.927" y="29.972" />
            <StandardPrimitiveRef id="CIRCLE_200000" />
          </LayerPad>
          <LayerPad layerRef="Top Solder">
            <Location x="50.927" y="29.972" />
            <StandardPrimitiveRef id="CIRCLE_280000" />
          </LayerPad>
          <LayerPad layerRef="Bottom Solder">
            <Location x="50.927" y="29.972" />
            <StandardPrimitiveRef id="CIRCLE_280000" />
          </LayerPad>
        </PadStack>
        <PadStack net="GND">
          <LayerHole name="Via_11" diameter="0.254" platingStatus="VIA" plusTol="0.0508" minusTol="0.0508" x="50.927" y="29.083">
            <Span fromLayer="Top Layer" toLayer="Bottom Layer" />
          </LayerHole>
          <LayerPad layerRef="Top Layer">
            <Location x="50.927" y="29.083" />
            <StandardPrimitiveRef id="CIRCLE_200000" />
          </LayerPad>
          <LayerPad layerRef="Bottom Layer">
            <Location x="50.927" y="29.083" />
            <StandardPrimitiveRef id="CIRCLE_200000" />
          </LayerPad>
          <LayerPad layerRef="Top Solder">
            <Location x="50.927" y="29.083" />
            <StandardPrimitiveRef id="CIRCLE_280000" />
          </LayerPad>
          <LayerPad layerRef="Bottom Solder">
            <Location x="50.927" y="29.083" />
            <StandardPrimitiveRef id="CIRCLE_280000" />
          </LayerPad>
        </PadStack>
        <PadStack net="GND">
          <LayerHole name="Via_12" diameter="0.254" platingStatus="VIA" plusTol="0.0508" minusTol="0.0508" x="50.927" y="28.194">
            <Span fromLayer="Top Layer" toLayer="Bottom Layer" />
          </LayerHole>
          <LayerPad layerRef="Top Layer">
            <Location x="50.927" y="28.194" />
            <StandardPrimitiveRef id="CIRCLE_200000" />
          </LayerPad>
          <LayerPad layerRef="Bottom Layer">
            <Location x="50.927" y="28.194" />
            <StandardPrimitiveRef id="CIRCLE_200000" />
          </LayerPad>
          <LayerPad layerRef="Top Solder">
            <Location x="50.927" y="28.194" />
            <StandardPrimitiveRef id="CIRCLE_280000" />
          </LayerPad>
          <LayerPad layerRef="Bottom Solder">
            <Location x="50.927" y="28.194" />
            <StandardPrimitiveRef id="CIRCLE_280000" />
          </LayerPad>
        </PadStack>
        <PadStack net="GND">
          <LayerHole name="Via_13" diameter="0.254" platingStatus="VIA" plusTol="0.0508" minusTol="0.0508" x="50.927" y="27.305">
            <Span fromLayer="Top Layer" toLayer="Bottom Layer" />
          </LayerHole>
          <LayerPad layerRef="Top Layer">
            <Location x="50.927" y="27.305" />
            <StandardPrimitiveRef id="CIRCLE_200000" />
          </LayerPad>
          <LayerPad layerRef="Bottom Layer">
            <Location x="50.927" y="27.305" />
            <StandardPrimitiveRef id="CIRCLE_200000" />
          </LayerPad>
          <LayerPad layerRef="Top Solder">
            <Location x="50.927" y="27.305" />
            <StandardPrimitiveRef id="CIRCLE_280000" />
          </LayerPad>
          <LayerPad layerRef="Bottom Solder">
            <Location x="50.927" y="27.305" />
            <StandardPrimitiveRef id="CIRCLE_280000" />
          </LayerPad>
        </PadStack>
        <PadStack net="GND">
          <LayerHole name="Via_14" diameter="0.254" platingStatus="VIA" plusTol="0.0508" minusTol="0.0508" x="50.927" y="36.83">
            <Span fromLayer="Top Layer" toLayer="Bottom Layer" />
          </LayerHole>
          <LayerPad layerRef="Top Layer">
            <Location x="50.927" y="36.83" />
            <StandardPrimitiveRef id="CIRCLE_200000" />
          </LayerPad>
          <LayerPad layerRef="Bottom Layer">
            <Location x="50.927" y="36.83" />
            <StandardPrimitiveRef id="CIRCLE_200000" />
          </LayerPad>
          <LayerPad layerRef="Top Solder">
            <Location x="50.927" y="36.83" />
            <StandardPrimitiveRef id="CIRCLE_280000" />
          </LayerPad>
          <LayerPad layerRef="Bottom Solder">
            <Location x="50.927" y="36.83" />
            <StandardPrimitiveRef id="CIRCLE_280000" />
          </LayerPad>
        </PadStack>
        <PadStack net="GND">
          <LayerHole name="Via_15" diameter="0.254" platingStatus="VIA" plusTol="0.0508" minusTol="0.0508" x="50.927" y="39.497">
            <Span fromLayer="Top Layer" toLayer="Bottom Layer" />
          </LayerHole>
          <LayerPad layerRef="Top Layer">
            <Location x="50.927" y="39.497" />
            <StandardPrimitiveRef id="CIRCLE_200000" />
          </LayerPad>
          <LayerPad layerRef="Bottom Layer">
            <Location x="50.927" y="39.497" />
            <StandardPrimitiveRef id="CIRCLE_200000" />
          </LayerPad>
          <LayerPad layerRef="Top Solder">
            <Location x="50.927" y="39.497" />
            <StandardPrimitiveRef id="CIRCLE_280000" />
          </LayerPad>
          <LayerPad layerRef="Bottom Solder">
            <Location x="50.927" y="39.497" />
            <StandardPrimitiveRef id="CIRCLE_280000" />
          </LayerPad>
        </PadStack>
        <PadStack net="GND">
          <LayerHole name="Via_16" diameter="0.254" platingStatus="VIA" plusTol="0.0508" minusTol="0.0508" x="50.927" y="40.386">
            <Span fromLayer="Top Layer" toLayer="Bottom Layer" />
          </LayerHole>
          <LayerPad layerRef="Top Layer">
            <Location x="50.927" y="40.386" />
            <StandardPrimitiveRef id="CIRCLE_200000" />
          </LayerPad>
          <LayerPad layerRef="Bottom Layer">
            <Location x="50.927" y="40.386" />
            <StandardPrimitiveRef id="CIRCLE_200000" />
          </LayerPad>
          <LayerPad layerRef="Top Solder">
            <Location x="50.927" y="40.386" />
            <StandardPrimitiveRef id="CIRCLE_280000" />
          </LayerPad>
          <LayerPad layerRef="Bottom Solder">
            <Location x="50.927" y="40.386" />
            <StandardPrimitiveRef id="CIRCLE_280000" />
          </LayerPad>
        </PadStack>
        <PadStack net="GND">
          <LayerHole name="Via_17" diameter="0.254" platingStatus="VIA" plusTol="0.0508" minusTol="0.0508" x="50.927" y="41.275">
            <Span fromLayer="Top Layer" toLayer="Bottom Layer" />
          </LayerHole>
          <LayerPad layerRef="Top Layer">
            <Location x="50.927" y="41.275" />
            <StandardPrimitiveRef id="CIRCLE_200000" />
          </LayerPad>
          <LayerPad layerRef="Bottom Layer">
            <Location x="50.927" y="41.275" />
            <StandardPrimitiveRef id="CIRCLE_200000" />
          </LayerPad>
          <LayerPad layerRef="Top Solder">
            <Location x="50.927" y="41.275" />
            <StandardPrimitiveRef id="CIRCLE_280000" />
          </LayerPad>
          <LayerPad layerRef="Bottom Solder">
            <Location x="50.927" y="41.275" />
            <StandardPrimitiveRef id="CIRCLE_280000" />
          </LayerPad>
        </PadStack>
        <PadStack net="GND">
          <LayerHole name="Via_18" diameter="0.254" platingStatus="VIA" plusTol="0.0508" minusTol="0.0508" x="50.927" y="42.164">
            <Span fromLayer="Top Layer" toLayer="Bottom Layer" />
          </LayerHole>
          <LayerPad layerRef="Top Layer">
            <Location x="50.927" y="42.164" />
            <StandardPrimitiveRef id="CIRCLE_200000" />
          </LayerPad>
          <LayerPad layerRef="Bottom Layer">
            <Location x="50.927" y="42.164" />
            <StandardPrimitiveRef id="CIRCLE_200000" />
          </LayerPad>
          <LayerPad layerRef="Top Solder">
            <Location x="50.927" y="42.164" />
            <StandardPrimitiveRef id="CIRCLE_280000" />
          </LayerPad>
          <LayerPad layerRef="Bottom Solder">
            <Location x="50.927" y="42.164" />
            <StandardPrimitiveRef id="CIRCLE_280000" />
          </LayerPad>
        </PadStack>
        <PadStack net="GND">
          <LayerHole name="Via_19" diameter="0.254" platingStatus="VIA" plusTol="0.0508" minusTol="0.0508" x="50.927" y="43.053">
            <Span fromLayer="Top Layer" toLayer="Bottom Layer" />
          </LayerHole>
          <LayerPad layerRef="Top Layer">
            <Location x="50.927" y="43.053" />
            <StandardPrimitiveRef id="CIRCLE_200000" />
          </LayerPad>
          <LayerPad layerRef="Bottom Layer">
            <Location x="50.927" y="43.053" />
            <StandardPrimitiveRef id="CIRCLE_200000" />
          </LayerPad>
          <LayerPad layerRef="Top Solder">
            <Location x="50.927" y="43.053" />
            <StandardPrimitiveRef id="CIRCLE_280000" />
          </LayerPad>
          <LayerPad layerRef="Bottom Solder">
            <Location x="50.927" y="43.053" />
            <StandardPrimitiveRef id="CIRCLE_280000" />
          </LayerPad>
        </PadStack>
        <PadStack net="GND">
          <LayerHole name="Via_20" diameter="0.254" platingStatus="VIA" plusTol="0.0508" minusTol="0.0508" x="15.621" y="13.716">
            <Span fromLayer="Top Layer" toLayer="Bottom Layer" />
          </LayerHole>
          <LayerPad layerRef="Top Layer">
            <Location x="15.621" y="13.716" />
            <StandardPrimitiveRef id="CIRCLE_200000" />
          </LayerPad>
          <LayerPad layerRef="Bottom Layer">
            <Location x="15.621" y="13.716" />
            <StandardPrimitiveRef id="CIRCLE_200000" />
          </LayerPad>
          <LayerPad layerRef="Top Solder">
            <Location x="15.621" y="13.716" />
            <StandardPrimitiveRef id="CIRCLE_280000" />
          </LayerPad>
          <LayerPad layerRef="Bottom Solder">
            <Location x="15.621" y="13.716" />
            <StandardPrimitiveRef id="CIRCLE_280000" />
          </LayerPad>
        </PadStack>
        <PadStack net="GND">
          <LayerHole name="Via_21" diameter="0.254" platingStatus="VIA" plusTol="0.0508" minusTol="0.0508" x="12.446" y="13.716">
            <Span fromLayer="Top Layer" toLayer="Bottom Layer" />
          </LayerHole>
          <LayerPad layerRef="Top Layer">
            <Location x="12.446" y="13.716" />
            <StandardPrimitiveRef id="CIRCLE_200000" />
          </LayerPad>
          <LayerPad layerRef="Bottom Layer">
            <Location x="12.446" y="13.716" />
            <StandardPrimitiveRef id="CIRCLE_200000" />
          </LayerPad>
          <LayerPad layerRef="Top Solder">
            <Location x="12.446" y="13.716" />
            <StandardPrimitiveRef id="CIRCLE_280000" />
          </LayerPad>
          <LayerPad layerRef="Bottom Solder">
            <Location x="12.446" y="13.716" />
            <StandardPrimitiveRef id="CIRCLE_280000" />
          </LayerPad>
        </PadStack>
        <PadStack net="GND">
          <LayerHole name="Via_22" diameter="0.254" platingStatus="VIA" plusTol="0.0508" minusTol="0.0508" x="9.906" y="13.716">
            <Span fromLayer="Top Layer" toLayer="Bottom Layer" />
          </LayerHole>
          <LayerPad layerRef="Top Layer">
            <Location x="9.906" y="13.716" />
            <StandardPrimitiveRef id="CIRCLE_200000" />
          </LayerPad>
          <LayerPad layerRef="Bottom Layer">
            <Location x="9.906" y="13.716" />
            <StandardPrimitiveRef id="CIRCLE_200000" />
          </LayerPad>
          <LayerPad layerRef="Top Solder">
            <Location x="9.906" y="13.716" />
            <StandardPrimitiveRef id="CIRCLE_280000" />
          </LayerPad>
          <LayerPad layerRef="Bottom Solder">
            <Location x="9.906" y="13.716" />
            <StandardPrimitiveRef id="CIRCLE_280000" />
          </LayerPad>
        </PadStack>
        <PadStack net="NetR1_1">
          <LayerPad layerRef="Top Paste">
            <Xform rotation="90" />
            <Location x="18.791001" y="16.891" />
            <StandardPrimitiveRef id="SLOT_433071X236220" />
            <PinRef componentRef="U1" pin="4" />
          </LayerPad>
          <LayerPad layerRef="Top Solder">
            <Xform rotation="90" />
            <Location x="18.791001" y="16.891" />
            <StandardPrimitiveRef id="SLOT_513071X316220" />
            <PinRef componentRef="U1" pin="4" />
          </LayerPad>
          <LayerPad layerRef="Top Layer">
            <Xform rotation="90" />
            <Location x="18.791001" y="16.891" />
            <StandardPrimitiveRef id="SLOT_433071X236220" />
            <PinRef componentRef="U1" pin="4" />
          </LayerPad>
        </PadStack>
        <PadStack net="+12">
          <LayerPad layerRef="Top Paste">
            <Xform rotation="90" />
            <Location x="17.841001" y="16.891" />
            <StandardPrimitiveRef id="SLOT_433071X236220" />
            <PinRef componentRef="U1" pin="5" />
          </LayerPad>
          <LayerPad layerRef="Top Solder">
            <Xform rotation="90" />
            <Location x="17.841001" y="16.891" />
            <StandardPrimitiveRef id="SLOT_513071X316220" />
            <PinRef componentRef="U1" pin="5" />
          </LayerPad>
          <LayerPad layerRef="Top Layer">
            <Xform rotation="90" />
            <Location x="17.841001" y="16.891" />
            <StandardPrimitiveRef id="SLOT_433071X236220" />
            <PinRef componentRef="U1" pin="5" />
          </LayerPad>
        </PadStack>
        <PadStack net="NetC2_1">
          <LayerPad layerRef="Top Paste">
            <Xform rotation="90" />
            <Location x="16.891" y="16.891" />
            <StandardPrimitiveRef id="SLOT_433071X236220" />
            <PinRef componentRef="U1" pin="6" />
          </LayerPad>
          <LayerPad layerRef="Top Solder">
            <Xform rotation="90" />
            <Location x="16.891" y="16.891" />
            <StandardPrimitiveRef id="SLOT_513071X316220" />
            <PinRef componentRef="U1" pin="6" />
          </LayerPad>
          <LayerPad layerRef="Top Layer">
            <Xform rotation="90" />
            <Location x="16.891" y="16.891" />
            <StandardPrimitiveRef id="SLOT_433071X236220" />
            <PinRef componentRef="U1" pin="6" />
          </LayerPad>
        </PadStack>
        <PadStack net="+12">
          <LayerPad layerRef="Top Paste">
            <Xform rotation="90" />
            <Location x="18.791001" y="14.191" />
            <StandardPrimitiveRef id="SLOT_433071X236220" />
            <PinRef componentRef="U1" pin="3" />
          </LayerPad>
          <LayerPad layerRef="Top Solder">
            <Xform rotation="90" />
            <Location x="18.791001" y="14.191" />
            <StandardPrimitiveRef id="SLOT_513071X316220" />
            <PinRef componentRef="U1" pin="3" />
          </LayerPad>
          <LayerPad layerRef="Top Layer">
            <Xform rotation="90" />
            <Location x="18.791001" y="14.191" />
            <StandardPrimitiveRef id="SLOT_433071X236220" />
            <PinRef componentRef="U1" pin="3" />
          </LayerPad>
        </PadStack>
        <PadStack net="SW OUT">
          <LayerPad layerRef="Top Paste">
            <Xform rotation="90" />
            <Location x="17.841001" y="14.191" />
            <StandardPrimitiveRef id="SLOT_433071X236220" />
            <PinRef componentRef="U1" pin="2" />
          </LayerPad>
          <LayerPad layerRef="Top Solder">
            <Xform rotation="90" />
            <Location x="17.841001" y="14.191" />
            <StandardPrimitiveRef id="SLOT_513071X316220" />
            <PinRef componentRef="U1" pin="2" />
          </LayerPad>
          <LayerPad layerRef="Top Layer">
            <Xform rotation="90" />
            <Location x="17.841001" y="14.191" />
            <StandardPrimitiveRef id="SLOT_433071X236220" />
            <PinRef componentRef="U1" pin="2" />
          </LayerPad>
        </PadStack>
        <PadStack net="GND">
          <LayerPad layerRef="Top Paste">
            <Xform rotation="90" />
            <Location x="16.891" y="14.191" />
            <StandardPrimitiveRef id="RECTANGLE_433072X236220" />
            <PinRef componentRef="U1" pin="1" />
          </LayerPad>
          <LayerPad layerRef="Top Solder">
            <Xform rotation="90" />
            <Location x="16.891" y="14.191" />
            <StandardPrimitiveRef id="RECTANGLE_513072X316220" />
            <PinRef componentRef="U1" pin="1" />
          </LayerPad>
          <LayerPad layerRef="Top Layer">
            <Xform rotation="90" />
            <Location x="16.891" y="14.191" />
            <StandardPrimitiveRef id="RECTANGLE_433072X236220" />
            <PinRef componentRef="U1" pin="1" />
          </LayerPad>
        </PadStack>
        <PadStack net="+5">
          <LayerPad layerRef="Top Paste">
            <Xform rotation="180" />
            <Location x="26.025998" y="11.811" />
            <StandardPrimitiveRef id="RECTANGLE_787402X2362204" />
            <PinRef componentRef="L1" pin="1" />
          </LayerPad>
          <LayerPad layerRef="Top Solder">
            <Xform rotation="180" />
            <Location x="26.025998" y="11.811" />
            <StandardPrimitiveRef id="RECTANGLE_867402X2442204" />
            <PinRef componentRef="L1" pin="1" />
          </LayerPad>
          <LayerPad layerRef="Top Layer">
            <Xform rotation="180" />
            <Location x="26.025998" y="11.811" />
            <StandardPrimitiveRef id="RECTANGLE_787402X2362204" />
            <PinRef componentRef="L1" pin="1" />
          </LayerPad>
        </PadStack>
        <PadStack net="SW OUT">
          <LayerPad layerRef="Top Paste">
            <Xform rotation="180" />
            <Location x="21.725999" y="11.811" />
            <StandardPrimitiveRef id="RECTANGLE_787402X2362204" />
            <PinRef componentRef="L1" pin="2" />
          </LayerPad>
          <LayerPad layerRef="Top Solder">
            <Xform rotation="180" />
            <Location x="21.725999" y="11.811" />
            <StandardPrimitiveRef id="RECTANGLE_867402X2442204" />
            <PinRef componentRef="L1" pin="2" />
          </LayerPad>
          <LayerPad layerRef="Top Layer">
            <Xform rotation="180" />
            <Location x="21.725999" y="11.811" />
            <StandardPrimitiveRef id="RECTANGLE_787402X2362204" />
            <PinRef componentRef="L1" pin="2" />
          </LayerPad>
        </PadStack>
        <PadStack net="+12">
          <LayerPad layerRef="Top Paste">
            <Xform />
            <Location x="42.466001" y="30.226" />
            <StandardPrimitiveRef id="RECTANGLE_275592X2661416" />
            <PinRef componentRef="D2" pin="1" />
          </LayerPad>
          <LayerPad layerRef="Top Solder">
            <Xform />
            <Location x="42.466001" y="30.226" />
            <StandardPrimitiveRef id="RECTANGLE_355592X2741416" />
            <PinRef componentRef="D2" pin="1" />
          </LayerPad>
          <LayerPad layerRef="Top Layer">
            <Xform />
            <Location x="42.466001" y="30.226" />
            <StandardPrimitiveRef id="RECTANGLE_275592X2661416" />
            <PinRef componentRef="D2" pin="1" />
          </LayerPad>
        </PadStack>
        <PadStack net="GND">
          <LayerPad layerRef="Top Paste">
            <Xform />
            <Location x="48.465999" y="30.226" />
            <StandardPrimitiveRef id="RECTANGLE_275592X2661416" />
            <PinRef componentRef="D2" pin="2" />
          </LayerPad>
          <LayerPad layerRef="Top Solder">
            <Xform />
            <Location x="48.465999" y="30.226" />
            <StandardPrimitiveRef id="RECTANGLE_355592X2741416" />
            <PinRef componentRef="D2" pin="2" />
          </LayerPad>
          <LayerPad layerRef="Top Layer">
            <Xform />
            <Location x="48.465999" y="30.226" />
            <StandardPrimitiveRef id="RECTANGLE_275592X2661416" />
            <PinRef componentRef="D2" pin="2" />
          </LayerPad>
        </PadStack>
        <PadStack net="GND">
          <LayerPad layerRef="Top Paste">
            <Xform />
            <Location x="45.466" y="30.226" />
            <StandardPrimitiveRef id="RECTANGLE_1535432X2661416" />
            <PinRef componentRef="D2" pin="3" />
          </LayerPad>
          <LayerPad layerRef="Top Solder">
            <Xform />
            <Location x="45.466" y="30.226" />
            <StandardPrimitiveRef id="RECTANGLE_1615432X2741416" />
            <PinRef componentRef="D2" pin="3" />
          </LayerPad>
          <LayerPad layerRef="Top Layer">
            <Xform />
            <Location x="45.466" y="30.226" />
            <StandardPrimitiveRef id="RECTANGLE_1535432X2661416" />
            <PinRef componentRef="D2" pin="3" />
          </LayerPad>
        </PadStack>
        <PadStack net="NetC2_1">
          <LayerPad layerRef="Top Paste">
            <Xform rotation="90" />
            <Location x="14.086002" y="9.906003" />
            <StandardPrimitiveRef id="RECTANGLE_551180X472440" />
            <PinRef componentRef="C2" pin="1" />
          </LayerPad>
          <LayerPad layerRef="Top Solder">
            <Xform rotation="90" />
            <Location x="14.086002" y="9.906003" />
            <StandardPrimitiveRef id="RECTANGLE_631180X552440" />
            <PinRef componentRef="C2" pin="1" />
          </LayerPad>
          <LayerPad layerRef="Top Layer">
            <Xform rotation="90" />
            <Location x="14.086002" y="9.906003" />
            <StandardPrimitiveRef id="RECTANGLE_551180X472440" />
            <PinRef componentRef="C2" pin="1" />
          </LayerPad>
        </PadStack>
        <PadStack net="SW OUT">
          <LayerPad layerRef="Top Paste">
            <Xform rotation="90" />
            <Location x="15.886001" y="9.906003" />
            <StandardPrimitiveRef id="RECTANGLE_551180X472440" />
            <PinRef componentRef="C2" pin="2" />
          </LayerPad>
          <LayerPad layerRef="Top Solder">
            <Xform rotation="90" />
            <Location x="15.886001" y="9.906003" />
            <StandardPrimitiveRef id="RECTANGLE_631180X552440" />
            <PinRef componentRef="C2" pin="2" />
          </LayerPad>
          <LayerPad layerRef="Top Layer">
            <Xform rotation="90" />
            <Location x="15.886001" y="9.906003" />
            <StandardPrimitiveRef id="RECTANGLE_551180X472440" />
            <PinRef componentRef="C2" pin="2" />
          </LayerPad>
        </PadStack>
        <PadStack net="+12">
          <LayerPad layerRef="Top Paste">
            <Xform rotation="180" />
            <Location x="12.446" y="17.167101" />
            <StandardPrimitiveRef id="RECTANGLE_590552X551180" />
            <PinRef componentRef="C5" pin="2" />
          </LayerPad>
          <LayerPad layerRef="Top Solder">
            <Xform rotation="180" />
            <Location x="12.446" y="17.167101" />
            <StandardPrimitiveRef id="RECTANGLE_670552X631180" />
            <PinRef componentRef="C5" pin="2" />
          </LayerPad>
          <LayerPad layerRef="Top Layer">
            <Xform rotation="180" />
            <Location x="12.446" y="17.167101" />
            <StandardPrimitiveRef id="RECTANGLE_590552X551180" />
            <PinRef componentRef="C5" pin="2" />
          </LayerPad>
        </PadStack>
        <PadStack net="GND">
          <LayerPad layerRef="Top Paste">
            <Xform rotation="180" />
            <Location x="12.446" y="15.167099" />
            <StandardPrimitiveRef id="RECTANGLE_590552X551180" />
            <PinRef componentRef="C5" pin="1" />
          </LayerPad>
          <LayerPad layerRef="Top Solder">
            <Xform rotation="180" />
            <Location x="12.446" y="15.167099" />
            <StandardPrimitiveRef id="RECTANGLE_670552X631180" />
            <PinRef componentRef="C5" pin="1" />
          </LayerPad>
          <LayerPad layerRef="Top Layer">
            <Xform rotation="180" />
            <Location x="12.446" y="15.167099" />
            <StandardPrimitiveRef id="RECTANGLE_590552X551180" />
            <PinRef componentRef="C5" pin="1" />
          </LayerPad>
        </PadStack>
        <PadStack net="GND">
          <LayerPad layerRef="Top Paste">
            <Xform rotation="180" />
            <Location x="25.780997" y="16.541001" />
            <StandardPrimitiveRef id="RECTANGLE_118110X196850" />
            <PinRef componentRef="R2" pin="1" />
          </LayerPad>
          <LayerPad layerRef="Top Solder">
            <Xform rotation="180" />
            <Location x="25.780997" y="16.541001" />
            <StandardPrimitiveRef id="RECTANGLE_198110X276850" />
            <PinRef componentRef="R2" pin="1" />
          </LayerPad>
          <LayerPad layerRef="Top Layer">
            <Xform rotation="180" />
            <Location x="25.780997" y="16.541001" />
            <StandardPrimitiveRef id="RECTANGLE_118110X196850" />
            <PinRef componentRef="R2" pin="1" />
          </LayerPad>
        </PadStack>
        <PadStack net="NetR1_1">
          <LayerPad layerRef="Top Paste">
            <Xform rotation="180" />
            <Location x="25.780997" y="17.241002" />
            <StandardPrimitiveRef id="RECTANGLE_118110X196850" />
            <PinRef componentRef="R2" pin="2" />
          </LayerPad>
          <LayerPad layerRef="Top Solder">
            <Xform rotation="180" />
            <Location x="25.780997" y="17.241002" />
            <StandardPrimitiveRef id="RECTANGLE_198110X276850" />
            <PinRef componentRef="R2" pin="2" />
          </LayerPad>
          <LayerPad layerRef="Top Layer">
            <Xform rotation="180" />
            <Location x="25.780997" y="17.241002" />
            <StandardPrimitiveRef id="RECTANGLE_118110X196850" />
            <PinRef componentRef="R2" pin="2" />
          </LayerPad>
        </PadStack>
        <PadStack net="GND">
          <LayerPad layerRef="Top Paste">
            <Xform />
            <Location x="37.211003" y="18.425998" />
            <StandardPrimitiveRef id="RECTANGLE_551180X472440" />
            <PinRef componentRef="C1" pin="1" />
          </LayerPad>
          <LayerPad layerRef="Top Solder">
            <Xform />
            <Location x="37.211003" y="18.425998" />
            <StandardPrimitiveRef id="RECTANGLE_631180X552440" />
            <PinRef componentRef="C1" pin="1" />
          </LayerPad>
          <LayerPad layerRef="Top Layer">
            <Xform />
            <Location x="37.211003" y="18.425998" />
            <StandardPrimitiveRef id="RECTANGLE_551180X472440" />
            <PinRef componentRef="C1" pin="1" />
          </LayerPad>
        </PadStack>
        <PadStack net="+5">
          <LayerPad layerRef="Top Paste">
            <Xform />
            <Location x="37.211003" y="16.625999" />
            <StandardPrimitiveRef id="RECTANGLE_551180X472440" />
            <PinRef componentRef="C1" pin="2" />
          </LayerPad>
          <LayerPad layerRef="Top Solder">
            <Xform />
            <Location x="37.211003" y="16.625999" />
            <StandardPrimitiveRef id="RECTANGLE_631180X552440" />
            <PinRef componentRef="C1" pin="2" />
          </LayerPad>
          <LayerPad layerRef="Top Layer">
            <Xform />
            <Location x="37.211003" y="16.625999" />
            <StandardPrimitiveRef id="RECTANGLE_551180X472440" />
            <PinRef componentRef="C1" pin="2" />
          </LayerPad>
        </PadStack>
        <PadStack net="+5">
          <LayerPad layerRef="Top Paste">
            <Xform />
            <Location x="34.036" y="16.525999" />
            <StandardPrimitiveRef id="RECTANGLE_590552X551180" />
            <PinRef componentRef="C3" pin="2" />
          </LayerPad>
          <LayerPad layerRef="Top Solder">
            <Xform />
            <Location x="34.036" y="16.525999" />
            <StandardPrimitiveRef id="RECTANGLE_670552X631180" />
            <PinRef componentRef="C3" pin="2" />
          </LayerPad>
          <LayerPad layerRef="Top Layer">
            <Xform />
            <Location x="34.036" y="16.525999" />
            <StandardPrimitiveRef id="RECTANGLE_590552X551180" />
            <PinRef componentRef="C3" pin="2" />
          </LayerPad>
        </PadStack>
        <PadStack net="GND">
          <LayerPad layerRef="Top Paste">
            <Xform />
            <Location x="34.036" y="18.526001" />
            <StandardPrimitiveRef id="RECTANGLE_590552X551180" />
            <PinRef componentRef="C3" pin="1" />
          </LayerPad>
          <LayerPad layerRef="Top Solder">
            <Xform />
            <Location x="34.036" y="18.526001" />
            <StandardPrimitiveRef id="RECTANGLE_670552X631180" />
            <PinRef componentRef="C3" pin="1" />
          </LayerPad>
          <LayerPad layerRef="Top Layer">
            <Xform />
            <Location x="34.036" y="18.526001" />
            <StandardPrimitiveRef id="RECTANGLE_590552X551180" />
            <PinRef componentRef="C3" pin="1" />
          </LayerPad>
        </PadStack>
        <PadStack net="+12">
          <LayerPad layerRef="Top Paste">
            <Xform rotation="180" />
            <Location x="9.906" y="17.167101" />
            <StandardPrimitiveRef id="RECTANGLE_590552X551180" />
            <PinRef componentRef="C4" pin="2" />
          </LayerPad>
          <LayerPad layerRef="Top Solder">
            <Xform rotation="180" />
            <Location x="9.906" y="17.167101" />
            <StandardPrimitiveRef id="RECTANGLE_670552X631180" />
            <PinRef componentRef="C4" pin="2" />
          </LayerPad>
          <LayerPad layerRef="Top Layer">
            <Xform rotation="180" />
            <Location x="9.906" y="17.167101" />
            <StandardPrimitiveRef id="RECTANGLE_590552X551180" />
            <PinRef componentRef="C4" pin="2" />
          </LayerPad>
        </PadStack>
        <PadStack net="GND">
          <LayerPad layerRef="Top Paste">
            <Xform rotation="180" />
            <Location x="9.906" y="15.167099" />
            <StandardPrimitiveRef id="RECTANGLE_590552X551180" />
            <PinRef componentRef="C4" pin="1" />
          </LayerPad>
          <LayerPad layerRef="Top Solder">
            <Xform rotation="180" />
            <Location x="9.906" y="15.167099" />
            <StandardPrimitiveRef id="RECTANGLE_670552X631180" />
            <PinRef componentRef="C4" pin="1" />
          </LayerPad>
          <LayerPad layerRef="Top Layer">
            <Xform rotation="180" />
            <Location x="9.906" y="15.167099" />
            <StandardPrimitiveRef id="RECTANGLE_590552X551180" />
            <PinRef componentRef="C4" pin="1" />
          </LayerPad>
        </PadStack>
        <PadStack net="+12">
          <LayerPad layerRef="Top Paste">
            <Xform />
            <Location x="42.466001" y="39.751" />
            <StandardPrimitiveRef id="RECTANGLE_275592X2661416" />
            <PinRef componentRef="D1" pin="1" />
          </LayerPad>
          <LayerPad layerRef="Top Solder">
            <Xform />
            <Location x="42.466001" y="39.751" />
            <StandardPrimitiveRef id="RECTANGLE_355592X2741416" />
            <PinRef componentRef="D1" pin="1" />
          </LayerPad>
          <LayerPad layerRef="Top Layer">
            <Xform />
            <Location x="42.466001" y="39.751" />
            <StandardPrimitiveRef id="RECTANGLE_275592X2661416" />
            <PinRef componentRef="D1" pin="1" />
          </LayerPad>
        </PadStack>
        <PadStack net="GND">
          <LayerPad layerRef="Top Paste">
            <Xform />
            <Location x="48.465999" y="39.751" />
            <StandardPrimitiveRef id="RECTANGLE_275592X2661416" />
            <PinRef componentRef="D1" pin="2" />
          </LayerPad>
          <LayerPad layerRef="Top Solder">
            <Xform />
            <Location x="48.465999" y="39.751" />
            <StandardPrimitiveRef id="RECTANGLE_355592X2741416" />
            <PinRef componentRef="D1" pin="2" />
          </LayerPad>
          <LayerPad layerRef="Top Layer">
            <Xform />
            <Location x="48.465999" y="39.751" />
            <StandardPrimitiveRef id="RECTANGLE_275592X2661416" />
            <PinRef componentRef="D1" pin="2" />
          </LayerPad>
        </PadStack>
        <PadStack net="GND">
          <LayerPad layerRef="Top Paste">
            <Xform />
            <Location x="45.466" y="39.751" />
            <StandardPrimitiveRef id="RECTANGLE_1535432X2661416" />
            <PinRef componentRef="D1" pin="3" />
          </LayerPad>
          <LayerPad layerRef="Top Solder">
            <Xform />
            <Location x="45.466" y="39.751" />
            <StandardPrimitiveRef id="RECTANGLE_1615432X2741416" />
            <PinRef componentRef="D1" pin="3" />
          </LayerPad>
          <LayerPad layerRef="Top Layer">
            <Xform />
            <Location x="45.466" y="39.751" />
            <StandardPrimitiveRef id="RECTANGLE_1535432X2661416" />
            <PinRef componentRef="D1" pin="3" />
          </LayerPad>
        </PadStack>
        <PadStack net="NetR1_1">
          <LayerPad layerRef="Top Paste">
            <Xform />
            <Location x="29.591003" y="17.240999" />
            <StandardPrimitiveRef id="RECTANGLE_118110X196850" />
            <PinRef componentRef="R1" pin="1" />
          </LayerPad>
          <LayerPad layerRef="Top Solder">
            <Xform />
            <Location x="29.591003" y="17.240999" />
            <StandardPrimitiveRef id="RECTANGLE_198110X276850" />
            <PinRef componentRef="R1" pin="1" />
          </LayerPad>
          <LayerPad layerRef="Top Layer">
            <Xform />
            <Location x="29.591003" y="17.240999" />
            <StandardPrimitiveRef id="RECTANGLE_118110X196850" />
            <PinRef componentRef="R1" pin="1" />
          </LayerPad>
        </PadStack>
        <PadStack net="+5">
          <LayerPad layerRef="Top Paste">
            <Xform />
            <Location x="29.591003" y="16.540998" />
            <StandardPrimitiveRef id="RECTANGLE_118110X196850" />
            <PinRef componentRef="R1" pin="2" />
          </LayerPad>
          <LayerPad layerRef="Top Solder">
            <Xform />
            <Location x="29.591003" y="16.540998" />
            <StandardPrimitiveRef id="RECTANGLE_198110X276850" />
            <PinRef componentRef="R1" pin="2" />
          </LayerPad>
          <LayerPad layerRef="Top Layer">
            <Xform />
            <Location x="29.591003" y="16.540998" />
            <StandardPrimitiveRef id="RECTANGLE_118110X196850" />
            <PinRef componentRef="R1" pin="2" />
          </LayerPad>
        </PadStack>
        <PadStack net="+5">
          <LayerPad layerRef="Top Solder">
            <Xform rotation="90" />
            <Location x="46.736" y="3.556" />
            <StandardPrimitiveRef id="CIRCLE_680000" />
            <PinRef componentRef="JP3" pin="8" />
          </LayerPad>
          <LayerPad layerRef="Top Layer">
            <Xform rotation="90" />
            <Location x="46.736" y="3.556" />
            <StandardPrimitiveRef id="CIRCLE_600000" />
            <PinRef componentRef="JP3" pin="8" />
          </LayerPad>
          <LayerPad layerRef="Bottom Layer">
            <Xform rotation="90" />
            <Location x="46.736" y="3.556" />
            <StandardPrimitiveRef id="CIRCLE_600000" />
            <PinRef componentRef="JP3" pin="8" />
          </LayerPad>
          <LayerPad layerRef="Bottom Solder">
            <Xform rotation="90" />
            <Location x="46.736" y="3.556" />
            <StandardPrimitiveRef id="CIRCLE_680000" />
            <PinRef componentRef="JP3" pin="8" />
          </LayerPad>
        </PadStack>
        <PadStack net="GND">
          <LayerPad layerRef="Top Solder">
            <Xform rotation="90" />
            <Location x="44.196" y="3.556" />
            <StandardPrimitiveRef id="CIRCLE_680000" />
            <PinRef componentRef="JP3" pin="7" />
          </LayerPad>
          <LayerPad layerRef="Top Layer">
            <Xform rotation="90" />
            <Location x="44.196" y="3.556" />
            <StandardPrimitiveRef id="CIRCLE_600000" />
            <PinRef componentRef="JP3" pin="7" />
          </LayerPad>
          <LayerPad layerRef="Bottom Layer">
            <Xform rotation="90" />
            <Location x="44.196" y="3.556" />
            <StandardPrimitiveRef id="CIRCLE_600000" />
            <PinRef componentRef="JP3" pin="7" />
          </LayerPad>
          <LayerPad layerRef="Bottom Solder">
            <Xform rotation="90" />
            <Location x="44.196" y="3.556" />
            <StandardPrimitiveRef id="CIRCLE_680000" />
            <PinRef componentRef="JP3" pin="7" />
          </LayerPad>
        </PadStack>
        <PadStack net="GND">
          <LayerPad layerRef="Top Solder">
            <Xform rotation="90" />
            <Location x="41.656" y="3.556" />
            <StandardPrimitiveRef id="CIRCLE_680000" />
            <PinRef componentRef="JP3" pin="6" />
          </LayerPad>
          <LayerPad layerRef="Top Layer">
            <Xform rotation="90" />
            <Location x="41.656" y="3.556" />
            <StandardPrimitiveRef id="CIRCLE_600000" />
            <PinRef componentRef="JP3" pin="6" />
          </LayerPad>
          <LayerPad layerRef="Bottom Layer">
            <Xform rotation="90" />
            <Location x="41.656" y="3.556" />
            <StandardPrimitiveRef id="CIRCLE_600000" />
            <PinRef componentRef="JP3" pin="6" />
          </LayerPad>
          <LayerPad layerRef="Bottom Solder">
            <Xform rotation="90" />
            <Location x="41.656" y="3.556" />
            <StandardPrimitiveRef id="CIRCLE_680000" />
            <PinRef componentRef="JP3" pin="6" />
          </LayerPad>
        </PadStack>
        <PadStack net="+5">
          <LayerPad layerRef="Top Solder">
            <Xform rotation="90" />
            <Location x="39.116" y="3.556" />
            <StandardPrimitiveRef id="CIRCLE_680000" />
            <PinRef componentRef="JP3" pin="5" />
          </LayerPad>
          <LayerPad layerRef="Top Layer">
            <Xform rotation="90" />
            <Location x="39.116" y="3.556" />
            <StandardPrimitiveRef id="CIRCLE_600000" />
            <PinRef componentRef="JP3" pin="5" />
          </LayerPad>
          <LayerPad layerRef="Bottom Layer">
            <Xform rotation="90" />
            <Location x="39.116" y="3.556" />
            <StandardPrimitiveRef id="CIRCLE_600000" />
            <PinRef componentRef="JP3" pin="5" />
          </LayerPad>
          <LayerPad layerRef="Bottom Solder">
            <Xform rotation="90" />
            <Location x="39.116" y="3.556" />
            <StandardPrimitiveRef id="CIRCLE_680000" />
            <PinRef componentRef="JP3" pin="5" />
          </LayerPad>
        </PadStack>
        <PadStack net="3.3 V">
          <LayerPad layerRef="Top Solder">
            <Xform rotation="90" />
            <Location x="36.576" y="3.556" />
            <StandardPrimitiveRef id="CIRCLE_680000" />
            <PinRef componentRef="JP3" pin="4" />
          </LayerPad>
          <LayerPad layerRef="Top Layer">
            <Xform rotation="90" />
            <Location x="36.576" y="3.556" />
            <StandardPrimitiveRef id="CIRCLE_600000" />
            <PinRef componentRef="JP3" pin="4" />
          </LayerPad>
          <LayerPad layerRef="Bottom Layer">
            <Xform rotation="90" />
            <Location x="36.576" y="3.556" />
            <StandardPrimitiveRef id="CIRCLE_600000" />
            <PinRef componentRef="JP3" pin="4" />
          </LayerPad>
          <LayerPad layerRef="Bottom Solder">
            <Xform rotation="90" />
            <Location x="36.576" y="3.556" />
            <StandardPrimitiveRef id="CIRCLE_680000" />
            <PinRef componentRef="JP3" pin="4" />
          </LayerPad>
        </PadStack>
        <PadStack net="RESET">
          <LayerPad layerRef="Top Solder">
            <Xform rotation="90" />
            <Location x="34.036" y="3.556" />
            <StandardPrimitiveRef id="CIRCLE_680000" />
            <PinRef componentRef="JP3" pin="3" />
          </LayerPad>
          <LayerPad layerRef="Top Layer">
            <Xform rotation="90" />
            <Location x="34.036" y="3.556" />
            <StandardPrimitiveRef id="CIRCLE_600000" />
            <PinRef componentRef="JP3" pin="3" />
          </LayerPad>
          <LayerPad layerRef="Bottom Layer">
            <Xform rotation="90" />
            <Location x="34.036" y="3.556" />
            <StandardPrimitiveRef id="CIRCLE_600000" />
            <PinRef componentRef="JP3" pin="3" />
          </LayerPad>
          <LayerPad layerRef="Bottom Solder">
            <Xform rotation="90" />
            <Location x="34.036" y="3.556" />
            <StandardPrimitiveRef id="CIRCLE_680000" />
            <PinRef componentRef="JP3" pin="3" />
          </LayerPad>
        </PadStack>
        <PadStack net="IOREF">
          <LayerPad layerRef="Top Solder">
            <Xform rotation="90" />
            <Location x="31.496" y="3.556" />
            <StandardPrimitiveRef id="CIRCLE_680000" />
            <PinRef componentRef="JP3" pin="2" />
          </LayerPad>
          <LayerPad layerRef="Top Layer">
            <Xform rotation="90" />
            <Location x="31.496" y="3.556" />
            <StandardPrimitiveRef id="CIRCLE_600000" />
            <PinRef componentRef="JP3" pin="2" />
          </LayerPad>
          <LayerPad layerRef="Bottom Layer">
            <Xform rotation="90" />
            <Location x="31.496" y="3.556" />
            <StandardPrimitiveRef id="CIRCLE_600000" />
            <PinRef componentRef="JP3" pin="2" />
          </LayerPad>
          <LayerPad layerRef="Bottom Solder">
            <Xform rotation="90" />
            <Location x="31.496" y="3.556" />
            <StandardPrimitiveRef id="CIRCLE_680000" />
            <PinRef componentRef="JP3" pin="2" />
          </LayerPad>
        </PadStack>
        <PadStack net="N-C">
          <LayerPad layerRef="Top Solder">
            <Xform rotation="90" />
            <Location x="28.956" y="3.556" />
            <StandardPrimitiveRef id="RECTANGLE_680000X680000" />
            <PinRef componentRef="JP3" pin="1" />
          </LayerPad>
          <LayerPad layerRef="Top Layer">
            <Xform rotation="90" />
            <Location x="28.956" y="3.556" />
            <StandardPrimitiveRef id="RECTANGLE_600000X600000" />
            <PinRef componentRef="JP3" pin="1" />
          </LayerPad>
          <LayerPad layerRef="Bottom Layer">
            <Xform rotation="90" />
            <Location x="28.956" y="3.556" />
            <StandardPrimitiveRef id="RECTANGLE_600000X600000" />
            <PinRef componentRef="JP3" pin="1" />
          </LayerPad>
          <LayerPad layerRef="Bottom Solder">
            <Xform rotation="90" />
            <Location x="28.956" y="3.556" />
            <StandardPrimitiveRef id="RECTANGLE_680000X680000" />
            <PinRef componentRef="JP3" pin="1" />
          </LayerPad>
        </PadStack>
        <PadStack net="A1">
          <LayerPad layerRef="Top Solder">
            <Xform rotation="90" />
            <Location x="54.356" y="3.556" />
            <StandardPrimitiveRef id="CIRCLE_680000" />
            <PinRef componentRef="JP1" pin="2" />
          </LayerPad>
          <LayerPad layerRef="Top Layer">
            <Xform rotation="90" />
            <Location x="54.356" y="3.556" />
            <StandardPrimitiveRef id="CIRCLE_600000" />
            <PinRef componentRef="JP1" pin="2" />
          </LayerPad>
          <LayerPad layerRef="Bottom Layer">
            <Xform rotation="90" />
            <Location x="54.356" y="3.556" />
            <StandardPrimitiveRef id="CIRCLE_600000" />
            <PinRef componentRef="JP1" pin="2" />
          </LayerPad>
          <LayerPad layerRef="Bottom Solder">
            <Xform rotation="90" />
            <Location x="54.356" y="3.556" />
            <StandardPrimitiveRef id="CIRCLE_680000" />
            <PinRef componentRef="JP1" pin="2" />
          </LayerPad>
        </PadStack>
        <PadStack net="A5">
          <LayerPad layerRef="Top Solder">
            <Xform rotation="90" />
            <Location x="64.516" y="3.556" />
            <StandardPrimitiveRef id="CIRCLE_680000" />
            <PinRef componentRef="JP1" pin="6" />
          </LayerPad>
          <LayerPad layerRef="Top Layer">
            <Xform rotation="90" />
            <Location x="64.516" y="3.556" />
            <StandardPrimitiveRef id="CIRCLE_600000" />
            <PinRef componentRef="JP1" pin="6" />
          </LayerPad>
          <LayerPad layerRef="Bottom Layer">
            <Xform rotation="90" />
            <Location x="64.516" y="3.556" />
            <StandardPrimitiveRef id="CIRCLE_600000" />
            <PinRef componentRef="JP1" pin="6" />
          </LayerPad>
          <LayerPad layerRef="Bottom Solder">
            <Xform rotation="90" />
            <Location x="64.516" y="3.556" />
            <StandardPrimitiveRef id="CIRCLE_680000" />
            <PinRef componentRef="JP1" pin="6" />
          </LayerPad>
        </PadStack>
        <PadStack net="A4">
          <LayerPad layerRef="Top Solder">
            <Xform rotation="90" />
            <Location x="61.976" y="3.556" />
            <StandardPrimitiveRef id="CIRCLE_680000" />
            <PinRef componentRef="JP1" pin="5" />
          </LayerPad>
          <LayerPad layerRef="Top Layer">
            <Xform rotation="90" />
            <Location x="61.976" y="3.556" />
            <StandardPrimitiveRef id="CIRCLE_600000" />
            <PinRef componentRef="JP1" pin="5" />
          </LayerPad>
          <LayerPad layerRef="Bottom Layer">
            <Xform rotation="90" />
            <Location x="61.976" y="3.556" />
            <StandardPrimitiveRef id="CIRCLE_600000" />
            <PinRef componentRef="JP1" pin="5" />
          </LayerPad>
          <LayerPad layerRef="Bottom Solder">
            <Xform rotation="90" />
            <Location x="61.976" y="3.556" />
            <StandardPrimitiveRef id="CIRCLE_680000" />
            <PinRef componentRef="JP1" pin="5" />
          </LayerPad>
        </PadStack>
        <PadStack net="A3">
          <LayerPad layerRef="Top Solder">
            <Xform rotation="90" />
            <Location x="59.436" y="3.556" />
            <StandardPrimitiveRef id="CIRCLE_680000" />
            <PinRef componentRef="JP1" pin="4" />
          </LayerPad>
          <LayerPad layerRef="Top Layer">
            <Xform rotation="90" />
            <Location x="59.436" y="3.556" />
            <StandardPrimitiveRef id="CIRCLE_600000" />
            <PinRef componentRef="JP1" pin="4" />
          </LayerPad>
          <LayerPad layerRef="Bottom Layer">
            <Xform rotation="90" />
            <Location x="59.436" y="3.556" />
            <StandardPrimitiveRef id="CIRCLE_600000" />
            <PinRef componentRef="JP1" pin="4" />
          </LayerPad>
          <LayerPad layerRef="Bottom Solder">
            <Xform rotation="90" />
            <Location x="59.436" y="3.556" />
            <StandardPrimitiveRef id="CIRCLE_680000" />
            <PinRef componentRef="JP1" pin="4" />
          </LayerPad>
        </PadStack>
        <PadStack net="A2">
          <LayerPad layerRef="Top Solder">
            <Xform rotation="90" />
            <Location x="56.896" y="3.556" />
            <StandardPrimitiveRef id="CIRCLE_680000" />
            <PinRef componentRef="JP1" pin="3" />
          </LayerPad>
          <LayerPad layerRef="Top Layer">
            <Xform rotation="90" />
            <Location x="56.896" y="3.556" />
            <StandardPrimitiveRef id="CIRCLE_600000" />
            <PinRef componentRef="JP1" pin="3" />
          </LayerPad>
          <LayerPad layerRef="Bottom Layer">
            <Xform rotation="90" />
            <Location x="56.896" y="3.556" />
            <StandardPrimitiveRef id="CIRCLE_600000" />
            <PinRef componentRef="JP1" pin="3" />
          </LayerPad>
          <LayerPad layerRef="Bottom Solder">
            <Xform rotation="90" />
            <Location x="56.896" y="3.556" />
            <StandardPrimitiveRef id="CIRCLE_680000" />
            <PinRef componentRef="JP1" pin="3" />
          </LayerPad>
        </PadStack>
        <PadStack net="A0">
          <LayerPad layerRef="Top Solder">
            <Xform rotation="90" />
            <Location x="51.816" y="3.556" />
            <StandardPrimitiveRef id="RECTANGLE_680000X680000" />
            <PinRef componentRef="JP1" pin="1" />
          </LayerPad>
          <LayerPad layerRef="Top Layer">
            <Xform rotation="90" />
            <Location x="51.816" y="3.556" />
            <StandardPrimitiveRef id="RECTANGLE_600000X600000" />
            <PinRef componentRef="JP1" pin="1" />
          </LayerPad>
          <LayerPad layerRef="Bottom Layer">
            <Xform rotation="90" />
            <Location x="51.816" y="3.556" />
            <StandardPrimitiveRef id="RECTANGLE_600000X600000" />
            <PinRef componentRef="JP1" pin="1" />
          </LayerPad>
          <LayerPad layerRef="Bottom Solder">
            <Xform rotation="90" />
            <Location x="51.816" y="3.556" />
            <StandardPrimitiveRef id="RECTANGLE_680000X680000" />
            <PinRef componentRef="JP1" pin="1" />
          </LayerPad>
        </PadStack>
        <PadStack net="D8">
          <LayerPad layerRef="Top Solder">
            <Xform rotation="90" />
            <Location x="41.656" y="51.816" />
            <StandardPrimitiveRef id="CIRCLE_680000" />
            <PinRef componentRef="JP4" pin="10" />
          </LayerPad>
          <LayerPad layerRef="Top Layer">
            <Xform rotation="90" />
            <Location x="41.656" y="51.816" />
            <StandardPrimitiveRef id="CIRCLE_600000" />
            <PinRef componentRef="JP4" pin="10" />
          </LayerPad>
          <LayerPad layerRef="Bottom Layer">
            <Xform rotation="90" />
            <Location x="41.656" y="51.816" />
            <StandardPrimitiveRef id="CIRCLE_600000" />
            <PinRef componentRef="JP4" pin="10" />
          </LayerPad>
          <LayerPad layerRef="Bottom Solder">
            <Xform rotation="90" />
            <Location x="41.656" y="51.816" />
            <StandardPrimitiveRef id="CIRCLE_680000" />
            <PinRef componentRef="JP4" pin="10" />
          </LayerPad>
        </PadStack>
        <PadStack net="D9">
          <LayerPad layerRef="Top Solder">
            <Xform rotation="90" />
            <Location x="39.116" y="51.816" />
            <StandardPrimitiveRef id="CIRCLE_680000" />
            <PinRef componentRef="JP4" pin="9" />
          </LayerPad>
          <LayerPad layerRef="Top Layer">
            <Xform rotation="90" />
            <Location x="39.116" y="51.816" />
            <StandardPrimitiveRef id="CIRCLE_600000" />
            <PinRef componentRef="JP4" pin="9" />
          </LayerPad>
          <LayerPad layerRef="Bottom Layer">
            <Xform rotation="90" />
            <Location x="39.116" y="51.816" />
            <StandardPrimitiveRef id="CIRCLE_600000" />
            <PinRef componentRef="JP4" pin="9" />
          </LayerPad>
          <LayerPad layerRef="Bottom Solder">
            <Xform rotation="90" />
            <Location x="39.116" y="51.816" />
            <StandardPrimitiveRef id="CIRCLE_680000" />
            <PinRef componentRef="JP4" pin="9" />
          </LayerPad>
        </PadStack>
        <PadStack net="D10">
          <LayerPad layerRef="Top Solder">
            <Xform rotation="90" />
            <Location x="36.576" y="51.816" />
            <StandardPrimitiveRef id="CIRCLE_680000" />
            <PinRef componentRef="JP4" pin="8" />
          </LayerPad>
          <LayerPad layerRef="Top Layer">
            <Xform rotation="90" />
            <Location x="36.576" y="51.816" />
            <StandardPrimitiveRef id="CIRCLE_600000" />
            <PinRef componentRef="JP4" pin="8" />
          </LayerPad>
          <LayerPad layerRef="Bottom Layer">
            <Xform rotation="90" />
            <Location x="36.576" y="51.816" />
            <StandardPrimitiveRef id="CIRCLE_600000" />
            <PinRef componentRef="JP4" pin="8" />
          </LayerPad>
          <LayerPad layerRef="Bottom Solder">
            <Xform rotation="90" />
            <Location x="36.576" y="51.816" />
            <StandardPrimitiveRef id="CIRCLE_680000" />
            <PinRef componentRef="JP4" pin="8" />
          </LayerPad>
        </PadStack>
        <PadStack net="D11">
          <LayerPad layerRef="Top Solder">
            <Xform rotation="90" />
            <Location x="34.036" y="51.816" />
            <StandardPrimitiveRef id="CIRCLE_680000" />
            <PinRef componentRef="JP4" pin="7" />
          </LayerPad>
          <LayerPad layerRef="Top Layer">
            <Xform rotation="90" />
            <Location x="34.036" y="51.816" />
            <StandardPrimitiveRef id="CIRCLE_600000" />
            <PinRef componentRef="JP4" pin="7" />
          </LayerPad>
          <LayerPad layerRef="Bottom Layer">
            <Xform rotation="90" />
            <Location x="34.036" y="51.816" />
            <StandardPrimitiveRef id="CIRCLE_600000" />
            <PinRef componentRef="JP4" pin="7" />
          </LayerPad>
          <LayerPad layerRef="Bottom Solder">
            <Xform rotation="90" />
            <Location x="34.036" y="51.816" />
            <StandardPrimitiveRef id="CIRCLE_680000" />
            <PinRef componentRef="JP4" pin="7" />
          </LayerPad>
        </PadStack>
        <PadStack net="D12">
          <LayerPad layerRef="Top Solder">
            <Xform rotation="90" />
            <Location x="31.496" y="51.816" />
            <StandardPrimitiveRef id="CIRCLE_680000" />
            <PinRef componentRef="JP4" pin="6" />
          </LayerPad>
          <LayerPad layerRef="Top Layer">
            <Xform rotation="90" />
            <Location x="31.496" y="51.816" />
            <StandardPrimitiveRef id="CIRCLE_600000" />
            <PinRef componentRef="JP4" pin="6" />
          </LayerPad>
          <LayerPad layerRef="Bottom Layer">
            <Xform rotation="90" />
            <Location x="31.496" y="51.816" />
            <StandardPrimitiveRef id="CIRCLE_600000" />
            <PinRef componentRef="JP4" pin="6" />
          </LayerPad>
          <LayerPad layerRef="Bottom Solder">
            <Xform rotation="90" />
            <Location x="31.496" y="51.816" />
            <StandardPrimitiveRef id="CIRCLE_680000" />
            <PinRef componentRef="JP4" pin="6" />
          </LayerPad>
        </PadStack>
        <PadStack net="D13">
          <LayerPad layerRef="Top Solder">
            <Xform rotation="90" />
            <Location x="28.956" y="51.816" />
            <StandardPrimitiveRef id="CIRCLE_680000" />
            <PinRef componentRef="JP4" pin="5" />
          </LayerPad>
          <LayerPad layerRef="Top Layer">
            <Xform rotation="90" />
            <Location x="28.956" y="51.816" />
            <StandardPrimitiveRef id="CIRCLE_600000" />
            <PinRef componentRef="JP4" pin="5" />
          </LayerPad>
          <LayerPad layerRef="Bottom Layer">
            <Xform rotation="90" />
            <Location x="28.956" y="51.816" />
            <StandardPrimitiveRef id="CIRCLE_600000" />
            <PinRef componentRef="JP4" pin="5" />
          </LayerPad>
          <LayerPad layerRef="Bottom Solder">
            <Xform rotation="90" />
            <Location x="28.956" y="51.816" />
            <StandardPrimitiveRef id="CIRCLE_680000" />
            <PinRef componentRef="JP4" pin="5" />
          </LayerPad>
        </PadStack>
        <PadStack net="GND">
          <LayerPad layerRef="Top Solder">
            <Xform rotation="90" />
            <Location x="26.416" y="51.816" />
            <StandardPrimitiveRef id="CIRCLE_680000" />
            <PinRef componentRef="JP4" pin="4" />
          </LayerPad>
          <LayerPad layerRef="Top Layer">
            <Xform rotation="90" />
            <Location x="26.416" y="51.816" />
            <StandardPrimitiveRef id="CIRCLE_600000" />
            <PinRef componentRef="JP4" pin="4" />
          </LayerPad>
          <LayerPad layerRef="Bottom Layer">
            <Xform rotation="90" />
            <Location x="26.416" y="51.816" />
            <StandardPrimitiveRef id="CIRCLE_600000" />
            <PinRef componentRef="JP4" pin="4" />
          </LayerPad>
          <LayerPad layerRef="Bottom Solder">
            <Xform rotation="90" />
            <Location x="26.416" y="51.816" />
            <StandardPrimitiveRef id="CIRCLE_680000" />
            <PinRef componentRef="JP4" pin="4" />
          </LayerPad>
        </PadStack>
        <PadStack net="AREF">
          <LayerPad layerRef="Top Solder">
            <Xform rotation="90" />
            <Location x="23.876" y="51.816" />
            <StandardPrimitiveRef id="CIRCLE_680000" />
            <PinRef componentRef="JP4" pin="3" />
          </LayerPad>
          <LayerPad layerRef="Top Layer">
            <Xform rotation="90" />
            <Location x="23.876" y="51.816" />
            <StandardPrimitiveRef id="CIRCLE_600000" />
            <PinRef componentRef="JP4" pin="3" />
          </LayerPad>
          <LayerPad layerRef="Bottom Layer">
            <Xform rotation="90" />
            <Location x="23.876" y="51.816" />
            <StandardPrimitiveRef id="CIRCLE_600000" />
            <PinRef componentRef="JP4" pin="3" />
          </LayerPad>
          <LayerPad layerRef="Bottom Solder">
            <Xform rotation="90" />
            <Location x="23.876" y="51.816" />
            <StandardPrimitiveRef id="CIRCLE_680000" />
            <PinRef componentRef="JP4" pin="3" />
          </LayerPad>
        </PadStack>
        <PadStack net="A5">
          <LayerPad layerRef="Top Solder">
            <Xform rotation="90" />
            <Location x="21.336" y="51.816" />
            <StandardPrimitiveRef id="CIRCLE_680000" />
            <PinRef componentRef="JP4" pin="2" />
          </LayerPad>
          <LayerPad layerRef="Top Layer">
            <Xform rotation="90" />
            <Location x="21.336" y="51.816" />
            <StandardPrimitiveRef id="CIRCLE_600000" />
            <PinRef componentRef="JP4" pin="2" />
          </LayerPad>
          <LayerPad layerRef="Bottom Layer">
            <Xform rotation="90" />
            <Location x="21.336" y="51.816" />
            <StandardPrimitiveRef id="CIRCLE_600000" />
            <PinRef componentRef="JP4" pin="2" />
          </LayerPad>
          <LayerPad layerRef="Bottom Solder">
            <Xform rotation="90" />
            <Location x="21.336" y="51.816" />
            <StandardPrimitiveRef id="CIRCLE_680000" />
            <PinRef componentRef="JP4" pin="2" />
          </LayerPad>
        </PadStack>
        <PadStack net="A4">
          <LayerPad layerRef="Top Solder">
            <Xform rotation="90" />
            <Location x="18.796" y="51.816" />
            <StandardPrimitiveRef id="RECTANGLE_680000X680000" />
            <PinRef componentRef="JP4" pin="1" />
          </LayerPad>
          <LayerPad layerRef="Top Layer">
            <Xform rotation="90" />
            <Location x="18.796" y="51.816" />
            <StandardPrimitiveRef id="RECTANGLE_600000X600000" />
            <PinRef componentRef="JP4" pin="1" />
          </LayerPad>
          <LayerPad layerRef="Bottom Layer">
            <Xform rotation="90" />
            <Location x="18.796" y="51.816" />
            <StandardPrimitiveRef id="RECTANGLE_600000X600000" />
            <PinRef componentRef="JP4" pin="1" />
          </LayerPad>
          <LayerPad layerRef="Bottom Solder">
            <Xform rotation="90" />
            <Location x="18.796" y="51.816" />
            <StandardPrimitiveRef id="RECTANGLE_680000X680000" />
            <PinRef componentRef="JP4" pin="1" />
          </LayerPad>
        </PadStack>
        <PadStack net="D0">
          <LayerPad layerRef="Top Solder">
            <Xform rotation="90" />
            <Location x="64.516" y="51.816" />
            <StandardPrimitiveRef id="CIRCLE_680000" />
            <PinRef componentRef="JP2" pin="8" />
          </LayerPad>
          <LayerPad layerRef="Top Layer">
            <Xform rotation="90" />
            <Location x="64.516" y="51.816" />
            <StandardPrimitiveRef id="CIRCLE_600000" />
            <PinRef componentRef="JP2" pin="8" />
          </LayerPad>
          <LayerPad layerRef="Bottom Layer">
            <Xform rotation="90" />
            <Location x="64.516" y="51.816" />
            <StandardPrimitiveRef id="CIRCLE_600000" />
            <PinRef componentRef="JP2" pin="8" />
          </LayerPad>
          <LayerPad layerRef="Bottom Solder">
            <Xform rotation="90" />
            <Location x="64.516" y="51.816" />
            <StandardPrimitiveRef id="CIRCLE_680000" />
            <PinRef componentRef="JP2" pin="8" />
          </LayerPad>
        </PadStack>
        <PadStack net="D1">
          <LayerPad layerRef="Top Solder">
            <Xform rotation="90" />
            <Location x="61.976" y="51.816" />
            <StandardPrimitiveRef id="CIRCLE_680000" />
            <PinRef componentRef="JP2" pin="7" />
          </LayerPad>
          <LayerPad layerRef="Top Layer">
            <Xform rotation="90" />
            <Location x="61.976" y="51.816" />
            <StandardPrimitiveRef id="CIRCLE_600000" />
            <PinRef componentRef="JP2" pin="7" />
          </LayerPad>
          <LayerPad layerRef="Bottom Layer">
            <Xform rotation="90" />
            <Location x="61.976" y="51.816" />
            <StandardPrimitiveRef id="CIRCLE_600000" />
            <PinRef componentRef="JP2" pin="7" />
          </LayerPad>
          <LayerPad layerRef="Bottom Solder">
            <Xform rotation="90" />
            <Location x="61.976" y="51.816" />
            <StandardPrimitiveRef id="CIRCLE_680000" />
            <PinRef componentRef="JP2" pin="7" />
          </LayerPad>
        </PadStack>
        <PadStack net="D2">
          <LayerPad layerRef="Top Solder">
            <Xform rotation="90" />
            <Location x="59.436" y="51.816" />
            <StandardPrimitiveRef id="CIRCLE_680000" />
            <PinRef componentRef="JP2" pin="6" />
          </LayerPad>
          <LayerPad layerRef="Top Layer">
            <Xform rotation="90" />
            <Location x="59.436" y="51.816" />
            <StandardPrimitiveRef id="CIRCLE_600000" />
            <PinRef componentRef="JP2" pin="6" />
          </LayerPad>
          <LayerPad layerRef="Bottom Layer">
            <Xform rotation="90" />
            <Location x="59.436" y="51.816" />
            <StandardPrimitiveRef id="CIRCLE_600000" />
            <PinRef componentRef="JP2" pin="6" />
          </LayerPad>
          <LayerPad layerRef="Bottom Solder">
            <Xform rotation="90" />
            <Location x="59.436" y="51.816" />
            <StandardPrimitiveRef id="CIRCLE_680000" />
            <PinRef componentRef="JP2" pin="6" />
          </LayerPad>
        </PadStack>
        <PadStack net="D3">
          <LayerPad layerRef="Top Solder">
            <Xform rotation="90" />
            <Location x="56.896" y="51.816" />
            <StandardPrimitiveRef id="CIRCLE_680000" />
            <PinRef componentRef="JP2" pin="5" />
          </LayerPad>
          <LayerPad layerRef="Top Layer">
            <Xform rotation="90" />
            <Location x="56.896" y="51.816" />
            <StandardPrimitiveRef id="CIRCLE_600000" />
            <PinRef componentRef="JP2" pin="5" />
          </LayerPad>
          <LayerPad layerRef="Bottom Layer">
            <Xform rotation="90" />
            <Location x="56.896" y="51.816" />
            <StandardPrimitiveRef id="CIRCLE_600000" />
            <PinRef componentRef="JP2" pin="5" />
          </LayerPad>
          <LayerPad layerRef="Bottom Solder">
            <Xform rotation="90" />
            <Location x="56.896" y="51.816" />
            <StandardPrimitiveRef id="CIRCLE_680000" />
            <PinRef componentRef="JP2" pin="5" />
          </LayerPad>
        </PadStack>
        <PadStack net="D4">
          <LayerPad layerRef="Top Solder">
            <Xform rotation="90" />
            <Location x="54.356" y="51.816" />
            <StandardPrimitiveRef id="CIRCLE_680000" />
            <PinRef componentRef="JP2" pin="4" />
          </LayerPad>
          <LayerPad layerRef="Top Layer">
            <Xform rotation="90" />
            <Location x="54.356" y="51.816" />
            <StandardPrimitiveRef id="CIRCLE_600000" />
            <PinRef componentRef="JP2" pin="4" />
          </LayerPad>
          <LayerPad layerRef="Bottom Layer">
            <Xform rotation="90" />
            <Location x="54.356" y="51.816" />
            <StandardPrimitiveRef id="CIRCLE_600000" />
            <PinRef componentRef="JP2" pin="4" />
          </LayerPad>
          <LayerPad layerRef="Bottom Solder">
            <Xform rotation="90" />
            <Location x="54.356" y="51.816" />
            <StandardPrimitiveRef id="CIRCLE_680000" />
            <PinRef componentRef="JP2" pin="4" />
          </LayerPad>
        </PadStack>
        <PadStack net="D5">
          <LayerPad layerRef="Top Solder">
            <Xform rotation="90" />
            <Location x="51.816" y="51.816" />
            <StandardPrimitiveRef id="CIRCLE_680000" />
            <PinRef componentRef="JP2" pin="3" />
          </LayerPad>
          <LayerPad layerRef="Top Layer">
            <Xform rotation="90" />
            <Location x="51.816" y="51.816" />
            <StandardPrimitiveRef id="CIRCLE_600000" />
            <PinRef componentRef="JP2" pin="3" />
          </LayerPad>
          <LayerPad layerRef="Bottom Layer">
            <Xform rotation="90" />
            <Location x="51.816" y="51.816" />
            <StandardPrimitiveRef id="CIRCLE_600000" />
            <PinRef componentRef="JP2" pin="3" />
          </LayerPad>
          <LayerPad layerRef="Bottom Solder">
            <Xform rotation="90" />
            <Location x="51.816" y="51.816" />
            <StandardPrimitiveRef id="CIRCLE_680000" />
            <PinRef componentRef="JP2" pin="3" />
          </LayerPad>
        </PadStack>
        <PadStack net="D6">
          <LayerPad layerRef="Top Solder">
            <Xform rotation="90" />
            <Location x="49.276" y="51.816" />
            <StandardPrimitiveRef id="CIRCLE_680000" />
            <PinRef componentRef="JP2" pin="2" />
          </LayerPad>
          <LayerPad layerRef="Top Layer">
            <Xform rotation="90" />
            <Location x="49.276" y="51.816" />
            <StandardPrimitiveRef id="CIRCLE_600000" />
            <PinRef componentRef="JP2" pin="2" />
          </LayerPad>
          <LayerPad layerRef="Bottom Layer">
            <Xform rotation="90" />
            <Location x="49.276" y="51.816" />
            <StandardPrimitiveRef id="CIRCLE_600000" />
            <PinRef componentRef="JP2" pin="2" />
          </LayerPad>
          <LayerPad layerRef="Bottom Solder">
            <Xform rotation="90" />
            <Location x="49.276" y="51.816" />
            <StandardPrimitiveRef id="CIRCLE_680000" />
            <PinRef componentRef="JP2" pin="2" />
          </LayerPad>
        </PadStack>
        <PadStack net="D7">
          <LayerPad layerRef="Top Solder">
            <Xform rotation="90" />
            <Location x="46.736" y="51.816" />
            <StandardPrimitiveRef id="RECTANGLE_680000X680000" />
            <PinRef componentRef="JP2" pin="1" />
          </LayerPad>
          <LayerPad layerRef="Top Layer">
            <Xform rotation="90" />
            <Location x="46.736" y="51.816" />
            <StandardPrimitiveRef id="RECTANGLE_600000X600000" />
            <PinRef componentRef="JP2" pin="1" />
          </LayerPad>
          <LayerPad layerRef="Bottom Layer">
            <Xform rotation="90" />
            <Location x="46.736" y="51.816" />
            <StandardPrimitiveRef id="RECTANGLE_600000X600000" />
            <PinRef componentRef="JP2" pin="1" />
          </LayerPad>
          <LayerPad layerRef="Bottom Solder">
            <Xform rotation="90" />
            <Location x="46.736" y="51.816" />
            <StandardPrimitiveRef id="RECTANGLE_680000X680000" />
            <PinRef componentRef="JP2" pin="1" />
          </LayerPad>
        </PadStack>
        <PadStack net="GND">
          <LayerHole name="3 Hole" diameter="1.524" platingStatus="PLATED" plusTol="0.0762" minusTol="0.0762" x="3.556" y="26.416">
            <Span fromLayer="Top Layer" toLayer="Bottom Layer" />
          </LayerHole>
          <LayerPad layerRef="Top Solder">
            <Xform />
            <Location x="3.556" y="26.416" />
            <StandardPrimitiveRef id="CIRCLE_1080000" />
          </LayerPad>
          <LayerPad layerRef="Top Layer">
            <Xform />
            <Location x="3.556" y="26.416" />
            <StandardPrimitiveRef id="CIRCLE_1000000" />
          </LayerPad>
          <LayerPad layerRef="Bottom Layer">
            <Xform />
            <Location x="3.556" y="26.416" />
            <StandardPrimitiveRef id="CIRCLE_1000000" />
          </LayerPad>
          <LayerPad layerRef="Bottom Solder">
            <Xform />
            <Location x="3.556" y="26.416" />
            <StandardPrimitiveRef id="CIRCLE_1080000" />
          </LayerPad>
        </PadStack>
        <PadStack net="+12">
          <LayerHole name="2 Hole" diameter="1.524" platingStatus="PLATED" plusTol="0.0762" minusTol="0.0762" x="3.556" y="31.496">
            <Span fromLayer="Top Layer" toLayer="Bottom Layer" />
          </LayerHole>
          <LayerPad layerRef="Top Solder">
            <Xform />
            <Location x="3.556" y="31.496" />
            <StandardPrimitiveRef id="CIRCLE_1080000" />
          </LayerPad>
          <LayerPad layerRef="Top Layer">
            <Xform />
            <Location x="3.556" y="31.496" />
            <StandardPrimitiveRef id="CIRCLE_1000000" />
          </LayerPad>
          <LayerPad layerRef="Bottom Layer">
            <Xform />
            <Location x="3.556" y="31.496" />
            <StandardPrimitiveRef id="CIRCLE_1000000" />
          </LayerPad>
          <LayerPad layerRef="Bottom Solder">
            <Xform />
            <Location x="3.556" y="31.496" />
            <StandardPrimitiveRef id="CIRCLE_1080000" />
          </LayerPad>
        </PadStack>
        <Package name="TPS562200DDCR" type="OTHER" pinOneOrientation="LOWER_LEFT" height="0.970001">
          <Outline>
            <Polygon>
              <PolyBegin x="-0.003" y="-2.339" />
              <PolyStepSegment x="2.797" y="-2.339" />
              <PolyStepSegment x="2.797" y="0.561" />
              <PolyStepSegment x="-0.003" y="0.561" />
              <PolyStepSegment x="-0.003" y="-2.339" />
            </Polygon>
            <LineDesc lineEnd="NONE" lineWidth="0" lineProperty="SOLID" />
          </Outline>
          <Pin number="1" name="1" type="SURFACE" electricalType="ELECTRICAL" mountType="SURFACE_MOUNT_PIN">
            <Location x="0" y="0" />
            <StandardPrimitiveRef id="RECTANGLE_513072X316220" />
          </Pin>
          <Pin number="2" name="2" type="SURFACE" electricalType="ELECTRICAL" mountType="SURFACE_MOUNT_PIN">
            <Location x="0" y="-0.950001" />
            <StandardPrimitiveRef id="RECTANGLE_513072X316220" />
          </Pin>
          <Pin number="3" name="3" type="SURFACE" electricalType="ELECTRICAL" mountType="SURFACE_MOUNT_PIN">
            <Location x="0" y="-1.900001" />
            <StandardPrimitiveRef id="RECTANGLE_513072X316220" />
          </Pin>
          <Pin number="6" name="6" type="SURFACE" electricalType="ELECTRICAL" mountType="SURFACE_MOUNT_PIN">
            <Location x="2.7" y="0" />
            <StandardPrimitiveRef id="RECTANGLE_513072X316220" />
          </Pin>
          <Pin number="5" name="5" type="SURFACE" electricalType="ELECTRICAL" mountType="SURFACE_MOUNT_PIN">
            <Location x="2.7" y="-0.950001" />
            <StandardPrimitiveRef id="RECTANGLE_513072X316220" />
          </Pin>
          <Pin number="4" name="4" type="SURFACE" electricalType="ELECTRICAL" mountType="SURFACE_MOUNT_PIN">
            <Location x="2.7" y="-1.900001" />
            <StandardPrimitiveRef id="RECTANGLE_513072X316220" />
          </Pin>
        </Package>
        <Package name="0603" type="OTHER" pinOneOrientation="LOWER_LEFT" height="0.549999">
          <Outline>
            <Polygon>
              <PolyBegin x="-0.325001" y="-0.175001" />
              <PolyStepSegment x="0.325001" y="-0.175001" />
              <PolyStepSegment x="0.325001" y="0.175001" />
              <PolyStepSegment x="-0.325001" y="0.175001" />
              <PolyStepSegment x="-0.325001" y="-0.175001" />
            </Polygon>
            <LineDesc lineEnd="NONE" lineWidth="0" lineProperty="SOLID" />
          </Outline>
          <Pin number="2" name="2" type="SURFACE" electricalType="ELECTRICAL" mountType="SURFACE_MOUNT_PIN">
            <Location x="0.350002" y="3E-06" />
            <StandardPrimitiveRef id="RECTANGLE_276850X198110" />
          </Pin>
          <Pin number="1" name="1" type="SURFACE" electricalType="ELECTRICAL" mountType="SURFACE_MOUNT_PIN">
            <Location x="-0.349999" y="3E-06" />
            <StandardPrimitiveRef id="RECTANGLE_276850X198110" />
          </Pin>
        </Package>
        <Package name="0603_1" type="OTHER" pinOneOrientation="LOWER_LEFT" height="0.549999">
          <Outline>
            <Polygon>
              <PolyBegin x="-0.325001" y="-0.175001" />
              <PolyStepSegment x="0.325001" y="-0.175001" />
              <PolyStepSegment x="0.325001" y="0.175001" />
              <PolyStepSegment x="-0.325001" y="0.175001" />
              <PolyStepSegment x="-0.325001" y="-0.175001" />
            </Polygon>
            <LineDesc lineEnd="NONE" lineWidth="0" lineProperty="SOLID" />
          </Outline>
          <Pin number="2" name="2" type="SURFACE" electricalType="ELECTRICAL" mountType="SURFACE_MOUNT_PIN">
            <Location x="0.350002" y="3E-06" />
            <StandardPrimitiveRef id="RECTANGLE_276850X198110" />
          </Pin>
          <Pin number="1" name="1" type="SURFACE" electricalType="ELECTRICAL" mountType="SURFACE_MOUNT_PIN">
            <Location x="-0.349999" y="3E-06" />
            <StandardPrimitiveRef id="RECTANGLE_276850X198110" />
          </Pin>
        </Package>
        <Package name="SRN6045-4R7Y" type="OTHER" pinOneOrientation="LOWER_LEFT" height="4.512782">
          <Outline>
            <Polygon>
              <PolyBegin x="2.999999" y="-2.999999" />
              <PolyStepSegment x="2.999999" y="2.999999" />
              <PolyStepSegment x="-2.999999" y="2.999999" />
              <PolyStepSegment x="-2.999999" y="-2.999999" />
              <PolyStepSegment x="2.999999" y="-2.999999" />
            </Polygon>
            <LineDesc lineEnd="NONE" lineWidth="0" lineProperty="SOLID" />
          </Outline>
          <Pin number="2" name="2" type="SURFACE" electricalType="ELECTRICAL" mountType="SURFACE_MOUNT_PIN">
            <Location x="2.150001" y="0" />
            <StandardPrimitiveRef id="RECTANGLE_867402X2442204" />
          </Pin>
          <Pin number="1" name="1" type="SURFACE" electricalType="ELECTRICAL" mountType="SURFACE_MOUNT_PIN">
            <Location x="-2.149998" y="0" />
            <StandardPrimitiveRef id="RECTANGLE_867402X2442204" />
          </Pin>
        </Package>
        <Package name="Pin_header_1x10" type="OTHER" pinOneOrientation="LOWER_LEFT" height="0">
          <Outline>
            <Polygon>
              <PolyBegin x="-0.8636" y="-0.8636" />
              <PolyStepSegment x="-0.8636" y="0.8636" />
              <PolyStepSegment x="0.8636" y="0.8636" />
              <PolyStepSegment x="0.8636" y="-0.8636" />
              <PolyStepSegment x="-0.8636" y="-0.8636" />
            </Polygon>
            <LineDesc lineEnd="NONE" lineWidth="0" lineProperty="SOLID" />
          </Outline>
          <Pin number="1" name="1" type="THRU" electricalType="ELECTRICAL" mountType="SURFACE_MOUNT_PIN">
            <Location x="0" y="0" />
            <StandardPrimitiveRef id="RECTANGLE_680000X680000" />
          </Pin>
          <Pin number="2" name="2" type="THRU" electricalType="ELECTRICAL" mountType="SURFACE_MOUNT_PIN">
            <Location x="0" y="-2.54" />
            <StandardPrimitiveRef id="RECTANGLE_680000X680000" />
          </Pin>
          <Pin number="3" name="3" type="THRU" electricalType="ELECTRICAL" mountType="SURFACE_MOUNT_PIN">
            <Location x="0" y="-5.08" />
            <StandardPrimitiveRef id="RECTANGLE_680000X680000" />
          </Pin>
          <Pin number="4" name="4" type="THRU" electricalType="ELECTRICAL" mountType="SURFACE_MOUNT_PIN">
            <Location x="0" y="-7.62" />
            <StandardPrimitiveRef id="RECTANGLE_680000X680000" />
          </Pin>
          <Pin number="5" name="5" type="THRU" electricalType="ELECTRICAL" mountType="SURFACE_MOUNT_PIN">
            <Location x="0" y="-10.16" />
            <StandardPrimitiveRef id="RECTANGLE_680000X680000" />
          </Pin>
          <Pin number="6" name="6" type="THRU" electricalType="ELECTRICAL" mountType="SURFACE_MOUNT_PIN">
            <Location x="0" y="-12.7" />
            <StandardPrimitiveRef id="RECTANGLE_680000X680000" />
          </Pin>
          <Pin number="7" name="7" type="THRU" electricalType="ELECTRICAL" mountType="SURFACE_MOUNT_PIN">
            <Location x="0" y="-15.24" />
            <StandardPrimitiveRef id="RECTANGLE_680000X680000" />
          </Pin>
          <Pin number="8" name="8" type="THRU" electricalType="ELECTRICAL" mountType="SURFACE_MOUNT_PIN">
            <Location x="0" y="-17.78" />
            <StandardPrimitiveRef id="RECTANGLE_680000X680000" />
          </Pin>
          <Pin number="9" name="9" type="THRU" electricalType="ELECTRICAL" mountType="SURFACE_MOUNT_PIN">
            <Location x="0" y="-20.32" />
            <StandardPrimitiveRef id="RECTANGLE_680000X680000" />
          </Pin>
          <Pin number="10" name="10" type="THRU" electricalType="ELECTRICAL" mountType="SURFACE_MOUNT_PIN">
            <Location x="0" y="-22.86" />
            <StandardPrimitiveRef id="RECTANGLE_680000X680000" />
          </Pin>
        </Package>
        <Package name="Pin_header_1x8" type="OTHER" pinOneOrientation="LOWER_LEFT" height="0">
          <Outline>
            <Polygon>
              <PolyBegin x="-0.8636" y="-0.8636" />
              <PolyStepSegment x="-0.8636" y="0.8636" />
              <PolyStepSegment x="0.8636" y="0.8636" />
              <PolyStepSegment x="0.8636" y="-0.8636" />
              <PolyStepSegment x="-0.8636" y="-0.8636" />
            </Polygon>
            <LineDesc lineEnd="NONE" lineWidth="0" lineProperty="SOLID" />
          </Outline>
          <Pin number="1" name="1" type="THRU" electricalType="ELECTRICAL" mountType="SURFACE_MOUNT_PIN">
            <Location x="0" y="0" />
            <StandardPrimitiveRef id="RECTANGLE_680000X680000" />
          </Pin>
          <Pin number="2" name="2" type="THRU" electricalType="ELECTRICAL" mountType="SURFACE_MOUNT_PIN">
            <Location x="0" y="-2.54" />
            <StandardPrimitiveRef id="RECTANGLE_680000X680000" />
          </Pin>
          <Pin number="3" name="3" type="THRU" electricalType="ELECTRICAL" mountType="SURFACE_MOUNT_PIN">
            <Location x="0" y="-5.08" />
            <StandardPrimitiveRef id="RECTANGLE_680000X680000" />
          </Pin>
          <Pin number="4" name="4" type="THRU" electricalType="ELECTRICAL" mountType="SURFACE_MOUNT_PIN">
            <Location x="0" y="-7.62" />
            <StandardPrimitiveRef id="RECTANGLE_680000X680000" />
          </Pin>
          <Pin number="5" name="5" type="THRU" electricalType="ELECTRICAL" mountType="SURFACE_MOUNT_PIN">
            <Location x="0" y="-10.16" />
            <StandardPrimitiveRef id="RECTANGLE_680000X680000" />
          </Pin>
          <Pin number="6" name="6" type="THRU" electricalType="ELECTRICAL" mountType="SURFACE_MOUNT_PIN">
            <Location x="0" y="-12.7" />
            <StandardPrimitiveRef id="RECTANGLE_680000X680000" />
          </Pin>
          <Pin number="7" name="7" type="THRU" electricalType="ELECTRICAL" mountType="SURFACE_MOUNT_PIN">
            <Location x="0" y="-15.24" />
            <StandardPrimitiveRef id="RECTANGLE_680000X680000" />
          </Pin>
          <Pin number="8" name="8" type="THRU" electricalType="ELECTRICAL" mountType="SURFACE_MOUNT_PIN">
            <Location x="0" y="-17.78" />
            <StandardPrimitiveRef id="RECTANGLE_680000X680000" />
          </Pin>
        </Package>
        <Package name="Pin_header_1x6" type="OTHER" pinOneOrientation="LOWER_LEFT" height="0">
          <Outline>
            <Polygon>
              <PolyBegin x="-0.8636" y="-0.8636" />
              <PolyStepSegment x="-0.8636" y="0.8636" />
              <PolyStepSegment x="0.8636" y="0.8636" />
              <PolyStepSegment x="0.8636" y="-0.8636" />
              <PolyStepSegment x="-0.8636" y="-0.8636" />
            </Polygon>
            <LineDesc lineEnd="NONE" lineWidth="0" lineProperty="SOLID" />
          </Outline>
          <Pin number="1" name="1" type="THRU" electricalType="ELECTRICAL" mountType="SURFACE_MOUNT_PIN">
            <Location x="0" y="0" />
            <StandardPrimitiveRef id="RECTANGLE_680000X680000" />
          </Pin>
          <Pin number="3" name="3" type="THRU" electricalType="ELECTRICAL" mountType="SURFACE_MOUNT_PIN">
            <Location x="0" y="-5.08" />
            <StandardPrimitiveRef id="RECTANGLE_680000X680000" />
          </Pin>
          <Pin number="4" name="4" type="THRU" electricalType="ELECTRICAL" mountType="SURFACE_MOUNT_PIN">
            <Location x="0" y="-7.62" />
            <StandardPrimitiveRef id="RECTANGLE_680000X680000" />
          </Pin>
          <Pin number="5" name="5" type="THRU" electricalType="ELECTRICAL" mountType="SURFACE_MOUNT_PIN">
            <Location x="0" y="-10.16" />
            <StandardPrimitiveRef id="RECTANGLE_680000X680000" />
          </Pin>
          <Pin number="6" name="6" type="THRU" electricalType="ELECTRICAL" mountType="SURFACE_MOUNT_PIN">
            <Location x="0" y="-12.7" />
            <StandardPrimitiveRef id="RECTANGLE_680000X680000" />
          </Pin>
          <Pin number="2" name="2" type="THRU" electricalType="ELECTRICAL" mountType="SURFACE_MOUNT_PIN">
            <Location x="0" y="-2.54" />
            <StandardPrimitiveRef id="RECTANGLE_680000X680000" />
          </Pin>
        </Package>
        <Package name="CREE-MK-R-2_V" type="OTHER" pinOneOrientation="LOWER_LEFT" height="4.0967">
          <Outline>
            <Polygon>
              <PolyBegin x="3.499957" y="3.499957" />
              <PolyStepSegment x="-3.500039" y="3.499957" />
              <PolyStepSegment x="-3.500039" y="-3.500039" />
              <PolyStepSegment x="3.499957" y="-3.500039" />
              <PolyStepSegment x="3.499957" y="3.499957" />
            </Polygon>
            <LineDesc lineEnd="NONE" lineWidth="0" lineProperty="SOLID" />
          </Outline>
          <Pin number="3" name="3" type="SURFACE" electricalType="ELECTRICAL" mountType="SURFACE_MOUNT_PIN">
            <Location x="0" y="0" />
            <StandardPrimitiveRef id="RECTANGLE_1615432X2741416" />
          </Pin>
          <Pin number="2" name="2" type="SURFACE" electricalType="ELECTRICAL" mountType="SURFACE_MOUNT_PIN">
            <Location x="2.999999" y="0" />
            <StandardPrimitiveRef id="RECTANGLE_355592X2741416" />
          </Pin>
          <Pin number="1" name="1" type="SURFACE" electricalType="ELECTRICAL" mountType="SURFACE_MOUNT_PIN">
            <Location x="-2.999999" y="0" />
            <StandardPrimitiveRef id="RECTANGLE_355592X2741416" />
          </Pin>
        </Package>
        <Package name="6-0805_M" type="OTHER" pinOneOrientation="LOWER_LEFT" height="0.700001">
          <Outline>
            <Polygon>
              <PolyBegin x="-1.074999" y="-0.700001" />
              <PolyStepSegment x="1.074999" y="-0.700001" />
              <PolyStepSegment x="1.074999" y="0.700001" />
              <PolyStepSegment x="-1.074999" y="0.700001" />
              <PolyStepSegment x="-1.074999" y="-0.700001" />
            </Polygon>
            <LineDesc lineEnd="NONE" lineWidth="0" lineProperty="SOLID" />
          </Outline>
          <Pin number="1" name="1" type="SURFACE" electricalType="ELECTRICAL" mountType="SURFACE_MOUNT_PIN">
            <Location x="-1.000001" y="0" />
            <StandardPrimitiveRef id="RECTANGLE_631180X670552" />
          </Pin>
          <Pin number="2" name="2" type="SURFACE" electricalType="ELECTRICAL" mountType="SURFACE_MOUNT_PIN">
            <Location x="1.000001" y="0" />
            <StandardPrimitiveRef id="RECTANGLE_631180X670552" />
          </Pin>
        </Package>
        <Package name="6-0805_N" type="OTHER" pinOneOrientation="LOWER_LEFT" height="0.700001">
          <Outline>
            <Polygon>
              <PolyBegin x="-1.074999" y="-0.700001" />
              <PolyStepSegment x="1.074999" y="-0.700001" />
              <PolyStepSegment x="1.074999" y="0.700001" />
              <PolyStepSegment x="-1.074999" y="0.700001" />
              <PolyStepSegment x="-1.074999" y="-0.700001" />
            </Polygon>
            <LineDesc lineEnd="NONE" lineWidth="0" lineProperty="SOLID" />
          </Outline>
          <Pin number="2" name="2" type="SURFACE" electricalType="ELECTRICAL" mountType="SURFACE_MOUNT_PIN">
            <Location x="0.900001" y="3E-06" />
            <StandardPrimitiveRef id="RECTANGLE_552440X631180" />
          </Pin>
          <Pin number="1" name="1" type="SURFACE" electricalType="ELECTRICAL" mountType="SURFACE_MOUNT_PIN">
            <Location x="-0.899998" y="3E-06" />
            <StandardPrimitiveRef id="RECTANGLE_552440X631180" />
          </Pin>
        </Package>
        <Package name="6-0805_N_1" type="OTHER" pinOneOrientation="LOWER_LEFT" height="0.700001">
          <Outline>
            <Polygon>
              <PolyBegin x="-1.074999" y="-0.700001" />
              <PolyStepSegment x="1.074999" y="-0.700001" />
              <PolyStepSegment x="1.074999" y="0.700001" />
              <PolyStepSegment x="-1.074999" y="0.700001" />
              <PolyStepSegment x="-1.074999" y="-0.700001" />
            </Polygon>
            <LineDesc lineEnd="NONE" lineWidth="0" lineProperty="SOLID" />
          </Outline>
          <Pin number="2" name="2" type="SURFACE" electricalType="ELECTRICAL" mountType="SURFACE_MOUNT_PIN">
            <Location x="0.900001" y="3E-06" />
            <StandardPrimitiveRef id="RECTANGLE_552440X631180" />
          </Pin>
          <Pin number="1" name="1" type="SURFACE" electricalType="ELECTRICAL" mountType="SURFACE_MOUNT_PIN">
            <Location x="-0.899998" y="3E-06" />
            <StandardPrimitiveRef id="RECTANGLE_552440X631180" />
          </Pin>
        </Package>
        <Component refDes="U1" packageRef="TPS562200DDCR" part="TPS562200DDCR" layerRef="Top Layer" mountType="OTHER" weight="0" height="0.970001" standoff="0">
          <Xform rotation="90" />
          <Location x="16.891" y="14.191" />
        </Component>
        <Component refDes="R2" packageRef="0603" part="0603" layerRef="Top Layer" mountType="OTHER" weight="0" height="0.549999" standoff="0">
          <Xform rotation="90" />
          <Location x="25.781" y="16.891" />
        </Component>
        <Component refDes="R1" packageRef="0603_1" part="0603_1" layerRef="Top Layer" mountType="OTHER" weight="0" height="0.549999" standoff="0">
          <Xform rotation="270" />
          <Location x="29.591" y="16.891" />
        </Component>
        <Component refDes="L1" packageRef="SRN6045-4R7Y" part="SRN6045-4R7Y" layerRef="Top Layer" mountType="OTHER" weight="0" height="4.512782" standoff="0.012781">
          <Xform rotation="180" />
          <Location x="23.876" y="11.811" />
        </Component>
        <Component refDes="JP4" packageRef="Pin_header_1x10" part="Pin_header_1x10" layerRef="Top Layer" mountType="OTHER" weight="0" height="0" standoff="0">
          <Xform rotation="90" />
          <Location x="18.796" y="51.816" />
        </Component>
        <Component refDes="JP3" packageRef="Pin_header_1x8" part="Pin_header_1x8" layerRef="Top Layer" mountType="OTHER" weight="0" height="0" standoff="0">
          <Xform rotation="90" />
          <Location x="28.956" y="3.556" />
        </Component>
        <Component refDes="JP2" packageRef="Pin_header_1x8" part="Pin_header_1x8" layerRef="Top Layer" mountType="OTHER" weight="0" height="0" standoff="0">
          <Xform rotation="90" />
          <Location x="46.736" y="51.816" />
        </Component>
        <Component refDes="JP1" packageRef="Pin_header_1x6" part="Pin_header_1x6" layerRef="Top Layer" mountType="OTHER" weight="0" height="0" standoff="0">
          <Xform rotation="90" />
          <Location x="51.816" y="3.556" />
        </Component>
        <Component refDes="D2" packageRef="CREE-MK-R-2_V" part="CREE-MK-R-2_V" layerRef="Top Layer" mountType="OTHER" weight="0" height="4.0967" standoff="0.0127">
          <Xform />
          <Location x="45.466" y="30.226" />
        </Component>
        <Component refDes="D1" packageRef="CREE-MK-R-2_V" part="CREE-MK-R-2_V" layerRef="Top Layer" mountType="OTHER" weight="0" height="4.0967" standoff="0.0127">
          <Xform />
          <Location x="45.466" y="39.751" />
        </Component>
        <Component refDes="C5" packageRef="6-0805_M" part="6-0805_M" layerRef="Top Layer" mountType="OTHER" weight="0" height="0.700001" standoff="0">
          <Xform rotation="90" />
          <Location x="12.446" y="16.1671" />
        </Component>
        <Component refDes="C4" packageRef="6-0805_M" part="6-0805_M" layerRef="Top Layer" mountType="OTHER" weight="0" height="0.700001" standoff="0">
          <Xform rotation="90" />
          <Location x="9.906" y="16.1671" />
        </Component>
        <Component refDes="C3" packageRef="6-0805_M" part="6-0805_M" layerRef="Top Layer" mountType="OTHER" weight="0" height="0.700001" standoff="0">
          <Xform rotation="270" />
          <Location x="34.036" y="17.526" />
        </Component>
        <Component refDes="C2" packageRef="6-0805_N" part="6-0805_N" layerRef="Top Layer" mountType="OTHER" weight="0" height="0.700001" standoff="0">
          <Xform />
          <Location x="14.986" y="9.906" />
        </Component>
        <Component refDes="C1" packageRef="6-0805_N_1" part="6-0805_N_1" layerRef="Top Layer" mountType="OTHER" weight="0" height="0.700001" standoff="0">
          <Xform rotation="270" />
          <Location x="37.211" y="17.526" />
        </Component>
        <LayerFeature layerRef="Top Paste">
          <Set>
            <ColorRef id="LAYER_COLOR_Top Paste" />
          </Set>
        </LayerFeature>
        <LayerFeature layerRef="Top Overlay">
          <Set>
            <ColorRef id="LAYER_COLOR_Top Overlay" />
          </Set>
          <Set net="No Net">
            <Features>
              <UserSpecial>
                <Line startX="16.256" startY="17.747" endX="19.431" endY="17.747">
                  <LineDesc lineEnd="ROUND" lineWidth="0.2" lineProperty="SOLID" />
                </Line>
                <Line startX="19.431" startY="13.302" endX="19.431" endY="17.747">
                  <LineDesc lineEnd="ROUND" lineWidth="0.2" lineProperty="SOLID" />
                </Line>
                <Line startX="16.256" startY="13.302" endX="19.431" endY="13.302">
                  <LineDesc lineEnd="ROUND" lineWidth="0.2" lineProperty="SOLID" />
                </Line>
                <Line startX="16.256" startY="13.302" endX="16.256" endY="15.618501">
                  <LineDesc lineEnd="ROUND" lineWidth="0.2" lineProperty="SOLID" />
                </Line>
                <Line startX="16.256" startY="15.4635" endX="16.256" endY="17.747">
                  <LineDesc lineEnd="ROUND" lineWidth="0.2" lineProperty="SOLID" />
                </Line>
                <Line startX="20.32" startY="8.509" endX="27.432" endY="8.509">
                  <LineDesc lineEnd="ROUND" lineWidth="0.2" lineProperty="SOLID" />
                </Line>
                <Line startX="20.32" startY="8.509" endX="20.32" endY="15.113">
                  <LineDesc lineEnd="ROUND" lineWidth="0.2" lineProperty="SOLID" />
                </Line>
                <Line startX="20.32" startY="15.113" endX="27.432" endY="15.113">
                  <LineDesc lineEnd="ROUND" lineWidth="0.2" lineProperty="SOLID" />
                </Line>
                <Line startX="27.432" startY="8.509" endX="27.432" endY="15.113">
                  <LineDesc lineEnd="ROUND" lineWidth="0.2" lineProperty="SOLID" />
                </Line>
                <Line startX="49.516" startY="26.725999" endX="49.516" endY="33.726001">
                  <LineDesc lineEnd="ROUND" lineWidth="0.399999" lineProperty="SOLID" />
                </Line>
                <Line startX="14.986" startY="9.306001" endX="14.986" endY="10.505999">
                  <LineDesc lineEnd="ROUND" lineWidth="0.2" lineProperty="SOLID" />
                </Line>
                <Line startX="11.795999" startY="16.1671" endX="13.096001" endY="16.1671">
                  <LineDesc lineEnd="ROUND" lineWidth="0.2" lineProperty="SOLID" />
                </Line>
                <Line startX="25.730998" startY="15.991002" endX="25.830997" endY="15.991002">
                  <LineDesc lineEnd="ROUND" lineWidth="0.2" lineProperty="SOLID" />
                </Line>
                <Line startX="36.611001" startY="17.526" endX="37.810999" endY="17.526">
                  <LineDesc lineEnd="ROUND" lineWidth="0.2" lineProperty="SOLID" />
                </Line>
                <Line startX="33.385999" startY="17.526" endX="34.686001" endY="17.526">
                  <LineDesc lineEnd="ROUND" lineWidth="0.2" lineProperty="SOLID" />
                </Line>
                <Line startX="9.255999" startY="16.1671" endX="10.556001" endY="16.1671">
                  <LineDesc lineEnd="ROUND" lineWidth="0.2" lineProperty="SOLID" />
                </Line>
                <Line startX="49.516" startY="36.250999" endX="49.516" endY="43.251001">
                  <LineDesc lineEnd="ROUND" lineWidth="0.399999" lineProperty="SOLID" />
                </Line>
                <Line startX="29.541003" startY="17.790998" endX="29.641002" endY="17.790998">
                  <LineDesc lineEnd="ROUND" lineWidth="0.2" lineProperty="SOLID" />
                </Line>
                <Line startX="16.4084" startY="19.633872" endX="16.4084" endY="18.787478">
                  <LineDesc lineEnd="ROUND" lineWidth="0.254" lineProperty="SOLID" />
                </Line>
                <Line startX="16.4084" startY="18.787478" endX="16.577678" endY="18.6182">
                  <LineDesc lineEnd="ROUND" lineWidth="0.254" lineProperty="SOLID" />
                </Line>
                <Line startX="16.577678" startY="18.6182" endX="16.916235" endY="18.6182">
                  <LineDesc lineEnd="ROUND" lineWidth="0.254" lineProperty="SOLID" />
                </Line>
                <Line startX="16.916235" startY="18.6182" endX="17.085513" endY="18.787478">
                  <LineDesc lineEnd="ROUND" lineWidth="0.254" lineProperty="SOLID" />
                </Line>
                <Line startX="17.085513" startY="18.787478" endX="17.085513" endY="19.633872">
                  <LineDesc lineEnd="ROUND" lineWidth="0.254" lineProperty="SOLID" />
                </Line>
                <Line startX="17.424072" startY="18.6182" endX="17.762629" endY="18.6182">
                  <LineDesc lineEnd="ROUND" lineWidth="0.254" lineProperty="SOLID" />
                </Line>
                <Line startX="17.762629" startY="18.6182" endX="17.593351" endY="18.6182">
                  <LineDesc lineEnd="ROUND" lineWidth="0.254" lineProperty="SOLID" />
                </Line>
                <Line startX="17.593351" startY="18.6182" endX="17.593351" endY="19.633872">
                  <LineDesc lineEnd="ROUND" lineWidth="0.254" lineProperty="SOLID" />
                </Line>
                <Line startX="17.593351" startY="19.633872" endX="17.593351" endY="19.633872">
                  <LineDesc lineEnd="ROUND" lineWidth="0.254" lineProperty="SOLID" />
                </Line>
                <Line startX="17.593351" startY="19.633872" endX="17.424072" endY="19.464594">
                  <LineDesc lineEnd="ROUND" lineWidth="0.254" lineProperty="SOLID" />
                </Line>
                <Line startX="20.658887" startY="16.763837" endX="20.658887" endY="15.748165">
                  <LineDesc lineEnd="ROUND" lineWidth="0.254" lineProperty="SOLID" />
                </Line>
                <Line startX="20.658887" startY="15.748165" endX="21.336" endY="15.748165">
                  <LineDesc lineEnd="ROUND" lineWidth="0.254" lineProperty="SOLID" />
                </Line>
                <Line startX="21.674559" startY="15.748165" endX="22.013116" endY="15.748165">
                  <LineDesc lineEnd="ROUND" lineWidth="0.254" lineProperty="SOLID" />
                </Line>
                <Line startX="22.013116" startY="15.748165" endX="21.843837" endY="15.748165">
                  <LineDesc lineEnd="ROUND" lineWidth="0.254" lineProperty="SOLID" />
                </Line>
                <Line startX="21.843837" startY="15.748165" endX="21.843837" endY="16.763837">
                  <LineDesc lineEnd="ROUND" lineWidth="0.254" lineProperty="SOLID" />
                </Line>
                <Line startX="21.843837" startY="16.763837" endX="21.843837" endY="16.763837">
                  <LineDesc lineEnd="ROUND" lineWidth="0.254" lineProperty="SOLID" />
                </Line>
                <Line startX="21.843837" startY="16.763837" endX="21.674559" endY="16.594559">
                  <LineDesc lineEnd="ROUND" lineWidth="0.254" lineProperty="SOLID" />
                </Line>
                <Line startX="25.738884" startY="4.063837" endX="25.400328" endY="4.063837">
                  <LineDesc lineEnd="ROUND" lineWidth="0.254" lineProperty="SOLID" />
                </Line>
                <Line startX="25.400328" startY="4.063837" endX="25.569606" endY="4.063837">
                  <LineDesc lineEnd="ROUND" lineWidth="0.254" lineProperty="SOLID" />
                </Line>
                <Line startX="25.569606" startY="4.063837" endX="25.569606" endY="3.217443">
                  <LineDesc lineEnd="ROUND" lineWidth="0.254" lineProperty="SOLID" />
                </Line>
                <Line startX="25.569606" startY="3.217443" endX="25.400328" endY="3.048165">
                  <LineDesc lineEnd="ROUND" lineWidth="0.254" lineProperty="SOLID" />
                </Line>
                <Line startX="25.400328" startY="3.048165" endX="25.231049" endY="3.048165">
                  <LineDesc lineEnd="ROUND" lineWidth="0.254" lineProperty="SOLID" />
                </Line>
                <Line startX="25.231049" startY="3.048165" endX="25.061771" endY="3.217443">
                  <LineDesc lineEnd="ROUND" lineWidth="0.254" lineProperty="SOLID" />
                </Line>
                <Line startX="26.077443" startY="3.048165" endX="26.077443" endY="4.063837">
                  <LineDesc lineEnd="ROUND" lineWidth="0.254" lineProperty="SOLID" />
                </Line>
                <Line startX="26.077443" startY="4.063837" endX="26.585278" endY="4.063837">
                  <LineDesc lineEnd="ROUND" lineWidth="0.254" lineProperty="SOLID" />
                </Line>
                <Line startX="26.585278" startY="4.063837" endX="26.754557" endY="3.894559">
                  <LineDesc lineEnd="ROUND" lineWidth="0.254" lineProperty="SOLID" />
                </Line>
                <Line startX="26.754557" startY="3.894559" endX="26.754557" endY="3.556">
                  <LineDesc lineEnd="ROUND" lineWidth="0.254" lineProperty="SOLID" />
                </Line>
                <Line startX="26.754557" startY="3.556" endX="26.585278" endY="3.386722">
                  <LineDesc lineEnd="ROUND" lineWidth="0.254" lineProperty="SOLID" />
                </Line>
                <Line startX="26.585278" startY="3.386722" endX="26.077443" endY="3.386722">
                  <LineDesc lineEnd="ROUND" lineWidth="0.254" lineProperty="SOLID" />
                </Line>
                <Line startX="27.093116" startY="3.894559" endX="27.262394" endY="4.063837">
                  <LineDesc lineEnd="ROUND" lineWidth="0.254" lineProperty="SOLID" />
                </Line>
                <Line startX="27.262394" startY="4.063837" endX="27.600951" endY="4.063837">
                  <LineDesc lineEnd="ROUND" lineWidth="0.254" lineProperty="SOLID" />
                </Line>
                <Line startX="27.600951" startY="4.063837" endX="27.770229" endY="3.894559">
                  <LineDesc lineEnd="ROUND" lineWidth="0.254" lineProperty="SOLID" />
                </Line>
                <Line startX="27.770229" startY="3.894559" endX="27.770229" endY="3.725278">
                  <LineDesc lineEnd="ROUND" lineWidth="0.254" lineProperty="SOLID" />
                </Line>
                <Line startX="27.770229" startY="3.725278" endX="27.770229" endY="3.725278">
                  <LineDesc lineEnd="ROUND" lineWidth="0.254" lineProperty="SOLID" />
                </Line>
                <Line startX="27.770229" startY="3.725278" endX="27.770229" endY="3.725278">
                  <LineDesc lineEnd="ROUND" lineWidth="0.254" lineProperty="SOLID" />
                </Line>
                <Line startX="27.770229" startY="3.725278" endX="27.770229" endY="3.725278">
                  <LineDesc lineEnd="ROUND" lineWidth="0.254" lineProperty="SOLID" />
                </Line>
                <Line startX="27.770229" startY="3.725278" endX="27.600951" endY="3.556">
                  <LineDesc lineEnd="ROUND" lineWidth="0.254" lineProperty="SOLID" />
                </Line>
                <Line startX="27.600951" startY="3.556" endX="27.431672" endY="3.556">
                  <LineDesc lineEnd="ROUND" lineWidth="0.254" lineProperty="SOLID" />
                </Line>
                <Line startX="27.431672" startY="3.556" endX="27.600951" endY="3.556">
                  <LineDesc lineEnd="ROUND" lineWidth="0.254" lineProperty="SOLID" />
                </Line>
                <Line startX="27.600951" startY="3.556" endX="27.770229" endY="3.386722">
                  <LineDesc lineEnd="ROUND" lineWidth="0.254" lineProperty="SOLID" />
                </Line>
                <Line startX="27.770229" startY="3.386722" endX="27.770229" endY="3.217443">
                  <LineDesc lineEnd="ROUND" lineWidth="0.254" lineProperty="SOLID" />
                </Line>
                <Line startX="27.770229" startY="3.217443" endX="27.600951" endY="3.048165">
                  <LineDesc lineEnd="ROUND" lineWidth="0.254" lineProperty="SOLID" />
                </Line>
                <Line startX="27.600951" startY="3.048165" endX="27.262394" endY="3.048165">
                  <LineDesc lineEnd="ROUND" lineWidth="0.254" lineProperty="SOLID" />
                </Line>
                <Line startX="27.262394" startY="3.048165" endX="27.093116" endY="3.217443">
                  <LineDesc lineEnd="ROUND" lineWidth="0.254" lineProperty="SOLID" />
                </Line>
                <Line startX="48.768163" startY="4.063837" endX="48.429606" endY="4.063837">
                  <LineDesc lineEnd="ROUND" lineWidth="0.254" lineProperty="SOLID" />
                </Line>
                <Line startX="48.429606" startY="4.063837" endX="48.598884" endY="4.063837">
                  <LineDesc lineEnd="ROUND" lineWidth="0.254" lineProperty="SOLID" />
                </Line>
                <Line startX="48.598884" startY="4.063837" endX="48.598884" endY="3.217443">
                  <LineDesc lineEnd="ROUND" lineWidth="0.254" lineProperty="SOLID" />
                </Line>
                <Line startX="48.598884" startY="3.217443" endX="48.429606" endY="3.048165">
                  <LineDesc lineEnd="ROUND" lineWidth="0.254" lineProperty="SOLID" />
                </Line>
                <Line startX="48.429606" startY="3.048165" endX="48.260328" endY="3.048165">
                  <LineDesc lineEnd="ROUND" lineWidth="0.254" lineProperty="SOLID" />
                </Line>
                <Line startX="48.260328" startY="3.048165" endX="48.091049" endY="3.217443">
                  <LineDesc lineEnd="ROUND" lineWidth="0.254" lineProperty="SOLID" />
                </Line>
                <Line startX="49.106722" startY="3.048165" endX="49.106722" endY="4.063837">
                  <LineDesc lineEnd="ROUND" lineWidth="0.254" lineProperty="SOLID" />
                </Line>
                <Line startX="49.106722" startY="4.063837" endX="49.614557" endY="4.063837">
                  <LineDesc lineEnd="ROUND" lineWidth="0.254" lineProperty="SOLID" />
                </Line>
                <Line startX="49.614557" startY="4.063837" endX="49.783835" endY="3.894559">
                  <LineDesc lineEnd="ROUND" lineWidth="0.254" lineProperty="SOLID" />
                </Line>
                <Line startX="49.783835" startY="3.894559" endX="49.783835" endY="3.556">
                  <LineDesc lineEnd="ROUND" lineWidth="0.254" lineProperty="SOLID" />
                </Line>
                <Line startX="49.783835" startY="3.556" endX="49.614557" endY="3.386722">
                  <LineDesc lineEnd="ROUND" lineWidth="0.254" lineProperty="SOLID" />
                </Line>
                <Line startX="49.614557" startY="3.386722" endX="49.106722" endY="3.386722">
                  <LineDesc lineEnd="ROUND" lineWidth="0.254" lineProperty="SOLID" />
                </Line>
                <Line startX="50.122394" startY="3.048165" endX="50.460951" endY="3.048165">
                  <LineDesc lineEnd="ROUND" lineWidth="0.254" lineProperty="SOLID" />
                </Line>
                <Line startX="50.460951" startY="3.048165" endX="50.291672" endY="3.048165">
                  <LineDesc lineEnd="ROUND" lineWidth="0.254" lineProperty="SOLID" />
                </Line>
                <Line startX="50.291672" startY="3.048165" endX="50.291672" endY="4.063837">
                  <LineDesc lineEnd="ROUND" lineWidth="0.254" lineProperty="SOLID" />
                </Line>
                <Line startX="50.291672" startY="4.063837" endX="50.291672" endY="4.063837">
                  <LineDesc lineEnd="ROUND" lineWidth="0.254" lineProperty="SOLID" />
                </Line>
                <Line startX="50.291672" startY="4.063837" endX="50.122394" endY="3.894559">
                  <LineDesc lineEnd="ROUND" lineWidth="0.254" lineProperty="SOLID" />
                </Line>
                <Line startX="15.578884" startY="52.323837" endX="15.240328" endY="52.323837">
                  <LineDesc lineEnd="ROUND" lineWidth="0.254" lineProperty="SOLID" />
                </Line>
                <Line startX="15.240328" startY="52.323837" endX="15.409606" endY="52.323837">
                  <LineDesc lineEnd="ROUND" lineWidth="0.254" lineProperty="SOLID" />
                </Line>
                <Line startX="15.409606" startY="52.323837" endX="15.409606" endY="51.477443">
                  <LineDesc lineEnd="ROUND" lineWidth="0.254" lineProperty="SOLID" />
                </Line>
                <Line startX="15.409606" startY="51.477443" endX="15.240328" endY="51.308165">
                  <LineDesc lineEnd="ROUND" lineWidth="0.254" lineProperty="SOLID" />
                </Line>
                <Line startX="15.240328" startY="51.308165" endX="15.071049" endY="51.308165">
                  <LineDesc lineEnd="ROUND" lineWidth="0.254" lineProperty="SOLID" />
                </Line>
                <Line startX="15.071049" startY="51.308165" endX="14.901771" endY="51.477443">
                  <LineDesc lineEnd="ROUND" lineWidth="0.254" lineProperty="SOLID" />
                </Line>
                <Line startX="15.917443" startY="51.308165" endX="15.917443" endY="52.323837">
                  <LineDesc lineEnd="ROUND" lineWidth="0.254" lineProperty="SOLID" />
                </Line>
                <Line startX="15.917443" startY="52.323837" endX="16.425278" endY="52.323837">
                  <LineDesc lineEnd="ROUND" lineWidth="0.254" lineProperty="SOLID" />
                </Line>
                <Line startX="16.425278" startY="52.323837" endX="16.594556999999998" endY="52.154559">
                  <LineDesc lineEnd="ROUND" lineWidth="0.254" lineProperty="SOLID" />
                </Line>
                <Line startX="16.594556999999998" startY="52.154559" endX="16.594556999999998" endY="51.816">
                  <LineDesc lineEnd="ROUND" lineWidth="0.254" lineProperty="SOLID" />
                </Line>
                <Line startX="16.594556999999998" startY="51.816" endX="16.425278" endY="51.646722">
                  <LineDesc lineEnd="ROUND" lineWidth="0.254" lineProperty="SOLID" />
                </Line>
                <Line startX="16.425278" startY="51.646722" endX="15.917443" endY="51.646722">
                  <LineDesc lineEnd="ROUND" lineWidth="0.254" lineProperty="SOLID" />
                </Line>
                <Line startX="17.440951" startY="51.308165" endX="17.440951" endY="52.323837">
                  <LineDesc lineEnd="ROUND" lineWidth="0.254" lineProperty="SOLID" />
                </Line>
                <Line startX="17.440951" startY="52.323837" endX="16.933116" endY="51.816">
                  <LineDesc lineEnd="ROUND" lineWidth="0.254" lineProperty="SOLID" />
                </Line>
                <Line startX="16.933116" startY="51.816" endX="17.610229" endY="51.816">
                  <LineDesc lineEnd="ROUND" lineWidth="0.254" lineProperty="SOLID" />
                </Line>
                <Line startX="42.0878" startY="35.712072" endX="42.0878" endY="34.6964">
                  <LineDesc lineEnd="ROUND" lineWidth="0.254" lineProperty="SOLID" />
                </Line>
                <Line startX="42.0878" startY="34.6964" endX="42.595635" endY="34.6964">
                  <LineDesc lineEnd="ROUND" lineWidth="0.254" lineProperty="SOLID" />
                </Line>
                <Line startX="42.595635" startY="34.6964" endX="42.764913" endY="34.865678">
                  <LineDesc lineEnd="ROUND" lineWidth="0.254" lineProperty="SOLID" />
                </Line>
                <Line startX="42.764913" startY="34.865678" endX="42.764913" endY="35.542794">
                  <LineDesc lineEnd="ROUND" lineWidth="0.254" lineProperty="SOLID" />
                </Line>
                <Line startX="42.764913" startY="35.542794" endX="42.595635" endY="35.712072">
                  <LineDesc lineEnd="ROUND" lineWidth="0.254" lineProperty="SOLID" />
                </Line>
                <Line startX="42.595635" startY="35.712072" endX="42.0878" endY="35.712072">
                  <LineDesc lineEnd="ROUND" lineWidth="0.254" lineProperty="SOLID" />
                </Line>
                <Line startX="43.780586" startY="34.6964" endX="43.103471999999996" endY="34.6964">
                  <LineDesc lineEnd="ROUND" lineWidth="0.254" lineProperty="SOLID" />
                </Line>
                <Line startX="43.103471999999996" startY="34.6964" endX="43.780586" endY="35.373513">
                  <LineDesc lineEnd="ROUND" lineWidth="0.254" lineProperty="SOLID" />
                </Line>
                <Line startX="43.780586" startY="35.373513" endX="43.780586" endY="35.542794">
                  <LineDesc lineEnd="ROUND" lineWidth="0.254" lineProperty="SOLID" />
                </Line>
                <Line startX="43.780586" startY="35.542794" endX="43.611307" endY="35.712072">
                  <LineDesc lineEnd="ROUND" lineWidth="0.254" lineProperty="SOLID" />
                </Line>
                <Line startX="43.611307" startY="35.712072" endX="43.272751" endY="35.712072">
                  <LineDesc lineEnd="ROUND" lineWidth="0.254" lineProperty="SOLID" />
                </Line>
                <Line startX="43.272751" startY="35.712072" endX="43.103471999999996" endY="35.542794">
                  <LineDesc lineEnd="ROUND" lineWidth="0.254" lineProperty="SOLID" />
                </Line>
                <Line startX="12.911722" startY="12.149559" endX="12.742443" endY="12.318837">
                  <LineDesc lineEnd="ROUND" lineWidth="0.254" lineProperty="SOLID" />
                </Line>
                <Line startX="12.742443" startY="12.318837" endX="12.403887" endY="12.318837">
                  <LineDesc lineEnd="ROUND" lineWidth="0.254" lineProperty="SOLID" />
                </Line>
                <Line startX="12.403887" startY="12.318837" endX="12.234608" endY="12.149559">
                  <LineDesc lineEnd="ROUND" lineWidth="0.254" lineProperty="SOLID" />
                </Line>
                <Line startX="12.234608" startY="12.149559" endX="12.234608" endY="11.472443">
                  <LineDesc lineEnd="ROUND" lineWidth="0.254" lineProperty="SOLID" />
                </Line>
                <Line startX="12.234608" startY="11.472443" endX="12.403887" endY="11.303165">
                  <LineDesc lineEnd="ROUND" lineWidth="0.254" lineProperty="SOLID" />
                </Line>
                <Line startX="12.403887" startY="11.303165" endX="12.742443" endY="11.303165">
                  <LineDesc lineEnd="ROUND" lineWidth="0.254" lineProperty="SOLID" />
                </Line>
                <Line startX="12.742443" startY="11.303165" endX="12.911722" endY="11.472443">
                  <LineDesc lineEnd="ROUND" lineWidth="0.254" lineProperty="SOLID" />
                </Line>
                <Line startX="13.927394" startY="11.303165" endX="13.250281" endY="11.303165">
                  <LineDesc lineEnd="ROUND" lineWidth="0.254" lineProperty="SOLID" />
                </Line>
                <Line startX="13.250281" startY="11.303165" endX="13.927394" endY="11.980278">
                  <LineDesc lineEnd="ROUND" lineWidth="0.254" lineProperty="SOLID" />
                </Line>
                <Line startX="13.927394" startY="11.980278" endX="13.927394" endY="12.149559">
                  <LineDesc lineEnd="ROUND" lineWidth="0.254" lineProperty="SOLID" />
                </Line>
                <Line startX="13.927394" startY="12.149559" endX="13.758116" endY="12.318837">
                  <LineDesc lineEnd="ROUND" lineWidth="0.254" lineProperty="SOLID" />
                </Line>
                <Line startX="13.758116" startY="12.318837" endX="13.419559" endY="12.318837">
                  <LineDesc lineEnd="ROUND" lineWidth="0.254" lineProperty="SOLID" />
                </Line>
                <Line startX="13.419559" startY="12.318837" endX="13.250281" endY="12.149559">
                  <LineDesc lineEnd="ROUND" lineWidth="0.254" lineProperty="SOLID" />
                </Line>
                <Line startX="12.081713" startY="20.023394" endX="11.912435" endY="20.192672">
                  <LineDesc lineEnd="ROUND" lineWidth="0.254" lineProperty="SOLID" />
                </Line>
                <Line startX="11.912435" startY="20.192672" endX="11.573878" endY="20.192672">
                  <LineDesc lineEnd="ROUND" lineWidth="0.254" lineProperty="SOLID" />
                </Line>
                <Line startX="11.573878" startY="20.192672" endX="11.4046" endY="20.023394">
                  <LineDesc lineEnd="ROUND" lineWidth="0.254" lineProperty="SOLID" />
                </Line>
                <Line startX="11.4046" startY="20.023394" endX="11.4046" endY="19.346278">
                  <LineDesc lineEnd="ROUND" lineWidth="0.254" lineProperty="SOLID" />
                </Line>
                <Line startX="11.4046" startY="19.346278" endX="11.573878" endY="19.177">
                  <LineDesc lineEnd="ROUND" lineWidth="0.254" lineProperty="SOLID" />
                </Line>
                <Line startX="11.573878" startY="19.177" endX="11.912435" endY="19.177">
                  <LineDesc lineEnd="ROUND" lineWidth="0.254" lineProperty="SOLID" />
                </Line>
                <Line startX="11.912435" startY="19.177" endX="12.081713" endY="19.346278">
                  <LineDesc lineEnd="ROUND" lineWidth="0.254" lineProperty="SOLID" />
                </Line>
                <Line startX="13.097386" startY="20.192672" endX="12.420272" endY="20.192672">
                  <LineDesc lineEnd="ROUND" lineWidth="0.254" lineProperty="SOLID" />
                </Line>
                <Line startX="12.420272" startY="20.192672" endX="12.420272" endY="19.684835">
                  <LineDesc lineEnd="ROUND" lineWidth="0.254" lineProperty="SOLID" />
                </Line>
                <Line startX="12.420272" startY="19.684835" endX="12.758829" endY="19.854113">
                  <LineDesc lineEnd="ROUND" lineWidth="0.254" lineProperty="SOLID" />
                </Line>
                <Line startX="12.758829" startY="19.854113" endX="12.928107" endY="19.854113">
                  <LineDesc lineEnd="ROUND" lineWidth="0.254" lineProperty="SOLID" />
                </Line>
                <Line startX="12.928107" startY="19.854113" endX="13.097386" endY="19.684835">
                  <LineDesc lineEnd="ROUND" lineWidth="0.254" lineProperty="SOLID" />
                </Line>
                <Line startX="13.097386" startY="19.684835" endX="13.097386" endY="19.346278">
                  <LineDesc lineEnd="ROUND" lineWidth="0.254" lineProperty="SOLID" />
                </Line>
                <Line startX="13.097386" startY="19.346278" endX="12.928107" endY="19.177">
                  <LineDesc lineEnd="ROUND" lineWidth="0.254" lineProperty="SOLID" />
                </Line>
                <Line startX="12.928107" startY="19.177" endX="12.589551" endY="19.177">
                  <LineDesc lineEnd="ROUND" lineWidth="0.254" lineProperty="SOLID" />
                </Line>
                <Line startX="12.589551" startY="19.177" endX="12.420272" endY="19.346278">
                  <LineDesc lineEnd="ROUND" lineWidth="0.254" lineProperty="SOLID" />
                </Line>
                <Line startX="24.934608" startY="18.288165" endX="24.934608" endY="19.303837">
                  <LineDesc lineEnd="ROUND" lineWidth="0.254" lineProperty="SOLID" />
                </Line>
                <Line startX="24.934608" startY="19.303837" endX="25.442443" endY="19.303837">
                  <LineDesc lineEnd="ROUND" lineWidth="0.254" lineProperty="SOLID" />
                </Line>
                <Line startX="25.442443" startY="19.303837" endX="25.611722" endY="19.134559">
                  <LineDesc lineEnd="ROUND" lineWidth="0.254" lineProperty="SOLID" />
                </Line>
                <Line startX="25.611722" startY="19.134559" endX="25.611722" endY="18.796">
                  <LineDesc lineEnd="ROUND" lineWidth="0.254" lineProperty="SOLID" />
                </Line>
                <Line startX="25.611722" startY="18.796" endX="25.442443" endY="18.626722">
                  <LineDesc lineEnd="ROUND" lineWidth="0.254" lineProperty="SOLID" />
                </Line>
                <Line startX="25.442443" startY="18.626722" endX="24.934608" endY="18.626722">
                  <LineDesc lineEnd="ROUND" lineWidth="0.254" lineProperty="SOLID" />
                </Line>
                <Line startX="25.273165" startY="18.626722" endX="25.611722" endY="18.288165">
                  <LineDesc lineEnd="ROUND" lineWidth="0.254" lineProperty="SOLID" />
                </Line>
                <Line startX="26.627394" startY="18.288165" endX="25.950281" endY="18.288165">
                  <LineDesc lineEnd="ROUND" lineWidth="0.254" lineProperty="SOLID" />
                </Line>
                <Line startX="25.950281" startY="18.288165" endX="26.627394" endY="18.965278">
                  <LineDesc lineEnd="ROUND" lineWidth="0.254" lineProperty="SOLID" />
                </Line>
                <Line startX="26.627394" startY="18.965278" endX="26.627394" endY="19.134559">
                  <LineDesc lineEnd="ROUND" lineWidth="0.254" lineProperty="SOLID" />
                </Line>
                <Line startX="26.627394" startY="19.134559" endX="26.458116" endY="19.303837">
                  <LineDesc lineEnd="ROUND" lineWidth="0.254" lineProperty="SOLID" />
                </Line>
                <Line startX="26.458116" startY="19.303837" endX="26.119559" endY="19.303837">
                  <LineDesc lineEnd="ROUND" lineWidth="0.254" lineProperty="SOLID" />
                </Line>
                <Line startX="26.119559" startY="19.303837" endX="25.950281" endY="19.134559">
                  <LineDesc lineEnd="ROUND" lineWidth="0.254" lineProperty="SOLID" />
                </Line>
                <Line startX="37.211" startY="21.420559" endX="37.041722" endY="21.589837">
                  <LineDesc lineEnd="ROUND" lineWidth="0.254" lineProperty="SOLID" />
                </Line>
                <Line startX="37.041722" startY="21.589837" endX="36.703165" endY="21.589837">
                  <LineDesc lineEnd="ROUND" lineWidth="0.254" lineProperty="SOLID" />
                </Line>
                <Line startX="36.703165" startY="21.589837" endX="36.533887" endY="21.420559">
                  <LineDesc lineEnd="ROUND" lineWidth="0.254" lineProperty="SOLID" />
                </Line>
                <Line startX="36.533887" startY="21.420559" endX="36.533887" endY="20.743443">
                  <LineDesc lineEnd="ROUND" lineWidth="0.254" lineProperty="SOLID" />
                </Line>
                <Line startX="36.533887" startY="20.743443" endX="36.703165" endY="20.574165">
                  <LineDesc lineEnd="ROUND" lineWidth="0.254" lineProperty="SOLID" />
                </Line>
                <Line startX="36.703165" startY="20.574165" endX="37.041722" endY="20.574165">
                  <LineDesc lineEnd="ROUND" lineWidth="0.254" lineProperty="SOLID" />
                </Line>
                <Line startX="37.041722" startY="20.574165" endX="37.211" endY="20.743443">
                  <LineDesc lineEnd="ROUND" lineWidth="0.254" lineProperty="SOLID" />
                </Line>
                <Line startX="37.549559" startY="20.574165" endX="37.888116" endY="20.574165">
                  <LineDesc lineEnd="ROUND" lineWidth="0.254" lineProperty="SOLID" />
                </Line>
                <Line startX="37.888116" startY="20.574165" endX="37.718837" endY="20.574165">
                  <LineDesc lineEnd="ROUND" lineWidth="0.254" lineProperty="SOLID" />
                </Line>
                <Line startX="37.718837" startY="20.574165" endX="37.718837" endY="21.589837">
                  <LineDesc lineEnd="ROUND" lineWidth="0.254" lineProperty="SOLID" />
                </Line>
                <Line startX="37.718837" startY="21.589837" endX="37.718837" endY="21.589837">
                  <LineDesc lineEnd="ROUND" lineWidth="0.254" lineProperty="SOLID" />
                </Line>
                <Line startX="37.718837" startY="21.589837" endX="37.549559" endY="21.420559">
                  <LineDesc lineEnd="ROUND" lineWidth="0.254" lineProperty="SOLID" />
                </Line>
                <Line startX="33.671713" startY="21.394994" endX="33.502435" endY="21.564272">
                  <LineDesc lineEnd="ROUND" lineWidth="0.254" lineProperty="SOLID" />
                </Line>
                <Line startX="33.502435" startY="21.564272" endX="33.163878" endY="21.564272">
                  <LineDesc lineEnd="ROUND" lineWidth="0.254" lineProperty="SOLID" />
                </Line>
                <Line startX="33.163878" startY="21.564272" endX="32.9946" endY="21.394994">
                  <LineDesc lineEnd="ROUND" lineWidth="0.254" lineProperty="SOLID" />
                </Line>
                <Line startX="32.9946" startY="21.394994" endX="32.9946" endY="20.717878">
                  <LineDesc lineEnd="ROUND" lineWidth="0.254" lineProperty="SOLID" />
                </Line>
                <Line startX="32.9946" startY="20.717878" endX="33.163878" endY="20.5486">
                  <LineDesc lineEnd="ROUND" lineWidth="0.254" lineProperty="SOLID" />
                </Line>
                <Line startX="33.163878" startY="20.5486" endX="33.502435" endY="20.5486">
                  <LineDesc lineEnd="ROUND" lineWidth="0.254" lineProperty="SOLID" />
                </Line>
                <Line startX="33.502435" startY="20.5486" endX="33.671713" endY="20.717878">
                  <LineDesc lineEnd="ROUND" lineWidth="0.254" lineProperty="SOLID" />
                </Line>
                <Line startX="34.010272" startY="21.394994" endX="34.179551" endY="21.564272">
                  <LineDesc lineEnd="ROUND" lineWidth="0.254" lineProperty="SOLID" />
                </Line>
                <Line startX="34.179551" startY="21.564272" endX="34.518107" endY="21.564272">
                  <LineDesc lineEnd="ROUND" lineWidth="0.254" lineProperty="SOLID" />
                </Line>
                <Line startX="34.518107" startY="21.564272" endX="34.687386" endY="21.394994">
                  <LineDesc lineEnd="ROUND" lineWidth="0.254" lineProperty="SOLID" />
                </Line>
                <Line startX="34.687386" startY="21.394994" endX="34.687386" endY="21.225713">
                  <LineDesc lineEnd="ROUND" lineWidth="0.254" lineProperty="SOLID" />
                </Line>
                <Line startX="34.687386" startY="21.225713" endX="34.687386" endY="21.225713">
                  <LineDesc lineEnd="ROUND" lineWidth="0.254" lineProperty="SOLID" />
                </Line>
                <Line startX="34.687386" startY="21.225713" endX="34.687386" endY="21.225713">
                  <LineDesc lineEnd="ROUND" lineWidth="0.254" lineProperty="SOLID" />
                </Line>
                <Line startX="34.687386" startY="21.225713" endX="34.687386" endY="21.225713">
                  <LineDesc lineEnd="ROUND" lineWidth="0.254" lineProperty="SOLID" />
                </Line>
                <Line startX="34.687386" startY="21.225713" endX="34.518107" endY="21.056435">
                  <LineDesc lineEnd="ROUND" lineWidth="0.254" lineProperty="SOLID" />
                </Line>
                <Line startX="34.518107" startY="21.056435" endX="34.348829" endY="21.056435">
                  <LineDesc lineEnd="ROUND" lineWidth="0.254" lineProperty="SOLID" />
                </Line>
                <Line startX="34.348829" startY="21.056435" endX="34.518107" endY="21.056435">
                  <LineDesc lineEnd="ROUND" lineWidth="0.254" lineProperty="SOLID" />
                </Line>
                <Line startX="34.518107" startY="21.056435" endX="34.687386" endY="20.887157">
                  <LineDesc lineEnd="ROUND" lineWidth="0.254" lineProperty="SOLID" />
                </Line>
                <Line startX="34.687386" startY="20.887157" endX="34.687386" endY="20.717878">
                  <LineDesc lineEnd="ROUND" lineWidth="0.254" lineProperty="SOLID" />
                </Line>
                <Line startX="34.687386" startY="20.717878" endX="34.518107" endY="20.5486">
                  <LineDesc lineEnd="ROUND" lineWidth="0.254" lineProperty="SOLID" />
                </Line>
                <Line startX="34.518107" startY="20.5486" endX="34.179551" endY="20.5486">
                  <LineDesc lineEnd="ROUND" lineWidth="0.254" lineProperty="SOLID" />
                </Line>
                <Line startX="34.179551" startY="20.5486" endX="34.010272" endY="20.717878">
                  <LineDesc lineEnd="ROUND" lineWidth="0.254" lineProperty="SOLID" />
                </Line>
                <Line startX="9.541713" startY="20.023394" endX="9.372435" endY="20.192672">
                  <LineDesc lineEnd="ROUND" lineWidth="0.254" lineProperty="SOLID" />
                </Line>
                <Line startX="9.372435" startY="20.192672" endX="9.033878" endY="20.192672">
                  <LineDesc lineEnd="ROUND" lineWidth="0.254" lineProperty="SOLID" />
                </Line>
                <Line startX="9.033878" startY="20.192672" endX="8.8646" endY="20.023394">
                  <LineDesc lineEnd="ROUND" lineWidth="0.254" lineProperty="SOLID" />
                </Line>
                <Line startX="8.8646" startY="20.023394" endX="8.8646" endY="19.346278">
                  <LineDesc lineEnd="ROUND" lineWidth="0.254" lineProperty="SOLID" />
                </Line>
                <Line startX="8.8646" startY="19.346278" endX="9.033878" endY="19.177">
                  <LineDesc lineEnd="ROUND" lineWidth="0.254" lineProperty="SOLID" />
                </Line>
                <Line startX="9.033878" startY="19.177" endX="9.372435" endY="19.177">
                  <LineDesc lineEnd="ROUND" lineWidth="0.254" lineProperty="SOLID" />
                </Line>
                <Line startX="9.372435" startY="19.177" endX="9.541713" endY="19.346278">
                  <LineDesc lineEnd="ROUND" lineWidth="0.254" lineProperty="SOLID" />
                </Line>
                <Line startX="10.388107" startY="19.177" endX="10.388107" endY="20.192672">
                  <LineDesc lineEnd="ROUND" lineWidth="0.254" lineProperty="SOLID" />
                </Line>
                <Line startX="10.388107" startY="20.192672" endX="9.880272" endY="19.684835">
                  <LineDesc lineEnd="ROUND" lineWidth="0.254" lineProperty="SOLID" />
                </Line>
                <Line startX="9.880272" startY="19.684835" endX="10.557386" endY="19.684835">
                  <LineDesc lineEnd="ROUND" lineWidth="0.254" lineProperty="SOLID" />
                </Line>
                <Line startX="42.0878" startY="45.237072" endX="42.0878" endY="44.2214">
                  <LineDesc lineEnd="ROUND" lineWidth="0.254" lineProperty="SOLID" />
                </Line>
                <Line startX="42.0878" startY="44.2214" endX="42.595635" endY="44.2214">
                  <LineDesc lineEnd="ROUND" lineWidth="0.254" lineProperty="SOLID" />
                </Line>
                <Line startX="42.595635" startY="44.2214" endX="42.764913" endY="44.390678">
                  <LineDesc lineEnd="ROUND" lineWidth="0.254" lineProperty="SOLID" />
                </Line>
                <Line startX="42.764913" startY="44.390678" endX="42.764913" endY="45.067794">
                  <LineDesc lineEnd="ROUND" lineWidth="0.254" lineProperty="SOLID" />
                </Line>
                <Line startX="42.764913" startY="45.067794" endX="42.595635" endY="45.237072">
                  <LineDesc lineEnd="ROUND" lineWidth="0.254" lineProperty="SOLID" />
                </Line>
                <Line startX="42.595635" startY="45.237072" endX="42.0878" endY="45.237072">
                  <LineDesc lineEnd="ROUND" lineWidth="0.254" lineProperty="SOLID" />
                </Line>
                <Line startX="43.103471999999996" startY="44.2214" endX="43.442029" endY="44.2214">
                  <LineDesc lineEnd="ROUND" lineWidth="0.254" lineProperty="SOLID" />
                </Line>
                <Line startX="43.442029" startY="44.2214" endX="43.272751" endY="44.2214">
                  <LineDesc lineEnd="ROUND" lineWidth="0.254" lineProperty="SOLID" />
                </Line>
                <Line startX="43.272751" startY="44.2214" endX="43.272751" endY="45.237072">
                  <LineDesc lineEnd="ROUND" lineWidth="0.254" lineProperty="SOLID" />
                </Line>
                <Line startX="43.272751" startY="45.237072" endX="43.272751" endY="45.237072">
                  <LineDesc lineEnd="ROUND" lineWidth="0.254" lineProperty="SOLID" />
                </Line>
                <Line startX="43.272751" startY="45.237072" endX="43.103471999999996" endY="45.067794">
                  <LineDesc lineEnd="ROUND" lineWidth="0.254" lineProperty="SOLID" />
                </Line>
                <Line startX="43.518884" startY="52.323837" endX="43.180328" endY="52.323837">
                  <LineDesc lineEnd="ROUND" lineWidth="0.254" lineProperty="SOLID" />
                </Line>
                <Line startX="43.180328" startY="52.323837" endX="43.349606" endY="52.323837">
                  <LineDesc lineEnd="ROUND" lineWidth="0.254" lineProperty="SOLID" />
                </Line>
                <Line startX="43.349606" startY="52.323837" endX="43.349606" endY="51.477443">
                  <LineDesc lineEnd="ROUND" lineWidth="0.254" lineProperty="SOLID" />
                </Line>
                <Line startX="43.349606" startY="51.477443" endX="43.180328" endY="51.308165">
                  <LineDesc lineEnd="ROUND" lineWidth="0.254" lineProperty="SOLID" />
                </Line>
                <Line startX="43.180328" startY="51.308165" endX="43.011049" endY="51.308165">
                  <LineDesc lineEnd="ROUND" lineWidth="0.254" lineProperty="SOLID" />
                </Line>
                <Line startX="43.011049" startY="51.308165" endX="42.841771" endY="51.477443">
                  <LineDesc lineEnd="ROUND" lineWidth="0.254" lineProperty="SOLID" />
                </Line>
                <Line startX="43.857443" startY="51.308165" endX="43.857443" endY="52.323837">
                  <LineDesc lineEnd="ROUND" lineWidth="0.254" lineProperty="SOLID" />
                </Line>
                <Line startX="43.857443" startY="52.323837" endX="44.365278" endY="52.323837">
                  <LineDesc lineEnd="ROUND" lineWidth="0.254" lineProperty="SOLID" />
                </Line>
                <Line startX="44.365278" startY="52.323837" endX="44.534557" endY="52.154559">
                  <LineDesc lineEnd="ROUND" lineWidth="0.254" lineProperty="SOLID" />
                </Line>
                <Line startX="44.534557" startY="52.154559" endX="44.534557" endY="51.816">
                  <LineDesc lineEnd="ROUND" lineWidth="0.254" lineProperty="SOLID" />
                </Line>
                <Line startX="44.534557" startY="51.816" endX="44.365278" endY="51.646722">
                  <LineDesc lineEnd="ROUND" lineWidth="0.254" lineProperty="SOLID" />
                </Line>
                <Line startX="44.365278" startY="51.646722" endX="43.857443" endY="51.646722">
                  <LineDesc lineEnd="ROUND" lineWidth="0.254" lineProperty="SOLID" />
                </Line>
                <Line startX="45.550229" startY="51.308165" endX="44.873116" endY="51.308165">
                  <LineDesc lineEnd="ROUND" lineWidth="0.254" lineProperty="SOLID" />
                </Line>
                <Line startX="44.873116" startY="51.308165" endX="45.550229" endY="51.985278">
                  <LineDesc lineEnd="ROUND" lineWidth="0.254" lineProperty="SOLID" />
                </Line>
                <Line startX="45.550229" startY="51.985278" endX="45.550229" endY="52.154559">
                  <LineDesc lineEnd="ROUND" lineWidth="0.254" lineProperty="SOLID" />
                </Line>
                <Line startX="45.550229" startY="52.154559" endX="45.380951" endY="52.323837">
                  <LineDesc lineEnd="ROUND" lineWidth="0.254" lineProperty="SOLID" />
                </Line>
                <Line startX="45.380951" startY="52.323837" endX="45.042394" endY="52.323837">
                  <LineDesc lineEnd="ROUND" lineWidth="0.254" lineProperty="SOLID" />
                </Line>
                <Line startX="45.042394" startY="52.323837" endX="44.873116" endY="52.154559">
                  <LineDesc lineEnd="ROUND" lineWidth="0.254" lineProperty="SOLID" />
                </Line>
                <Line startX="28.913887" startY="18.288165" endX="28.913887" endY="19.303837">
                  <LineDesc lineEnd="ROUND" lineWidth="0.254" lineProperty="SOLID" />
                </Line>
                <Line startX="28.913887" startY="19.303837" endX="29.421722" endY="19.303837">
                  <LineDesc lineEnd="ROUND" lineWidth="0.254" lineProperty="SOLID" />
                </Line>
                <Line startX="29.421722" startY="19.303837" endX="29.591" endY="19.134559">
                  <LineDesc lineEnd="ROUND" lineWidth="0.254" lineProperty="SOLID" />
                </Line>
                <Line startX="29.591" startY="19.134559" endX="29.591" endY="18.796">
                  <LineDesc lineEnd="ROUND" lineWidth="0.254" lineProperty="SOLID" />
                </Line>
                <Line startX="29.591" startY="18.796" endX="29.421722" endY="18.626722">
                  <LineDesc lineEnd="ROUND" lineWidth="0.254" lineProperty="SOLID" />
                </Line>
                <Line startX="29.421722" startY="18.626722" endX="28.913887" endY="18.626722">
                  <LineDesc lineEnd="ROUND" lineWidth="0.254" lineProperty="SOLID" />
                </Line>
                <Line startX="29.252443" startY="18.626722" endX="29.591" endY="18.288165">
                  <LineDesc lineEnd="ROUND" lineWidth="0.254" lineProperty="SOLID" />
                </Line>
                <Line startX="29.929559" startY="18.288165" endX="30.268116" endY="18.288165">
                  <LineDesc lineEnd="ROUND" lineWidth="0.254" lineProperty="SOLID" />
                </Line>
                <Line startX="30.268116" startY="18.288165" endX="30.098837" endY="18.288165">
                  <LineDesc lineEnd="ROUND" lineWidth="0.254" lineProperty="SOLID" />
                </Line>
                <Line startX="30.098837" startY="18.288165" endX="30.098837" endY="19.303837">
                  <LineDesc lineEnd="ROUND" lineWidth="0.254" lineProperty="SOLID" />
                </Line>
                <Line startX="30.098837" startY="19.303837" endX="30.098837" endY="19.303837">
                  <LineDesc lineEnd="ROUND" lineWidth="0.254" lineProperty="SOLID" />
                </Line>
                <Line startX="30.098837" startY="19.303837" endX="29.929559" endY="19.134559">
                  <LineDesc lineEnd="ROUND" lineWidth="0.254" lineProperty="SOLID" />
                </Line>
                <Line startX="7.340272" startY="26.974389" endX="7.086354" endY="27.228307">
                  <LineDesc lineEnd="ROUND" lineWidth="0.254" lineProperty="SOLID" />
                </Line>
                <Line startX="7.086354" startY="27.228307" endX="6.578519" endY="27.228307">
                  <LineDesc lineEnd="ROUND" lineWidth="0.254" lineProperty="SOLID" />
                </Line>
                <Line startX="6.578519" startY="27.228307" endX="6.3246" endY="26.974389">
                  <LineDesc lineEnd="ROUND" lineWidth="0.254" lineProperty="SOLID" />
                </Line>
                <Line startX="6.3246" startY="26.974389" endX="6.3246" endY="25.958719">
                  <LineDesc lineEnd="ROUND" lineWidth="0.254" lineProperty="SOLID" />
                </Line>
                <Line startX="6.3246" startY="25.958719" endX="6.578519" endY="25.7048">
                  <LineDesc lineEnd="ROUND" lineWidth="0.254" lineProperty="SOLID" />
                </Line>
                <Line startX="6.578519" startY="25.7048" endX="7.086354" endY="25.7048">
                  <LineDesc lineEnd="ROUND" lineWidth="0.254" lineProperty="SOLID" />
                </Line>
                <Line startX="7.086354" startY="25.7048" endX="7.340272" endY="25.958719">
                  <LineDesc lineEnd="ROUND" lineWidth="0.254" lineProperty="SOLID" />
                </Line>
                <Line startX="7.340272" startY="25.958719" endX="7.340272" endY="26.466554">
                  <LineDesc lineEnd="ROUND" lineWidth="0.254" lineProperty="SOLID" />
                </Line>
                <Line startX="7.340272" startY="26.466554" endX="6.832435" endY="26.466554">
                  <LineDesc lineEnd="ROUND" lineWidth="0.254" lineProperty="SOLID" />
                </Line>
                <Line startX="7.848107" startY="25.7048" endX="7.848107" endY="27.228307">
                  <LineDesc lineEnd="ROUND" lineWidth="0.254" lineProperty="SOLID" />
                </Line>
                <Line startX="7.848107" startY="27.228307" endX="8.86378" endY="25.7048">
                  <LineDesc lineEnd="ROUND" lineWidth="0.254" lineProperty="SOLID" />
                </Line>
                <Line startX="8.86378" startY="25.7048" endX="8.86378" endY="27.228307">
                  <LineDesc lineEnd="ROUND" lineWidth="0.254" lineProperty="SOLID" />
                </Line>
                <Line startX="9.371614" startY="27.228307" endX="9.371614" endY="25.7048">
                  <LineDesc lineEnd="ROUND" lineWidth="0.254" lineProperty="SOLID" />
                </Line>
                <Line startX="9.371614" startY="25.7048" endX="10.133368" endY="25.7048">
                  <LineDesc lineEnd="ROUND" lineWidth="0.254" lineProperty="SOLID" />
                </Line>
                <Line startX="10.133368" startY="25.7048" endX="10.387287" endY="25.958719">
                  <LineDesc lineEnd="ROUND" lineWidth="0.254" lineProperty="SOLID" />
                </Line>
                <Line startX="10.387287" startY="25.958719" endX="10.387287" endY="26.974389">
                  <LineDesc lineEnd="ROUND" lineWidth="0.254" lineProperty="SOLID" />
                </Line>
                <Line startX="10.387287" startY="26.974389" endX="10.133368" endY="27.228307">
                  <LineDesc lineEnd="ROUND" lineWidth="0.254" lineProperty="SOLID" />
                </Line>
                <Line startX="10.133368" startY="27.228307" endX="9.371614" endY="27.228307">
                  <LineDesc lineEnd="ROUND" lineWidth="0.254" lineProperty="SOLID" />
                </Line>
                <Line startX="6.1976" startY="30.8102" endX="6.1976" endY="32.333707">
                  <LineDesc lineEnd="ROUND" lineWidth="0.254" lineProperty="SOLID" />
                </Line>
                <Line startX="6.1976" startY="32.333707" endX="6.959354" endY="32.333707">
                  <LineDesc lineEnd="ROUND" lineWidth="0.254" lineProperty="SOLID" />
                </Line>
                <Line startX="6.959354" startY="32.333707" endX="7.213272" endY="32.079789">
                  <LineDesc lineEnd="ROUND" lineWidth="0.254" lineProperty="SOLID" />
                </Line>
                <Line startX="7.213272" startY="32.079789" endX="7.213272" endY="31.571954">
                  <LineDesc lineEnd="ROUND" lineWidth="0.254" lineProperty="SOLID" />
                </Line>
                <Line startX="7.213272" startY="31.571954" endX="6.959354" endY="31.318035">
                  <LineDesc lineEnd="ROUND" lineWidth="0.254" lineProperty="SOLID" />
                </Line>
                <Line startX="6.959354" startY="31.318035" endX="6.1976" endY="31.318035">
                  <LineDesc lineEnd="ROUND" lineWidth="0.254" lineProperty="SOLID" />
                </Line>
                <Line startX="7.721107" startY="32.333707" endX="7.721107" endY="30.8102">
                  <LineDesc lineEnd="ROUND" lineWidth="0.254" lineProperty="SOLID" />
                </Line>
                <Line startX="7.721107" startY="30.8102" endX="8.228942" endY="31.318035">
                  <LineDesc lineEnd="ROUND" lineWidth="0.254" lineProperty="SOLID" />
                </Line>
                <Line startX="8.228942" startY="31.318035" endX="8.73678" endY="30.8102">
                  <LineDesc lineEnd="ROUND" lineWidth="0.254" lineProperty="SOLID" />
                </Line>
                <Line startX="8.73678" startY="30.8102" endX="8.73678" endY="32.333707">
                  <LineDesc lineEnd="ROUND" lineWidth="0.254" lineProperty="SOLID" />
                </Line>
                <Line startX="9.244614" startY="30.8102" endX="9.244614" endY="32.333707">
                  <LineDesc lineEnd="ROUND" lineWidth="0.254" lineProperty="SOLID" />
                </Line>
                <Line startX="9.244614" startY="32.333707" endX="10.006368" endY="32.333707">
                  <LineDesc lineEnd="ROUND" lineWidth="0.254" lineProperty="SOLID" />
                </Line>
                <Line startX="10.006368" startY="32.333707" endX="10.260287" endY="32.079789">
                  <LineDesc lineEnd="ROUND" lineWidth="0.254" lineProperty="SOLID" />
                </Line>
                <Line startX="10.260287" startY="32.079789" endX="10.260287" endY="31.571954">
                  <LineDesc lineEnd="ROUND" lineWidth="0.254" lineProperty="SOLID" />
                </Line>
                <Line startX="10.260287" startY="31.571954" endX="10.006368" endY="31.318035">
                  <LineDesc lineEnd="ROUND" lineWidth="0.254" lineProperty="SOLID" />
                </Line>
                <Line startX="10.006368" startY="31.318035" endX="9.244614" endY="31.318035">
                  <LineDesc lineEnd="ROUND" lineWidth="0.254" lineProperty="SOLID" />
                </Line>
                <Line startX="9.752449" startY="31.318035" endX="10.260287" endY="30.8102">
                  <LineDesc lineEnd="ROUND" lineWidth="0.254" lineProperty="SOLID" />
                </Line>
              </UserSpecial>
            </Features>
          </Set>
        </LayerFeature>
        <LayerFeature layerRef="Top Solder">
          <Set>
            <ColorRef id="LAYER_COLOR_Top Solder" />
          </Set>
        </LayerFeature>
        <LayerFeature layerRef="Top Layer">
          <Set>
            <ColorRef id="LAYER_COLOR_Top Layer" />
          </Set>
          <Set net="GND">
            <Features>
              <UserSpecial>
                <Line startX="26.781498" startY="16.525502" endX="26.797" endY="16.51">
                  <LineDesc lineEnd="ROUND" lineWidth="0.254" lineProperty="SOLID" />
                </Line>
                <Line startX="25.796497" startY="16.525502" endX="26.781498" endY="16.525502">
                  <LineDesc lineEnd="ROUND" lineWidth="0.254" lineProperty="SOLID" />
                </Line>
                <Line startX="37.211" startY="18.426001" endX="37.211" endY="20.066">
                  <LineDesc lineEnd="ROUND" lineWidth="0.254" lineProperty="SOLID" />
                </Line>
                <Line startX="37.211" startY="18.426001" endX="37.211003" endY="18.425998">
                  <LineDesc lineEnd="ROUND" lineWidth="0.254" lineProperty="SOLID" />
                </Line>
                <Line startX="34.036" startY="18.526001" endX="34.036" endY="20.066">
                  <LineDesc lineEnd="ROUND" lineWidth="0.254" lineProperty="SOLID" />
                </Line>
                <Line startX="25.780997" startY="16.541001" endX="25.796497" endY="16.525502">
                  <LineDesc lineEnd="ROUND" lineWidth="0.254" lineProperty="SOLID" />
                </Line>
                <Line startX="16.096" startY="14.191" endX="16.891" endY="14.191">
                  <LineDesc lineEnd="ROUND" lineWidth="0.254" lineProperty="SOLID" />
                </Line>
                <Line startX="15.621" startY="13.716" endX="16.096" endY="14.191">
                  <LineDesc lineEnd="ROUND" lineWidth="0.254" lineProperty="SOLID" />
                </Line>
                <Line startX="12.446" startY="13.716" endX="12.446" endY="15.167099">
                  <LineDesc lineEnd="ROUND" lineWidth="0.254" lineProperty="SOLID" />
                </Line>
                <Line startX="9.906" startY="13.716" endX="9.906" endY="15.167099">
                  <LineDesc lineEnd="ROUND" lineWidth="0.254" lineProperty="SOLID" />
                </Line>
              </UserSpecial>
            </Features>
            <Features>
              <Contour>
                <Polygon>
                  <PolyBegin x="52.2986" y="43.3832" />
                  <PolyStepSegment x="52.2986" y="26.8986" />
                  <PolyStepSegment x="52.3494" y="26.8478" />
                  <PolyStepSegment x="51.6382" y="26.1366" />
                  <PolyStepSegment x="44.1706" y="26.1366" />
                  <PolyStepSegment x="43.4848" y="26.8224" />
                  <PolyStepSegment x="43.4848" y="43.0784" />
                  <PolyStepSegment x="43.5356" y="43.0784" />
                  <PolyStepSegment x="44.7294" y="44.2722" />
                  <PolyStepSegment x="51.4096" y="44.2722" />
                  <PolyStepSegment x="52.2986" y="43.3832" />
                </Polygon>
                <Cutout>
                  <PolyBegin x="51.054" y="43.550251" />
                  <PolyStepSegment x="51.054" y="43.18" />
                  <PolyStepSegment x="51.424251" y="43.18" />
                  <PolyStepSegment x="51.357662" y="43.340759" />
                  <PolyStepSegment x="51.214759" y="43.483662" />
                  <PolyStepSegment x="51.054" y="43.550251" />
                </Cutout>
                <Cutout>
                  <PolyBegin x="50.8" y="43.550251" />
                  <PolyStepSegment x="50.639241" y="43.483662" />
                  <PolyStepSegment x="50.496338" y="43.340759" />
                  <PolyStepSegment x="50.429749" y="43.18" />
                  <PolyStepSegment x="50.8" y="43.18" />
                  <PolyStepSegment x="50.8" y="43.550251" />
                </Cutout>
                <Cutout>
                  <PolyBegin x="51.424251" y="42.926" />
                  <PolyStepSegment x="50.429749" y="42.926" />
                  <PolyStepSegment x="50.496338" y="42.765241" />
                  <PolyStepSegment x="50.570112" y="42.691467" />
                  <PolyStepSegment x="50.629358" y="42.6085" />
                  <PolyStepSegment x="50.570112" y="42.525533" />
                  <PolyStepSegment x="50.496338" y="42.451759" />
                  <PolyStepSegment x="50.429749" y="42.291" />
                  <PolyStepSegment x="51.424251" y="42.291" />
                  <PolyStepSegment x="51.357662" y="42.451759" />
                  <PolyStepSegment x="51.283888" y="42.525533" />
                  <PolyStepSegment x="51.224642" y="42.6085" />
                  <PolyStepSegment x="51.283888" y="42.691467" />
                  <PolyStepSegment x="51.357662" y="42.765241" />
                  <PolyStepSegment x="51.424251" y="42.926" />
                </Cutout>
                <Cutout>
                  <PolyBegin x="51.424251" y="42.037" />
                  <PolyStepSegment x="50.429749" y="42.037" />
                  <PolyStepSegment x="50.496338" y="41.876241" />
                  <PolyStepSegment x="50.570112" y="41.802467" />
                  <PolyStepSegment x="50.629358" y="41.7195" />
                  <PolyStepSegment x="50.570112" y="41.636533" />
                  <PolyStepSegment x="50.496338" y="41.562759" />
                  <PolyStepSegment x="50.429749" y="41.402" />
                  <PolyStepSegment x="51.424251" y="41.402" />
                  <PolyStepSegment x="51.357662" y="41.562759" />
                  <PolyStepSegment x="51.283888" y="41.636533" />
                  <PolyStepSegment x="51.224642" y="41.7195" />
                  <PolyStepSegment x="51.283888" y="41.802467" />
                  <PolyStepSegment x="51.357662" y="41.876241" />
                  <PolyStepSegment x="51.424251" y="42.037" />
                </Cutout>
                <Cutout>
                  <PolyBegin x="51.424251" y="41.148" />
                  <PolyStepSegment x="50.429749" y="41.148" />
                  <PolyStepSegment x="50.496338" y="40.987241" />
                  <PolyStepSegment x="50.570112" y="40.913467" />
                  <PolyStepSegment x="50.629358" y="40.8305" />
                  <PolyStepSegment x="50.570112" y="40.747533" />
                  <PolyStepSegment x="50.496338" y="40.673759" />
                  <PolyStepSegment x="50.429749" y="40.513" />
                  <PolyStepSegment x="51.424251" y="40.513" />
                  <PolyStepSegment x="51.357662" y="40.673759" />
                  <PolyStepSegment x="51.283888" y="40.747533" />
                  <PolyStepSegment x="51.224642" y="40.8305" />
                  <PolyStepSegment x="51.283888" y="40.913467" />
                  <PolyStepSegment x="51.357662" y="40.987241" />
                  <PolyStepSegment x="51.424251" y="41.148" />
                </Cutout>
                <Cutout>
                  <PolyBegin x="51.424251" y="40.259" />
                  <PolyStepSegment x="50.429749" y="40.259" />
                  <PolyStepSegment x="50.496338" y="40.098241" />
                  <PolyStepSegment x="50.570112" y="40.024467" />
                  <PolyStepSegment x="50.629358" y="39.9415" />
                  <PolyStepSegment x="50.570112" y="39.858533" />
                  <PolyStepSegment x="50.496338" y="39.784759" />
                  <PolyStepSegment x="50.429749" y="39.624" />
                  <PolyStepSegment x="51.424251" y="39.624" />
                  <PolyStepSegment x="51.357662" y="39.784759" />
                  <PolyStepSegment x="51.283888" y="39.858533" />
                  <PolyStepSegment x="51.224642" y="39.9415" />
                  <PolyStepSegment x="51.283888" y="40.024467" />
                  <PolyStepSegment x="51.357662" y="40.098241" />
                  <PolyStepSegment x="51.424251" y="40.259" />
                </Cutout>
                <Cutout>
                  <PolyBegin x="51.424251" y="39.37" />
                  <PolyStepSegment x="50.429749" y="39.37" />
                  <PolyStepSegment x="50.496338" y="39.209241" />
                  <PolyStepSegment x="50.570112" y="39.135467" />
                  <PolyStepSegment x="50.629358" y="39.0525" />
                  <PolyStepSegment x="50.570112" y="38.969533" />
                  <PolyStepSegment x="50.496338" y="38.895759" />
                  <PolyStepSegment x="50.429749" y="38.735" />
                  <PolyStepSegment x="51.424251" y="38.735" />
                  <PolyStepSegment x="51.357662" y="38.895759" />
                  <PolyStepSegment x="51.283888" y="38.969533" />
                  <PolyStepSegment x="51.224642" y="39.0525" />
                  <PolyStepSegment x="51.283888" y="39.135467" />
                  <PolyStepSegment x="51.357662" y="39.209241" />
                  <PolyStepSegment x="51.424251" y="39.37" />
                </Cutout>
                <Cutout>
                  <PolyBegin x="51.424251" y="38.481" />
                  <PolyStepSegment x="50.429749" y="38.481" />
                  <PolyStepSegment x="50.496338" y="38.320241" />
                  <PolyStepSegment x="50.570112" y="38.246467" />
                  <PolyStepSegment x="50.629358" y="38.1635" />
                  <PolyStepSegment x="50.570112" y="38.080533" />
                  <PolyStepSegment x="50.496338" y="38.006759" />
                  <PolyStepSegment x="50.429749" y="37.846" />
                  <PolyStepSegment x="51.424251" y="37.846" />
                  <PolyStepSegment x="51.357662" y="38.006759" />
                  <PolyStepSegment x="51.283888" y="38.080533" />
                  <PolyStepSegment x="51.224642" y="38.1635" />
                  <PolyStepSegment x="51.283888" y="38.246467" />
                  <PolyStepSegment x="51.357662" y="38.320241" />
                  <PolyStepSegment x="51.424251" y="38.481" />
                </Cutout>
                <Cutout>
                  <PolyBegin x="51.424251" y="37.592" />
                  <PolyStepSegment x="50.429749" y="37.592" />
                  <PolyStepSegment x="50.496338" y="37.431241" />
                  <PolyStepSegment x="50.570112" y="37.357467" />
                  <PolyStepSegment x="50.629358" y="37.2745" />
                  <PolyStepSegment x="50.570112" y="37.191533" />
                  <PolyStepSegment x="50.496338" y="37.117759" />
                  <PolyStepSegment x="50.429749" y="36.957" />
                  <PolyStepSegment x="51.424251" y="36.957" />
                  <PolyStepSegment x="51.357662" y="37.117759" />
                  <PolyStepSegment x="51.283888" y="37.191533" />
                  <PolyStepSegment x="51.224642" y="37.2745" />
                  <PolyStepSegment x="51.283888" y="37.357467" />
                  <PolyStepSegment x="51.357662" y="37.431241" />
                  <PolyStepSegment x="51.424251" y="37.592" />
                </Cutout>
                <Cutout>
                  <PolyBegin x="51.424251" y="36.703" />
                  <PolyStepSegment x="51.054" y="36.703" />
                  <PolyStepSegment x="51.054" y="36.332749" />
                  <PolyStepSegment x="51.214759" y="36.399338" />
                  <PolyStepSegment x="51.357662" y="36.542241" />
                  <PolyStepSegment x="51.424251" y="36.703" />
                </Cutout>
                <Cutout>
                  <PolyBegin x="50.8" y="36.703" />
                  <PolyStepSegment x="50.429749" y="36.703" />
                  <PolyStepSegment x="50.496338" y="36.542241" />
                  <PolyStepSegment x="50.639241" y="36.399338" />
                  <PolyStepSegment x="50.8" y="36.332749" />
                  <PolyStepSegment x="50.8" y="36.703" />
                </Cutout>
                <Cutout>
                  <PolyBegin x="51.054" y="34.025251" />
                  <PolyStepSegment x="51.054" y="33.655" />
                  <PolyStepSegment x="51.424251" y="33.655" />
                  <PolyStepSegment x="51.357662" y="33.815759" />
                  <PolyStepSegment x="51.214759" y="33.958662" />
                  <PolyStepSegment x="51.054" y="34.025251" />
                </Cutout>
                <Cutout>
                  <PolyBegin x="50.8" y="34.025251" />
                  <PolyStepSegment x="50.639241" y="33.958662" />
                  <PolyStepSegment x="50.496338" y="33.815759" />
                  <PolyStepSegment x="50.429749" y="33.655" />
                  <PolyStepSegment x="50.8" y="33.655" />
                  <PolyStepSegment x="50.8" y="34.025251" />
                </Cutout>
                <Cutout>
                  <PolyBegin x="51.424251" y="33.401" />
                  <PolyStepSegment x="50.429749" y="33.401" />
                  <PolyStepSegment x="50.496338" y="33.240241" />
                  <PolyStepSegment x="50.570112" y="33.166467" />
                  <PolyStepSegment x="50.629358" y="33.0835" />
                  <PolyStepSegment x="50.570112" y="33.000533" />
                  <PolyStepSegment x="50.496338" y="32.926759" />
                  <PolyStepSegment x="50.429749" y="32.766" />
                  <PolyStepSegment x="51.424251" y="32.766" />
                  <PolyStepSegment x="51.357662" y="32.926759" />
                  <PolyStepSegment x="51.283888" y="33.000533" />
                  <PolyStepSegment x="51.224642" y="33.0835" />
                  <PolyStepSegment x="51.283888" y="33.166467" />
                  <PolyStepSegment x="51.357662" y="33.240241" />
                  <PolyStepSegment x="51.424251" y="33.401" />
                </Cutout>
                <Cutout>
                  <PolyBegin x="51.424251" y="32.512" />
                  <PolyStepSegment x="50.429749" y="32.512" />
                  <PolyStepSegment x="50.496338" y="32.351241" />
                  <PolyStepSegment x="50.570112" y="32.277467" />
                  <PolyStepSegment x="50.629358" y="32.1945" />
                  <PolyStepSegment x="50.570112" y="32.111533" />
                  <PolyStepSegment x="50.496338" y="32.037759" />
                  <PolyStepSegment x="50.429749" y="31.877" />
                  <PolyStepSegment x="51.424251" y="31.877" />
                  <PolyStepSegment x="51.357662" y="32.037759" />
                  <PolyStepSegment x="51.283888" y="32.111533" />
                  <PolyStepSegment x="51.224642" y="32.1945" />
                  <PolyStepSegment x="51.283888" y="32.277467" />
                  <PolyStepSegment x="51.357662" y="32.351241" />
                  <PolyStepSegment x="51.424251" y="32.512" />
                </Cutout>
                <Cutout>
                  <PolyBegin x="51.424251" y="31.623" />
                  <PolyStepSegment x="50.429749" y="31.623" />
                  <PolyStepSegment x="50.496338" y="31.462241" />
                  <PolyStepSegment x="50.570112" y="31.388467" />
                  <PolyStepSegment x="50.629358" y="31.3055" />
                  <PolyStepSegment x="50.570112" y="31.222533" />
                  <PolyStepSegment x="50.496338" y="31.148759" />
                  <PolyStepSegment x="50.429749" y="30.988" />
                  <PolyStepSegment x="51.424251" y="30.988" />
                  <PolyStepSegment x="51.357662" y="31.148759" />
                  <PolyStepSegment x="51.283888" y="31.222533" />
                  <PolyStepSegment x="51.224642" y="31.3055" />
                  <PolyStepSegment x="51.283888" y="31.388467" />
                  <PolyStepSegment x="51.357662" y="31.462241" />
                  <PolyStepSegment x="51.424251" y="31.623" />
                </Cutout>
                <Cutout>
                  <PolyBegin x="51.424251" y="30.734" />
                  <PolyStepSegment x="50.429749" y="30.734" />
                  <PolyStepSegment x="50.496338" y="30.573241" />
                  <PolyStepSegment x="50.570112" y="30.499467" />
                  <PolyStepSegment x="50.629358" y="30.4165" />
                  <PolyStepSegment x="50.570112" y="30.333533" />
                  <PolyStepSegment x="50.496338" y="30.259759" />
                  <PolyStepSegment x="50.429749" y="30.099" />
                  <PolyStepSegment x="51.424251" y="30.099" />
                  <PolyStepSegment x="51.357662" y="30.259759" />
                  <PolyStepSegment x="51.283888" y="30.333533" />
                  <PolyStepSegment x="51.224642" y="30.4165" />
                  <PolyStepSegment x="51.283888" y="30.499467" />
                  <PolyStepSegment x="51.357662" y="30.573241" />
                  <PolyStepSegment x="51.424251" y="30.734" />
                </Cutout>
                <Cutout>
                  <PolyBegin x="51.424251" y="29.845" />
                  <PolyStepSegment x="50.429749" y="29.845" />
                  <PolyStepSegment x="50.496338" y="29.684241" />
                  <PolyStepSegment x="50.570112" y="29.610467" />
                  <PolyStepSegment x="50.629358" y="29.5275" />
                  <PolyStepSegment x="50.570112" y="29.444533" />
                  <PolyStepSegment x="50.496338" y="29.370759" />
                  <PolyStepSegment x="50.429749" y="29.21" />
                  <PolyStepSegment x="51.424251" y="29.21" />
                  <PolyStepSegment x="51.357662" y="29.370759" />
                  <PolyStepSegment x="51.283888" y="29.444533" />
                  <PolyStepSegment x="51.224642" y="29.5275" />
                  <PolyStepSegment x="51.283888" y="29.610467" />
                  <PolyStepSegment x="51.357662" y="29.684241" />
                  <PolyStepSegment x="51.424251" y="29.845" />
                </Cutout>
                <Cutout>
                  <PolyBegin x="51.424251" y="28.956" />
                  <PolyStepSegment x="50.429749" y="28.956" />
                  <PolyStepSegment x="50.496338" y="28.795241" />
                  <PolyStepSegment x="50.570112" y="28.721467" />
                  <PolyStepSegment x="50.629358" y="28.6385" />
                  <PolyStepSegment x="50.570112" y="28.555533" />
                  <PolyStepSegment x="50.496338" y="28.481759" />
                  <PolyStepSegment x="50.429749" y="28.321" />
                  <PolyStepSegment x="51.424251" y="28.321" />
                  <PolyStepSegment x="51.357662" y="28.481759" />
                  <PolyStepSegment x="51.283888" y="28.555533" />
                  <PolyStepSegment x="51.224642" y="28.6385" />
                  <PolyStepSegment x="51.283888" y="28.721467" />
                  <PolyStepSegment x="51.357662" y="28.795241" />
                  <PolyStepSegment x="51.424251" y="28.956" />
                </Cutout>
                <Cutout>
                  <PolyBegin x="51.424251" y="28.067" />
                  <PolyStepSegment x="50.429749" y="28.067" />
                  <PolyStepSegment x="50.496338" y="27.906241" />
                  <PolyStepSegment x="50.570112" y="27.832467" />
                  <PolyStepSegment x="50.629358" y="27.7495" />
                  <PolyStepSegment x="50.570112" y="27.666533" />
                  <PolyStepSegment x="50.496338" y="27.592759" />
                  <PolyStepSegment x="50.429749" y="27.432" />
                  <PolyStepSegment x="51.424251" y="27.432" />
                  <PolyStepSegment x="51.357662" y="27.592759" />
                  <PolyStepSegment x="51.283888" y="27.666533" />
                  <PolyStepSegment x="51.224642" y="27.7495" />
                  <PolyStepSegment x="51.283888" y="27.832467" />
                  <PolyStepSegment x="51.357662" y="27.906241" />
                  <PolyStepSegment x="51.424251" y="28.067" />
                </Cutout>
                <Cutout>
                  <PolyBegin x="51.424251" y="27.178" />
                  <PolyStepSegment x="51.054" y="27.178" />
                  <PolyStepSegment x="51.054" y="26.807749" />
                  <PolyStepSegment x="51.214759" y="26.874338" />
                  <PolyStepSegment x="51.357662" y="27.017241" />
                  <PolyStepSegment x="51.424251" y="27.178" />
                </Cutout>
                <Cutout>
                  <PolyBegin x="50.8" y="27.178" />
                  <PolyStepSegment x="50.429749" y="27.178" />
                  <PolyStepSegment x="50.496338" y="27.017241" />
                  <PolyStepSegment x="50.639241" y="26.874338" />
                  <PolyStepSegment x="50.8" y="26.807749" />
                  <PolyStepSegment x="50.8" y="27.178" />
                </Cutout>
              </Contour>
            </Features>
          </Set>
          <Set net="A4">
            <Features>
              <UserSpecial>
                <Line startX="22.8346" startY="46.2534" endX="53.9242" endY="46.2534">
                  <LineDesc lineEnd="ROUND" lineWidth="0.254" lineProperty="SOLID" />
                </Line>
                <Line startX="53.9242" startY="46.2534" endX="61.976" endY="38.2016">
                  <LineDesc lineEnd="ROUND" lineWidth="0.254" lineProperty="SOLID" />
                </Line>
                <Line startX="61.976" startY="3.556" endX="61.976" endY="38.2016">
                  <LineDesc lineEnd="ROUND" lineWidth="0.254" lineProperty="SOLID" />
                </Line>
                <Line startX="18.7452" startY="50.3428" endX="22.8346" endY="46.2534">
                  <LineDesc lineEnd="ROUND" lineWidth="0.254" lineProperty="SOLID" />
                </Line>
                <Line startX="18.7452" startY="50.3428" endX="18.7452" endY="51.7652">
                  <LineDesc lineEnd="ROUND" lineWidth="0.254" lineProperty="SOLID" />
                </Line>
                <Line startX="18.7452" startY="51.7652" endX="18.796" endY="51.816">
                  <LineDesc lineEnd="ROUND" lineWidth="0.254" lineProperty="SOLID" />
                </Line>
              </UserSpecial>
            </Features>
          </Set>
          <Set net="A5">
            <Features>
              <UserSpecial>
                <Line startX="23.418803" startY="48.3362" endX="54.965603" endY="48.3362">
                  <LineDesc lineEnd="ROUND" lineWidth="0.254" lineProperty="SOLID" />
                </Line>
                <Line startX="64.389" startY="3.683" endX="64.389" endY="38.912803">
                  <LineDesc lineEnd="ROUND" lineWidth="0.254" lineProperty="SOLID" />
                </Line>
                <Line startX="54.965603" startY="48.3362" endX="64.389" endY="38.912803">
                  <LineDesc lineEnd="ROUND" lineWidth="0.254" lineProperty="SOLID" />
                </Line>
                <Line startX="21.336" startY="50.419003" endX="23.418803" endY="48.3362">
                  <LineDesc lineEnd="ROUND" lineWidth="0.254" lineProperty="SOLID" />
                </Line>
                <Line startX="21.336" startY="50.419003" endX="21.336" endY="51.816">
                  <LineDesc lineEnd="ROUND" lineWidth="0.254" lineProperty="SOLID" />
                </Line>
                <Line startX="64.389" startY="3.683" endX="64.516" endY="3.556">
                  <LineDesc lineEnd="ROUND" lineWidth="0.254" lineProperty="SOLID" />
                </Line>
              </UserSpecial>
            </Features>
          </Set>
          <Set net="+12">
            <Features>
              <UserSpecial>
                <Line startX="16.129" startY="20.193" endX="17.841001" endY="18.480999">
                  <LineDesc lineEnd="ROUND" lineWidth="0.254" lineProperty="SOLID" />
                </Line>
                <Line startX="17.841001" startY="16.891" endX="17.841001" endY="18.480999">
                  <LineDesc lineEnd="ROUND" lineWidth="0.254" lineProperty="SOLID" />
                </Line>
                <Line startX="17.841001" startY="16.042599" endX="18.791001" endY="15.092599">
                  <LineDesc lineEnd="ROUND" lineWidth="0.254" lineProperty="SOLID" />
                </Line>
                <Line startX="18.791001" startY="14.191" endX="18.791001" endY="15.092599">
                  <LineDesc lineEnd="ROUND" lineWidth="0.254" lineProperty="SOLID" />
                </Line>
                <Line startX="17.841001" startY="16.042599" endX="17.841001" endY="16.891">
                  <LineDesc lineEnd="ROUND" lineWidth="0.254" lineProperty="SOLID" />
                </Line>
              </UserSpecial>
            </Features>
            <Features>
              <Contour>
                <Polygon>
                  <PolyBegin x="41.8338" y="44.0944" />
                  <PolyStepSegment x="42.425869" y="43.502331" />
                  <PolyStepSegment x="42.377266" y="43.384998" />
                  <PolyStepSegment x="41.862002" y="43.384998" />
                  <PolyStepSegment x="41.862002" y="40.386" />
                  <PolyStepSegment x="42.466001" y="40.386" />
                  <PolyStepSegment x="42.466001" y="39.116" />
                  <PolyStepSegment x="41.862002" y="39.116" />
                  <PolyStepSegment x="41.862002" y="36.117002" />
                  <PolyStepSegment x="42.8498" y="36.117002" />
                  <PolyStepSegment x="42.8498" y="33.859998" />
                  <PolyStepSegment x="41.862002" y="33.859998" />
                  <PolyStepSegment x="41.862002" y="30.861" />
                  <PolyStepSegment x="42.466001" y="30.861" />
                  <PolyStepSegment x="42.466001" y="29.591" />
                  <PolyStepSegment x="41.862002" y="29.591" />
                  <PolyStepSegment x="41.862002" y="26.592002" />
                  <PolyStepSegment x="42.326466" y="26.592002" />
                  <PolyStepSegment x="42.375069" y="26.474669" />
                  <PolyStepSegment x="42.037" y="26.1366" />
                  <PolyStepSegment x="22.987" y="26.1366" />
                  <PolyStepSegment x="13.567331" y="16.716931" />
                  <PolyStepSegment x="13.449998" y="16.765534" />
                  <PolyStepSegment x="13.449998" y="17.040101" />
                  <PolyStepSegment x="12.446" y="17.040101" />
                  <PolyStepSegment x="11.442002" y="17.040101" />
                  <PolyStepSegment x="11.442002" y="16.5354" />
                  <PolyStepSegment x="10.909998" y="16.5354" />
                  <PolyStepSegment x="10.909998" y="17.040101" />
                  <PolyStepSegment x="9.906" y="17.040101" />
                  <PolyStepSegment x="8.902002" y="17.040101" />
                  <PolyStepSegment x="8.902002" y="16.943334" />
                  <PolyStepSegment x="8.784669" y="16.894731" />
                  <PolyStepSegment x="7.4676" y="18.2118" />
                  <PolyStepSegment x="7.4676" y="26.3906" />
                  <PolyStepSegment x="4.4958" y="29.3624" />
                  <PolyStepSegment x="2.5908" y="29.3624" />
                  <PolyStepSegment x="1.778" y="30.1752" />
                  <PolyStepSegment x="1.778" y="38.227" />
                  <PolyStepSegment x="7.7724" y="44.2214" />
                  <PolyStepSegment x="41.8338" y="44.2214" />
                  <PolyStepSegment x="41.8338" y="44.0944" />
                </Polygon>
                <Cutout>
                  <PolyBegin x="3.706101" y="33.02" />
                  <PolyStepSegment x="3.683" y="33.02" />
                  <PolyStepSegment x="3.683" y="31.623" />
                  <PolyStepSegment x="5.08" y="31.623" />
                  <PolyStepSegment x="5.08" y="31.646101" />
                  <PolyStepSegment x="5.021433" y="31.940536" />
                  <PolyStepSegment x="4.906551" y="32.217886" />
                  <PolyStepSegment x="4.739767" y="32.467494" />
                  <PolyStepSegment x="4.527494" y="32.679767" />
                  <PolyStepSegment x="4.277886" y="32.846551" />
                  <PolyStepSegment x="4.000536" y="32.961433" />
                  <PolyStepSegment x="3.706101" y="33.02" />
                </Cutout>
                <Cutout>
                  <PolyBegin x="3.429" y="33.02" />
                  <PolyStepSegment x="3.405899" y="33.02" />
                  <PolyStepSegment x="3.111464" y="32.961433" />
                  <PolyStepSegment x="2.834114" y="32.846551" />
                  <PolyStepSegment x="2.584506" y="32.679767" />
                  <PolyStepSegment x="2.372233" y="32.467494" />
                  <PolyStepSegment x="2.205449" y="32.217886" />
                  <PolyStepSegment x="2.090567" y="31.940536" />
                  <PolyStepSegment x="2.032" y="31.646101" />
                  <PolyStepSegment x="2.032" y="31.623" />
                  <PolyStepSegment x="3.429" y="31.623" />
                  <PolyStepSegment x="3.429" y="33.02" />
                </Cutout>
                <Cutout>
                  <PolyBegin x="5.08" y="31.369" />
                  <PolyStepSegment x="3.683" y="31.369" />
                  <PolyStepSegment x="3.683" y="29.972" />
                  <PolyStepSegment x="3.706101" y="29.972" />
                  <PolyStepSegment x="4.000536" y="30.030567" />
                  <PolyStepSegment x="4.277886" y="30.145449" />
                  <PolyStepSegment x="4.527494" y="30.312233" />
                  <PolyStepSegment x="4.739767" y="30.524506" />
                  <PolyStepSegment x="4.906551" y="30.774114" />
                  <PolyStepSegment x="5.021433" y="31.051464" />
                  <PolyStepSegment x="5.08" y="31.345899" />
                  <PolyStepSegment x="5.08" y="31.369" />
                </Cutout>
                <Cutout>
                  <PolyBegin x="3.429" y="31.369" />
                  <PolyStepSegment x="2.032" y="31.369" />
                  <PolyStepSegment x="2.032" y="31.345899" />
                  <PolyStepSegment x="2.090567" y="31.051464" />
                  <PolyStepSegment x="2.205449" y="30.774114" />
                  <PolyStepSegment x="2.372233" y="30.524506" />
                  <PolyStepSegment x="2.584506" y="30.312233" />
                  <PolyStepSegment x="2.834114" y="30.145449" />
                  <PolyStepSegment x="3.111464" y="30.030567" />
                  <PolyStepSegment x="3.405899" y="29.972" />
                  <PolyStepSegment x="3.429" y="29.972" />
                  <PolyStepSegment x="3.429" y="31.369" />
                </Cutout>
                <Cutout>
                  <PolyBegin x="13.449998" y="18.121099" />
                  <PolyStepSegment x="12.573" y="18.121099" />
                  <PolyStepSegment x="12.573" y="17.294101" />
                  <PolyStepSegment x="13.449998" y="17.294101" />
                  <PolyStepSegment x="13.449998" y="18.121099" />
                </Cutout>
                <Cutout>
                  <PolyBegin x="10.909998" y="18.121099" />
                  <PolyStepSegment x="10.033" y="18.121099" />
                  <PolyStepSegment x="10.033" y="17.294101" />
                  <PolyStepSegment x="10.909998" y="17.294101" />
                  <PolyStepSegment x="10.909998" y="18.121099" />
                </Cutout>
                <Cutout>
                  <PolyBegin x="12.319" y="18.121099" />
                  <PolyStepSegment x="11.442002" y="18.121099" />
                  <PolyStepSegment x="11.442002" y="17.294101" />
                  <PolyStepSegment x="12.319" y="17.294101" />
                  <PolyStepSegment x="12.319" y="18.121099" />
                </Cutout>
                <Cutout>
                  <PolyBegin x="9.779" y="18.121099" />
                  <PolyStepSegment x="8.902002" y="18.121099" />
                  <PolyStepSegment x="8.902002" y="17.294101" />
                  <PolyStepSegment x="9.779" y="17.294101" />
                  <PolyStepSegment x="9.779" y="18.121099" />
                </Cutout>
              </Contour>
            </Features>
          </Set>
          <Set net="NetR1_1">
            <Features>
              <UserSpecial>
                <Line startX="24.7396" startY="17.241002" endX="25.780997" endY="17.241002">
                  <LineDesc lineEnd="ROUND" lineWidth="0.254" lineProperty="SOLID" />
                </Line>
                <Line startX="22.563917" startY="17.241002" endX="24.7396" endY="17.241002">
                  <LineDesc lineEnd="ROUND" lineWidth="0.254" lineProperty="SOLID" />
                </Line>
                <Line startX="25.227798" startY="17.7292" endX="28.3972" endY="17.7292">
                  <LineDesc lineEnd="ROUND" lineWidth="0.254" lineProperty="SOLID" />
                </Line>
                <Line startX="24.7396" startY="17.241002" endX="25.227798" endY="17.7292">
                  <LineDesc lineEnd="ROUND" lineWidth="0.254" lineProperty="SOLID" />
                </Line>
                <Line startX="28.885401" startY="17.240999" endX="29.591003" endY="17.240999">
                  <LineDesc lineEnd="ROUND" lineWidth="0.254" lineProperty="SOLID" />
                </Line>
                <Line startX="28.3972" startY="17.7292" endX="28.885401" endY="17.240999">
                  <LineDesc lineEnd="ROUND" lineWidth="0.254" lineProperty="SOLID" />
                </Line>
                <Line startX="22.213915" startY="16.891" endX="22.563917" endY="17.241002">
                  <LineDesc lineEnd="ROUND" lineWidth="0.254" lineProperty="SOLID" />
                </Line>
                <Line startX="18.791001" startY="16.891" endX="22.213915" endY="16.891">
                  <LineDesc lineEnd="ROUND" lineWidth="0.254" lineProperty="SOLID" />
                </Line>
              </UserSpecial>
            </Features>
          </Set>
          <Set net="NetC2_1">
            <Features>
              <UserSpecial>
                <Line startX="14.086002" startY="14.873402" endX="16.1036" endY="16.891">
                  <LineDesc lineEnd="ROUND" lineWidth="0.254" lineProperty="SOLID" />
                </Line>
                <Line startX="16.1036" startY="16.891" endX="16.891" endY="16.891">
                  <LineDesc lineEnd="ROUND" lineWidth="0.254" lineProperty="SOLID" />
                </Line>
                <Line startX="14.086002" startY="9.906003" endX="14.086002" endY="14.873402">
                  <LineDesc lineEnd="ROUND" lineWidth="0.254" lineProperty="SOLID" />
                </Line>
              </UserSpecial>
            </Features>
          </Set>
          <Set net="SW OUT">
            <Features>
              <UserSpecial>
                <Line startX="17.8054" startY="12.3736" endX="17.8054" endY="14.1554">
                  <LineDesc lineEnd="ROUND" lineWidth="0.254" lineProperty="SOLID" />
                </Line>
                <Line startX="17.8054" startY="10.5918" endX="17.8054" endY="12.3736">
                  <LineDesc lineEnd="ROUND" lineWidth="0.254" lineProperty="SOLID" />
                </Line>
                <Line startX="17.8054" startY="12.3736" endX="18.368" endY="11.811">
                  <LineDesc lineEnd="ROUND" lineWidth="0.254" lineProperty="SOLID" />
                </Line>
                <Line startX="18.368" startY="11.811" endX="21.725999" endY="11.811">
                  <LineDesc lineEnd="ROUND" lineWidth="0.254" lineProperty="SOLID" />
                </Line>
                <Line startX="17.8054" startY="14.1554" endX="17.841001" endY="14.191">
                  <LineDesc lineEnd="ROUND" lineWidth="0.254" lineProperty="SOLID" />
                </Line>
                <Line startX="15.886001" startY="9.906003" endX="17.119603" endY="9.906003">
                  <LineDesc lineEnd="ROUND" lineWidth="0.254" lineProperty="SOLID" />
                </Line>
                <Line startX="17.119603" startY="9.906003" endX="17.8054" endY="10.5918">
                  <LineDesc lineEnd="ROUND" lineWidth="0.254" lineProperty="SOLID" />
                </Line>
              </UserSpecial>
            </Features>
          </Set>
          <Set net="+5">
            <Features>
              <Contour>
                <Polygon>
                  <PolyBegin x="40.767" y="8.1534" />
                  <PolyStepSegment x="45.2374" y="8.1534" />
                  <PolyStepSegment x="47.9044" y="5.2324" />
                  <PolyStepSegment x="47.9806" y="5.1562" />
                  <PolyStepSegment x="47.9806" y="2.921" />
                  <PolyStepSegment x="47.3964" y="2.3368" />
                  <PolyStepSegment x="46.1772" y="2.3368" />
                  <PolyStepSegment x="45.5168" y="2.9972" />
                  <PolyStepSegment x="45.5168" y="4.7498" />
                  <PolyStepSegment x="45.085" y="5.1816" />
                  <PolyStepSegment x="40.6146" y="5.1816" />
                  <PolyStepSegment x="40.1574" y="4.7244" />
                  <PolyStepSegment x="38.9128" y="5.969" />
                  <PolyStepSegment x="38.9128" y="7.2644" />
                  <PolyStepSegment x="40.2844" y="8.636" />
                  <PolyStepSegment x="40.767" y="8.1534" />
                </Polygon>
                <Cutout>
                  <PolyBegin x="46.869759" y="4.572" />
                  <PolyStepSegment x="46.863" y="4.572" />
                  <PolyStepSegment x="46.863" y="3.683" />
                  <PolyStepSegment x="47.752" y="3.683" />
                  <PolyStepSegment x="47.752" y="3.689759" />
                  <PolyStepSegment x="47.682762" y="3.948161" />
                  <PolyStepSegment x="47.549003" y="4.179839" />
                  <PolyStepSegment x="47.359839" y="4.369003" />
                  <PolyStepSegment x="47.128161" y="4.502762" />
                  <PolyStepSegment x="46.869759" y="4.572" />
                </Cutout>
                <Cutout>
                  <PolyBegin x="46.609" y="4.572" />
                  <PolyStepSegment x="46.602241" y="4.572" />
                  <PolyStepSegment x="46.343839" y="4.502762" />
                  <PolyStepSegment x="46.112161" y="4.369003" />
                  <PolyStepSegment x="45.922997" y="4.179839" />
                  <PolyStepSegment x="45.789238" y="3.948161" />
                  <PolyStepSegment x="45.72" y="3.689759" />
                  <PolyStepSegment x="45.72" y="3.683" />
                  <PolyStepSegment x="46.609" y="3.683" />
                  <PolyStepSegment x="46.609" y="4.572" />
                </Cutout>
                <Cutout>
                  <PolyBegin x="47.752" y="3.429" />
                  <PolyStepSegment x="46.863" y="3.429" />
                  <PolyStepSegment x="46.863" y="2.54" />
                  <PolyStepSegment x="46.869759" y="2.54" />
                  <PolyStepSegment x="47.128161" y="2.609238" />
                  <PolyStepSegment x="47.359839" y="2.742997" />
                  <PolyStepSegment x="47.549003" y="2.932161" />
                  <PolyStepSegment x="47.682762" y="3.163839" />
                  <PolyStepSegment x="47.752" y="3.422241" />
                  <PolyStepSegment x="47.752" y="3.429" />
                </Cutout>
                <Cutout>
                  <PolyBegin x="46.609" y="3.429" />
                  <PolyStepSegment x="45.72" y="3.429" />
                  <PolyStepSegment x="45.72" y="3.422241" />
                  <PolyStepSegment x="45.789238" y="3.163839" />
                  <PolyStepSegment x="45.922997" y="2.932161" />
                  <PolyStepSegment x="46.112161" y="2.742997" />
                  <PolyStepSegment x="46.343839" y="2.609238" />
                  <PolyStepSegment x="46.602241" y="2.54" />
                  <PolyStepSegment x="46.609" y="2.54" />
                  <PolyStepSegment x="46.609" y="3.429" />
                </Cutout>
              </Contour>
            </Features>
            <Features>
              <Contour>
                <Polygon>
                  <PolyBegin x="36.257004" y="16.752999" />
                  <PolyStepSegment x="38.165001" y="16.752999" />
                  <PolyStepSegment x="38.165001" y="17.078193" />
                  <PolyStepSegment x="38.292001" y="17.130799" />
                  <PolyStepSegment x="38.735" y="16.6878" />
                  <PolyStepSegment x="38.735" y="10.1854" />
                  <PolyStepSegment x="40.2844" y="8.636" />
                  <PolyStepSegment x="40.2844" y="2.921" />
                  <PolyStepSegment x="39.7256" y="2.3622" />
                  <PolyStepSegment x="38.4048" y="2.3622" />
                  <PolyStepSegment x="37.8714" y="2.8956" />
                  <PolyStepSegment x="37.8714" y="4.5974" />
                  <PolyStepSegment x="34.1122" y="8.3566" />
                  <PolyStepSegment x="25.5016" y="8.3566" />
                  <PolyStepSegment x="25.418532" y="8.439668" />
                  <PolyStepSegment x="25.467135" y="8.557001" />
                  <PolyStepSegment x="25.898998" y="8.557001" />
                  <PolyStepSegment x="25.898998" y="11.811" />
                  <PolyStepSegment x="26.025998" y="11.811" />
                  <PolyStepSegment x="26.025998" y="11.811" />
                  <PolyStepSegment x="25.898998" y="11.811" />
                  <PolyStepSegment x="25.898998" y="15.064999" />
                  <PolyStepSegment x="25.492535" y="15.064999" />
                  <PolyStepSegment x="25.443932" y="15.182332" />
                  <PolyStepSegment x="25.654" y="15.3924" />
                  <PolyStepSegment x="28.7528" y="15.3924" />
                  <PolyStepSegment x="29.3116" y="15.9512" />
                  <PolyStepSegment x="29.3116" y="16.036999" />
                  <PolyStepSegment x="29.464003" y="16.036999" />
                  <PolyStepSegment x="29.464003" y="16.540998" />
                  <PolyStepSegment x="29.591003" y="16.540998" />
                  <PolyStepSegment x="29.591003" y="16.667998" />
                  <PolyStepSegment x="29.995002" y="16.667998" />
                  <PolyStepSegment x="29.995002" y="16.8148" />
                  <PolyStepSegment x="31.9024" y="16.8148" />
                  <PolyStepSegment x="32.3088" y="17.2212" />
                  <PolyStepSegment x="33.032001" y="17.2212" />
                  <PolyStepSegment x="33.032001" y="16.652999" />
                  <PolyStepSegment x="35.039998" y="16.652999" />
                  <PolyStepSegment x="35.039998" y="17.2212" />
                  <PolyStepSegment x="36.257004" y="17.2212" />
                  <PolyStepSegment x="36.257004" y="16.752999" />
                </Polygon>
                <Cutout>
                  <PolyBegin x="29.995002" y="16.413998" />
                  <PolyStepSegment x="29.718003" y="16.413998" />
                  <PolyStepSegment x="29.718003" y="16.036999" />
                  <PolyStepSegment x="29.995002" y="16.036999" />
                  <PolyStepSegment x="29.995002" y="16.413998" />
                </Cutout>
                <Cutout>
                  <PolyBegin x="38.165001" y="16.498999" />
                  <PolyStepSegment x="37.338003" y="16.498999" />
                  <PolyStepSegment x="37.338003" y="15.772" />
                  <PolyStepSegment x="38.165001" y="15.772" />
                  <PolyStepSegment x="38.165001" y="16.498999" />
                </Cutout>
                <Cutout>
                  <PolyBegin x="37.084003" y="16.498999" />
                  <PolyStepSegment x="36.257004" y="16.498999" />
                  <PolyStepSegment x="36.257004" y="15.772" />
                  <PolyStepSegment x="37.084003" y="15.772" />
                  <PolyStepSegment x="37.084003" y="16.498999" />
                </Cutout>
                <Cutout>
                  <PolyBegin x="35.039998" y="16.398999" />
                  <PolyStepSegment x="34.163" y="16.398999" />
                  <PolyStepSegment x="34.163" y="15.572001" />
                  <PolyStepSegment x="35.039998" y="15.572001" />
                  <PolyStepSegment x="35.039998" y="16.398999" />
                </Cutout>
                <Cutout>
                  <PolyBegin x="33.909" y="16.398999" />
                  <PolyStepSegment x="33.032001" y="16.398999" />
                  <PolyStepSegment x="33.032001" y="15.572001" />
                  <PolyStepSegment x="33.909" y="15.572001" />
                  <PolyStepSegment x="33.909" y="16.398999" />
                </Cutout>
                <Cutout>
                  <PolyBegin x="27.279999" y="15.064999" />
                  <PolyStepSegment x="26.152998" y="15.064999" />
                  <PolyStepSegment x="26.152998" y="11.938" />
                  <PolyStepSegment x="27.279999" y="11.938" />
                  <PolyStepSegment x="27.279999" y="15.064999" />
                </Cutout>
                <Cutout>
                  <PolyBegin x="27.279999" y="11.684" />
                  <PolyStepSegment x="26.152998" y="11.684" />
                  <PolyStepSegment x="26.152998" y="8.557001" />
                  <PolyStepSegment x="27.279999" y="8.557001" />
                  <PolyStepSegment x="27.279999" y="11.684" />
                </Cutout>
                <Cutout>
                  <PolyBegin x="39.249759" y="4.572" />
                  <PolyStepSegment x="39.243" y="4.572" />
                  <PolyStepSegment x="39.243" y="3.683" />
                  <PolyStepSegment x="40.132" y="3.683" />
                  <PolyStepSegment x="40.132" y="3.689759" />
                  <PolyStepSegment x="40.062762" y="3.948161" />
                  <PolyStepSegment x="39.929003" y="4.179839" />
                  <PolyStepSegment x="39.739839" y="4.369003" />
                  <PolyStepSegment x="39.508161" y="4.502762" />
                  <PolyStepSegment x="39.249759" y="4.572" />
                </Cutout>
                <Cutout>
                  <PolyBegin x="38.989" y="4.572" />
                  <PolyStepSegment x="38.982241" y="4.572" />
                  <PolyStepSegment x="38.723839" y="4.502762" />
                  <PolyStepSegment x="38.492161" y="4.369003" />
                  <PolyStepSegment x="38.302997" y="4.179839" />
                  <PolyStepSegment x="38.169238" y="3.948161" />
                  <PolyStepSegment x="38.1" y="3.689759" />
                  <PolyStepSegment x="38.1" y="3.683" />
                  <PolyStepSegment x="38.989" y="3.683" />
                  <PolyStepSegment x="38.989" y="4.572" />
                </Cutout>
                <Cutout>
                  <PolyBegin x="40.132" y="3.429" />
                  <PolyStepSegment x="39.243" y="3.429" />
                  <PolyStepSegment x="39.243" y="2.54" />
                  <PolyStepSegment x="39.249759" y="2.54" />
                  <PolyStepSegment x="39.508161" y="2.609238" />
                  <PolyStepSegment x="39.739839" y="2.742997" />
                  <PolyStepSegment x="39.929003" y="2.932161" />
                  <PolyStepSegment x="40.062762" y="3.163839" />
                  <PolyStepSegment x="40.132" y="3.422241" />
                  <PolyStepSegment x="40.132" y="3.429" />
                </Cutout>
                <Cutout>
                  <PolyBegin x="38.989" y="3.429" />
                  <PolyStepSegment x="38.1" y="3.429" />
                  <PolyStepSegment x="38.1" y="3.422241" />
                  <PolyStepSegment x="38.169238" y="3.163839" />
                  <PolyStepSegment x="38.302997" y="2.932161" />
                  <PolyStepSegment x="38.492161" y="2.742997" />
                  <PolyStepSegment x="38.723839" y="2.609238" />
                  <PolyStepSegment x="38.982241" y="2.54" />
                  <PolyStepSegment x="38.989" y="2.54" />
                  <PolyStepSegment x="38.989" y="3.429" />
                </Cutout>
              </Contour>
            </Features>
          </Set>
        </LayerFeature>
        <LayerFeature layerRef="Dielectric 1">
          <Set>
            <ColorRef id="LAYER_COLOR_Dielectric 1" />
          </Set>
        </LayerFeature>
        <LayerFeature layerRef="Bottom Layer">
          <Set>
            <ColorRef id="LAYER_COLOR_Bottom Layer" />
          </Set>
          <Set net="GND">
            <Features>
              <Contour>
                <Polygon>
                  <PolyBegin x="66.686697" y="54.056397" />
                  <PolyStepSegment x="66.756397" y="53.986697" />
                  <PolyStepSegment x="66.794118" y="53.895633" />
                  <PolyStepSegment x="66.794118" y="53.846352" />
                  <PolyStepSegment x="66.794118" y="41.649145" />
                  <PolyStepSegment x="66.813831" y="41.550039" />
                  <PolyStepSegment x="66.8274" y="41.529732" />
                  <PolyStepSegment x="66.8274" y="41.3258" />
                  <PolyStepSegment x="69.334118" y="38.819077" />
                  <PolyStepSegment x="69.334118" y="5.021316" />
                  <PolyStepSegment x="66.8274" y="2.5146" />
                  <PolyStepSegment x="66.8274" y="2.39297" />
                  <PolyStepSegment x="66.813831" y="2.372662" />
                  <PolyStepSegment x="66.794118" y="2.273557" />
                  <PolyStepSegment x="66.794118" y="1.457066" />
                  <PolyStepSegment x="66.756397" y="1.366002" />
                  <PolyStepSegment x="66.686697" y="1.296302" />
                  <PolyStepSegment x="66.623202" y="1.27" />
                  <PolyStepSegment x="1.50635" y="1.27" />
                  <PolyStepSegment x="1.50635" y="54.0766" />
                  <PolyStepSegment x="66.637924" y="54.0766" />
                  <PolyStepSegment x="66.686697" y="54.056397" />
                </Polygon>
                <Cutout>
                  <PolyBegin x="26.549759" y="52.832" />
                  <PolyStepSegment x="26.543" y="52.832" />
                  <PolyStepSegment x="26.543" y="51.943" />
                  <PolyStepSegment x="27.432" y="51.943" />
                  <PolyStepSegment x="27.432" y="51.949759" />
                  <PolyStepSegment x="27.362762" y="52.208161" />
                  <PolyStepSegment x="27.229003" y="52.439839" />
                  <PolyStepSegment x="27.039839" y="52.629003" />
                  <PolyStepSegment x="26.808161" y="52.762762" />
                  <PolyStepSegment x="26.549759" y="52.832" />
                </Cutout>
                <Cutout>
                  <PolyBegin x="26.289" y="52.832" />
                  <PolyStepSegment x="26.282241" y="52.832" />
                  <PolyStepSegment x="26.023839" y="52.762762" />
                  <PolyStepSegment x="25.792161" y="52.629003" />
                  <PolyStepSegment x="25.602997" y="52.439839" />
                  <PolyStepSegment x="25.469238" y="52.208161" />
                  <PolyStepSegment x="25.4" y="51.949759" />
                  <PolyStepSegment x="25.4" y="51.943" />
                  <PolyStepSegment x="26.289" y="51.943" />
                  <PolyStepSegment x="26.289" y="52.832" />
                </Cutout>
                <Cutout>
                  <PolyBegin x="64.649759" y="52.832" />
                  <PolyStepSegment x="64.382241" y="52.832" />
                  <PolyStepSegment x="64.123839" y="52.762762" />
                  <PolyStepSegment x="63.892161" y="52.629003" />
                  <PolyStepSegment x="63.702997" y="52.439839" />
                  <PolyStepSegment x="63.569238" y="52.208161" />
                  <PolyStepSegment x="63.5" y="51.949759" />
                  <PolyStepSegment x="63.5" y="51.682241" />
                  <PolyStepSegment x="63.569238" y="51.423839" />
                  <PolyStepSegment x="63.702997" y="51.192161" />
                  <PolyStepSegment x="63.892161" y="51.002997" />
                  <PolyStepSegment x="64.123839" y="50.869238" />
                  <PolyStepSegment x="64.382241" y="50.8" />
                  <PolyStepSegment x="64.649759" y="50.8" />
                  <PolyStepSegment x="64.908161" y="50.869238" />
                  <PolyStepSegment x="65.139839" y="51.002997" />
                  <PolyStepSegment x="65.329003" y="51.192161" />
                  <PolyStepSegment x="65.462762" y="51.423839" />
                  <PolyStepSegment x="65.532" y="51.682241" />
                  <PolyStepSegment x="65.532" y="51.949759" />
                  <PolyStepSegment x="65.462762" y="52.208161" />
                  <PolyStepSegment x="65.329003" y="52.439839" />
                  <PolyStepSegment x="65.139839" y="52.629003" />
                  <PolyStepSegment x="64.908161" y="52.762762" />
                  <PolyStepSegment x="64.649759" y="52.832" />
                </Cutout>
                <Cutout>
                  <PolyBegin x="62.109759" y="52.832" />
                  <PolyStepSegment x="61.842241" y="52.832" />
                  <PolyStepSegment x="61.583839" y="52.762762" />
                  <PolyStepSegment x="61.352161" y="52.629003" />
                  <PolyStepSegment x="61.162997" y="52.439839" />
                  <PolyStepSegment x="61.029238" y="52.208161" />
                  <PolyStepSegment x="60.96" y="51.949759" />
                  <PolyStepSegment x="60.96" y="51.682241" />
                  <PolyStepSegment x="61.029238" y="51.423839" />
                  <PolyStepSegment x="61.162997" y="51.192161" />
                  <PolyStepSegment x="61.352161" y="51.002997" />
                  <PolyStepSegment x="61.583839" y="50.869238" />
                  <PolyStepSegment x="61.842241" y="50.8" />
                  <PolyStepSegment x="62.109759" y="50.8" />
                  <PolyStepSegment x="62.368161" y="50.869238" />
                  <PolyStepSegment x="62.599839" y="51.002997" />
                  <PolyStepSegment x="62.789003" y="51.192161" />
                  <PolyStepSegment x="62.922762" y="51.423839" />
                  <PolyStepSegment x="62.992" y="51.682241" />
                  <PolyStepSegment x="62.992" y="51.949759" />
                  <PolyStepSegment x="62.922762" y="52.208161" />
                  <PolyStepSegment x="62.789003" y="52.439839" />
                  <PolyStepSegment x="62.599839" y="52.629003" />
                  <PolyStepSegment x="62.368161" y="52.762762" />
                  <PolyStepSegment x="62.109759" y="52.832" />
                </Cutout>
                <Cutout>
                  <PolyBegin x="59.569759" y="52.832" />
                  <PolyStepSegment x="59.302241" y="52.832" />
                  <PolyStepSegment x="59.043839" y="52.762762" />
                  <PolyStepSegment x="58.812161" y="52.629003" />
                  <PolyStepSegment x="58.622997" y="52.439839" />
                  <PolyStepSegment x="58.489238" y="52.208161" />
                  <PolyStepSegment x="58.42" y="51.949759" />
                  <PolyStepSegment x="58.42" y="51.682241" />
                  <PolyStepSegment x="58.489238" y="51.423839" />
                  <PolyStepSegment x="58.622997" y="51.192161" />
                  <PolyStepSegment x="58.812161" y="51.002997" />
                  <PolyStepSegment x="59.043839" y="50.869238" />
                  <PolyStepSegment x="59.302241" y="50.8" />
                  <PolyStepSegment x="59.569759" y="50.8" />
                  <PolyStepSegment x="59.828161" y="50.869238" />
                  <PolyStepSegment x="60.059839" y="51.002997" />
                  <PolyStepSegment x="60.249003" y="51.192161" />
                  <PolyStepSegment x="60.382762" y="51.423839" />
                  <PolyStepSegment x="60.452" y="51.682241" />
                  <PolyStepSegment x="60.452" y="51.949759" />
                  <PolyStepSegment x="60.382762" y="52.208161" />
                  <PolyStepSegment x="60.249003" y="52.439839" />
                  <PolyStepSegment x="60.059839" y="52.629003" />
                  <PolyStepSegment x="59.828161" y="52.762762" />
                  <PolyStepSegment x="59.569759" y="52.832" />
                </Cutout>
                <Cutout>
                  <PolyBegin x="57.029759" y="52.832" />
                  <PolyStepSegment x="56.762241" y="52.832" />
                  <PolyStepSegment x="56.503839" y="52.762762" />
                  <PolyStepSegment x="56.272161" y="52.629003" />
                  <PolyStepSegment x="56.082997" y="52.439839" />
                  <PolyStepSegment x="55.949238" y="52.208161" />
                  <PolyStepSegment x="55.88" y="51.949759" />
                  <PolyStepSegment x="55.88" y="51.682241" />
                  <PolyStepSegment x="55.949238" y="51.423839" />
                  <PolyStepSegment x="56.082997" y="51.192161" />
                  <PolyStepSegment x="56.272161" y="51.002997" />
                  <PolyStepSegment x="56.503839" y="50.869238" />
                  <PolyStepSegment x="56.762241" y="50.8" />
                  <PolyStepSegment x="57.029759" y="50.8" />
                  <PolyStepSegment x="57.288161" y="50.869238" />
                  <PolyStepSegment x="57.519839" y="51.002997" />
                  <PolyStepSegment x="57.709003" y="51.192161" />
                  <PolyStepSegment x="57.842762" y="51.423839" />
                  <PolyStepSegment x="57.912" y="51.682241" />
                  <PolyStepSegment x="57.912" y="51.949759" />
                  <PolyStepSegment x="57.842762" y="52.208161" />
                  <PolyStepSegment x="57.709003" y="52.439839" />
                  <PolyStepSegment x="57.519839" y="52.629003" />
                  <PolyStepSegment x="57.288161" y="52.762762" />
                  <PolyStepSegment x="57.029759" y="52.832" />
                </Cutout>
                <Cutout>
                  <PolyBegin x="54.489759" y="52.832" />
                  <PolyStepSegment x="54.222241" y="52.832" />
                  <PolyStepSegment x="53.963839" y="52.762762" />
                  <PolyStepSegment x="53.732161" y="52.629003" />
                  <PolyStepSegment x="53.542997" y="52.439839" />
                  <PolyStepSegment x="53.409238" y="52.208161" />
                  <PolyStepSegment x="53.34" y="51.949759" />
                  <PolyStepSegment x="53.34" y="51.682241" />
                  <PolyStepSegment x="53.409238" y="51.423839" />
                  <PolyStepSegment x="53.542997" y="51.192161" />
                  <PolyStepSegment x="53.732161" y="51.002997" />
                  <PolyStepSegment x="53.963839" y="50.869238" />
                  <PolyStepSegment x="54.222241" y="50.8" />
                  <PolyStepSegment x="54.489759" y="50.8" />
                  <PolyStepSegment x="54.748161" y="50.869238" />
                  <PolyStepSegment x="54.979839" y="51.002997" />
                  <PolyStepSegment x="55.169003" y="51.192161" />
                  <PolyStepSegment x="55.302762" y="51.423839" />
                  <PolyStepSegment x="55.372" y="51.682241" />
                  <PolyStepSegment x="55.372" y="51.949759" />
                  <PolyStepSegment x="55.302762" y="52.208161" />
                  <PolyStepSegment x="55.169003" y="52.439839" />
                  <PolyStepSegment x="54.979839" y="52.629003" />
                  <PolyStepSegment x="54.748161" y="52.762762" />
                  <PolyStepSegment x="54.489759" y="52.832" />
                </Cutout>
                <Cutout>
                  <PolyBegin x="51.949759" y="52.832" />
                  <PolyStepSegment x="51.682241" y="52.832" />
                  <PolyStepSegment x="51.423839" y="52.762762" />
                  <PolyStepSegment x="51.192161" y="52.629003" />
                  <PolyStepSegment x="51.002997" y="52.439839" />
                  <PolyStepSegment x="50.869238" y="52.208161" />
                  <PolyStepSegment x="50.8" y="51.949759" />
                  <PolyStepSegment x="50.8" y="51.682241" />
                  <PolyStepSegment x="50.869238" y="51.423839" />
                  <PolyStepSegment x="51.002997" y="51.192161" />
                  <PolyStepSegment x="51.192161" y="51.002997" />
                  <PolyStepSegment x="51.423839" y="50.869238" />
                  <PolyStepSegment x="51.682241" y="50.8" />
                  <PolyStepSegment x="51.949759" y="50.8" />
                  <PolyStepSegment x="52.208161" y="50.869238" />
                  <PolyStepSegment x="52.439839" y="51.002997" />
                  <PolyStepSegment x="52.629003" y="51.192161" />
                  <PolyStepSegment x="52.762762" y="51.423839" />
                  <PolyStepSegment x="52.832" y="51.682241" />
                  <PolyStepSegment x="52.832" y="51.949759" />
                  <PolyStepSegment x="52.762762" y="52.208161" />
                  <PolyStepSegment x="52.629003" y="52.439839" />
                  <PolyStepSegment x="52.439839" y="52.629003" />
                  <PolyStepSegment x="52.208161" y="52.762762" />
                  <PolyStepSegment x="51.949759" y="52.832" />
                </Cutout>
                <Cutout>
                  <PolyBegin x="49.409759" y="52.832" />
                  <PolyStepSegment x="49.142241" y="52.832" />
                  <PolyStepSegment x="48.883839" y="52.762762" />
                  <PolyStepSegment x="48.652161" y="52.629003" />
                  <PolyStepSegment x="48.462997" y="52.439839" />
                  <PolyStepSegment x="48.329238" y="52.208161" />
                  <PolyStepSegment x="48.26" y="51.949759" />
                  <PolyStepSegment x="48.26" y="51.682241" />
                  <PolyStepSegment x="48.329238" y="51.423839" />
                  <PolyStepSegment x="48.462997" y="51.192161" />
                  <PolyStepSegment x="48.652161" y="51.002997" />
                  <PolyStepSegment x="48.883839" y="50.869238" />
                  <PolyStepSegment x="49.142241" y="50.8" />
                  <PolyStepSegment x="49.409759" y="50.8" />
                  <PolyStepSegment x="49.668161" y="50.869238" />
                  <PolyStepSegment x="49.899839" y="51.002997" />
                  <PolyStepSegment x="50.089003" y="51.192161" />
                  <PolyStepSegment x="50.222762" y="51.423839" />
                  <PolyStepSegment x="50.292" y="51.682241" />
                  <PolyStepSegment x="50.292" y="51.949759" />
                  <PolyStepSegment x="50.222762" y="52.208161" />
                  <PolyStepSegment x="50.089003" y="52.439839" />
                  <PolyStepSegment x="49.899839" y="52.629003" />
                  <PolyStepSegment x="49.668161" y="52.762762" />
                  <PolyStepSegment x="49.409759" y="52.832" />
                </Cutout>
                <Cutout>
                  <PolyBegin x="47.752" y="52.832" />
                  <PolyStepSegment x="45.72" y="52.832" />
                  <PolyStepSegment x="45.72" y="50.8" />
                  <PolyStepSegment x="47.752" y="50.8" />
                  <PolyStepSegment x="47.752" y="52.832" />
                </Cutout>
                <Cutout>
                  <PolyBegin x="41.789759" y="52.832" />
                  <PolyStepSegment x="41.522241" y="52.832" />
                  <PolyStepSegment x="41.263839" y="52.762762" />
                  <PolyStepSegment x="41.032161" y="52.629003" />
                  <PolyStepSegment x="40.842997" y="52.439839" />
                  <PolyStepSegment x="40.709238" y="52.208161" />
                  <PolyStepSegment x="40.64" y="51.949759" />
                  <PolyStepSegment x="40.64" y="51.682241" />
                  <PolyStepSegment x="40.709238" y="51.423839" />
                  <PolyStepSegment x="40.842997" y="51.192161" />
                  <PolyStepSegment x="41.032161" y="51.002997" />
                  <PolyStepSegment x="41.263839" y="50.869238" />
                  <PolyStepSegment x="41.522241" y="50.8" />
                  <PolyStepSegment x="41.789759" y="50.8" />
                  <PolyStepSegment x="42.048161" y="50.869238" />
                  <PolyStepSegment x="42.279839" y="51.002997" />
                  <PolyStepSegment x="42.469003" y="51.192161" />
                  <PolyStepSegment x="42.602762" y="51.423839" />
                  <PolyStepSegment x="42.672" y="51.682241" />
                  <PolyStepSegment x="42.672" y="51.949759" />
                  <PolyStepSegment x="42.602762" y="52.208161" />
                  <PolyStepSegment x="42.469003" y="52.439839" />
                  <PolyStepSegment x="42.279839" y="52.629003" />
                  <PolyStepSegment x="42.048161" y="52.762762" />
                  <PolyStepSegment x="41.789759" y="52.832" />
                </Cutout>
                <Cutout>
                  <PolyBegin x="39.249759" y="52.832" />
                  <PolyStepSegment x="38.982241" y="52.832" />
                  <PolyStepSegment x="38.723839" y="52.762762" />
                  <PolyStepSegment x="38.492161" y="52.629003" />
                  <PolyStepSegment x="38.302997" y="52.439839" />
                  <PolyStepSegment x="38.169238" y="52.208161" />
                  <PolyStepSegment x="38.1" y="51.949759" />
                  <PolyStepSegment x="38.1" y="51.682241" />
                  <PolyStepSegment x="38.169238" y="51.423839" />
                  <PolyStepSegment x="38.302997" y="51.192161" />
                  <PolyStepSegment x="38.492161" y="51.002997" />
                  <PolyStepSegment x="38.723839" y="50.869238" />
                  <PolyStepSegment x="38.982241" y="50.8" />
                  <PolyStepSegment x="39.249759" y="50.8" />
                  <PolyStepSegment x="39.508161" y="50.869238" />
                  <PolyStepSegment x="39.739839" y="51.002997" />
                  <PolyStepSegment x="39.929003" y="51.192161" />
                  <PolyStepSegment x="40.062762" y="51.423839" />
                  <PolyStepSegment x="40.132" y="51.682241" />
                  <PolyStepSegment x="40.132" y="51.949759" />
                  <PolyStepSegment x="40.062762" y="52.208161" />
                  <PolyStepSegment x="39.929003" y="52.439839" />
                  <PolyStepSegment x="39.739839" y="52.629003" />
                  <PolyStepSegment x="39.508161" y="52.762762" />
                  <PolyStepSegment x="39.249759" y="52.832" />
                </Cutout>
                <Cutout>
                  <PolyBegin x="36.709759" y="52.832" />
                  <PolyStepSegment x="36.442241" y="52.832" />
                  <PolyStepSegment x="36.183839" y="52.762762" />
                  <PolyStepSegment x="35.952161" y="52.629003" />
                  <PolyStepSegment x="35.762997" y="52.439839" />
                  <PolyStepSegment x="35.629238" y="52.208161" />
                  <PolyStepSegment x="35.56" y="51.949759" />
                  <PolyStepSegment x="35.56" y="51.682241" />
                  <PolyStepSegment x="35.629238" y="51.423839" />
                  <PolyStepSegment x="35.762997" y="51.192161" />
                  <PolyStepSegment x="35.952161" y="51.002997" />
                  <PolyStepSegment x="36.183839" y="50.869238" />
                  <PolyStepSegment x="36.442241" y="50.8" />
                  <PolyStepSegment x="36.709759" y="50.8" />
                  <PolyStepSegment x="36.968161" y="50.869238" />
                  <PolyStepSegment x="37.199839" y="51.002997" />
                  <PolyStepSegment x="37.389003" y="51.192161" />
                  <PolyStepSegment x="37.522762" y="51.423839" />
                  <PolyStepSegment x="37.592" y="51.682241" />
                  <PolyStepSegment x="37.592" y="51.949759" />
                  <PolyStepSegment x="37.522762" y="52.208161" />
                  <PolyStepSegment x="37.389003" y="52.439839" />
                  <PolyStepSegment x="37.199839" y="52.629003" />
                  <PolyStepSegment x="36.968161" y="52.762762" />
                  <PolyStepSegment x="36.709759" y="52.832" />
                </Cutout>
                <Cutout>
                  <PolyBegin x="34.169759" y="52.832" />
                  <PolyStepSegment x="33.902241" y="52.832" />
                  <PolyStepSegment x="33.643839" y="52.762762" />
                  <PolyStepSegment x="33.412161" y="52.629003" />
                  <PolyStepSegment x="33.222997" y="52.439839" />
                  <PolyStepSegment x="33.089238" y="52.208161" />
                  <PolyStepSegment x="33.02" y="51.949759" />
                  <PolyStepSegment x="33.02" y="51.682241" />
                  <PolyStepSegment x="33.089238" y="51.423839" />
                  <PolyStepSegment x="33.222997" y="51.192161" />
                  <PolyStepSegment x="33.412161" y="51.002997" />
                  <PolyStepSegment x="33.643839" y="50.869238" />
                  <PolyStepSegment x="33.902241" y="50.8" />
                  <PolyStepSegment x="34.169759" y="50.8" />
                  <PolyStepSegment x="34.428161" y="50.869238" />
                  <PolyStepSegment x="34.659839" y="51.002997" />
                  <PolyStepSegment x="34.849003" y="51.192161" />
                  <PolyStepSegment x="34.982762" y="51.423839" />
                  <PolyStepSegment x="35.052" y="51.682241" />
                  <PolyStepSegment x="35.052" y="51.949759" />
                  <PolyStepSegment x="34.982762" y="52.208161" />
                  <PolyStepSegment x="34.849003" y="52.439839" />
                  <PolyStepSegment x="34.659839" y="52.629003" />
                  <PolyStepSegment x="34.428161" y="52.762762" />
                  <PolyStepSegment x="34.169759" y="52.832" />
                </Cutout>
                <Cutout>
                  <PolyBegin x="31.629759" y="52.832" />
                  <PolyStepSegment x="31.362241" y="52.832" />
                  <PolyStepSegment x="31.103839" y="52.762762" />
                  <PolyStepSegment x="30.872161" y="52.629003" />
                  <PolyStepSegment x="30.682997" y="52.439839" />
                  <PolyStepSegment x="30.549238" y="52.208161" />
                  <PolyStepSegment x="30.48" y="51.949759" />
                  <PolyStepSegment x="30.48" y="51.682241" />
                  <PolyStepSegment x="30.549238" y="51.423839" />
                  <PolyStepSegment x="30.682997" y="51.192161" />
                  <PolyStepSegment x="30.872161" y="51.002997" />
                  <PolyStepSegment x="31.103839" y="50.869238" />
                  <PolyStepSegment x="31.362241" y="50.8" />
                  <PolyStepSegment x="31.629759" y="50.8" />
                  <PolyStepSegment x="31.888161" y="50.869238" />
                  <PolyStepSegment x="32.119839" y="51.002997" />
                  <PolyStepSegment x="32.309003" y="51.192161" />
                  <PolyStepSegment x="32.442762" y="51.423839" />
                  <PolyStepSegment x="32.512" y="51.682241" />
                  <PolyStepSegment x="32.512" y="51.949759" />
                  <PolyStepSegment x="32.442762" y="52.208161" />
                  <PolyStepSegment x="32.309003" y="52.439839" />
                  <PolyStepSegment x="32.119839" y="52.629003" />
                  <PolyStepSegment x="31.888161" y="52.762762" />
                  <PolyStepSegment x="31.629759" y="52.832" />
                </Cutout>
                <Cutout>
                  <PolyBegin x="29.089759" y="52.832" />
                  <PolyStepSegment x="28.822241" y="52.832" />
                  <PolyStepSegment x="28.563839" y="52.762762" />
                  <PolyStepSegment x="28.332161" y="52.629003" />
                  <PolyStepSegment x="28.142997" y="52.439839" />
                  <PolyStepSegment x="28.009238" y="52.208161" />
                  <PolyStepSegment x="27.94" y="51.949759" />
                  <PolyStepSegment x="27.94" y="51.682241" />
                  <PolyStepSegment x="28.009238" y="51.423839" />
                  <PolyStepSegment x="28.142997" y="51.192161" />
                  <PolyStepSegment x="28.332161" y="51.002997" />
                  <PolyStepSegment x="28.563839" y="50.869238" />
                  <PolyStepSegment x="28.822241" y="50.8" />
                  <PolyStepSegment x="29.089759" y="50.8" />
                  <PolyStepSegment x="29.348161" y="50.869238" />
                  <PolyStepSegment x="29.579839" y="51.002997" />
                  <PolyStepSegment x="29.769003" y="51.192161" />
                  <PolyStepSegment x="29.902762" y="51.423839" />
                  <PolyStepSegment x="29.972" y="51.682241" />
                  <PolyStepSegment x="29.972" y="51.949759" />
                  <PolyStepSegment x="29.902762" y="52.208161" />
                  <PolyStepSegment x="29.769003" y="52.439839" />
                  <PolyStepSegment x="29.579839" y="52.629003" />
                  <PolyStepSegment x="29.348161" y="52.762762" />
                  <PolyStepSegment x="29.089759" y="52.832" />
                </Cutout>
                <Cutout>
                  <PolyBegin x="27.432" y="51.689" />
                  <PolyStepSegment x="26.543" y="51.689" />
                  <PolyStepSegment x="26.543" y="50.8" />
                  <PolyStepSegment x="26.549759" y="50.8" />
                  <PolyStepSegment x="26.808161" y="50.869238" />
                  <PolyStepSegment x="27.039839" y="51.002997" />
                  <PolyStepSegment x="27.229003" y="51.192161" />
                  <PolyStepSegment x="27.362762" y="51.423839" />
                  <PolyStepSegment x="27.432" y="51.682241" />
                  <PolyStepSegment x="27.432" y="51.689" />
                </Cutout>
                <Cutout>
                  <PolyBegin x="26.289" y="51.689" />
                  <PolyStepSegment x="25.4" y="51.689" />
                  <PolyStepSegment x="25.4" y="51.682241" />
                  <PolyStepSegment x="25.469238" y="51.423839" />
                  <PolyStepSegment x="25.602997" y="51.192161" />
                  <PolyStepSegment x="25.792161" y="51.002997" />
                  <PolyStepSegment x="26.023839" y="50.869238" />
                  <PolyStepSegment x="26.282241" y="50.8" />
                  <PolyStepSegment x="26.289" y="50.8" />
                  <PolyStepSegment x="26.289" y="51.689" />
                </Cutout>
                <Cutout>
                  <PolyBegin x="24.009759" y="52.832" />
                  <PolyStepSegment x="23.742241" y="52.832" />
                  <PolyStepSegment x="23.483839" y="52.762762" />
                  <PolyStepSegment x="23.252161" y="52.629003" />
                  <PolyStepSegment x="23.062997" y="52.439839" />
                  <PolyStepSegment x="22.929238" y="52.208161" />
                  <PolyStepSegment x="22.86" y="51.949759" />
                  <PolyStepSegment x="22.86" y="51.682241" />
                  <PolyStepSegment x="22.929238" y="51.423839" />
                  <PolyStepSegment x="23.062997" y="51.192161" />
                  <PolyStepSegment x="23.252161" y="51.002997" />
                  <PolyStepSegment x="23.483839" y="50.869238" />
                  <PolyStepSegment x="23.742241" y="50.8" />
                  <PolyStepSegment x="24.009759" y="50.8" />
                  <PolyStepSegment x="24.268161" y="50.869238" />
                  <PolyStepSegment x="24.499839" y="51.002997" />
                  <PolyStepSegment x="24.689003" y="51.192161" />
                  <PolyStepSegment x="24.822762" y="51.423839" />
                  <PolyStepSegment x="24.892" y="51.682241" />
                  <PolyStepSegment x="24.892" y="51.949759" />
                  <PolyStepSegment x="24.822762" y="52.208161" />
                  <PolyStepSegment x="24.689003" y="52.439839" />
                  <PolyStepSegment x="24.499839" y="52.629003" />
                  <PolyStepSegment x="24.268161" y="52.762762" />
                  <PolyStepSegment x="24.009759" y="52.832" />
                </Cutout>
                <Cutout>
                  <PolyBegin x="21.469759" y="52.832" />
                  <PolyStepSegment x="21.202241" y="52.832" />
                  <PolyStepSegment x="20.943839" y="52.762762" />
                  <PolyStepSegment x="20.712161" y="52.629003" />
                  <PolyStepSegment x="20.522997" y="52.439839" />
                  <PolyStepSegment x="20.389238" y="52.208161" />
                  <PolyStepSegment x="20.32" y="51.949759" />
                  <PolyStepSegment x="20.32" y="51.682241" />
                  <PolyStepSegment x="20.389238" y="51.423839" />
                  <PolyStepSegment x="20.522997" y="51.192161" />
                  <PolyStepSegment x="20.712161" y="51.002997" />
                  <PolyStepSegment x="20.943839" y="50.869238" />
                  <PolyStepSegment x="21.202241" y="50.8" />
                  <PolyStepSegment x="21.469759" y="50.8" />
                  <PolyStepSegment x="21.728161" y="50.869238" />
                  <PolyStepSegment x="21.959839" y="51.002997" />
                  <PolyStepSegment x="22.149003" y="51.192161" />
                  <PolyStepSegment x="22.282762" y="51.423839" />
                  <PolyStepSegment x="22.352" y="51.682241" />
                  <PolyStepSegment x="22.352" y="51.949759" />
                  <PolyStepSegment x="22.282762" y="52.208161" />
                  <PolyStepSegment x="22.149003" y="52.439839" />
                  <PolyStepSegment x="21.959839" y="52.629003" />
                  <PolyStepSegment x="21.728161" y="52.762762" />
                  <PolyStepSegment x="21.469759" y="52.832" />
                </Cutout>
                <Cutout>
                  <PolyBegin x="19.812" y="52.832" />
                  <PolyStepSegment x="17.78" y="52.832" />
                  <PolyStepSegment x="17.78" y="50.8" />
                  <PolyStepSegment x="19.812" y="50.8" />
                  <PolyStepSegment x="19.812" y="52.832" />
                </Cutout>
                <Cutout>
                  <PolyBegin x="51.054" y="43.550251" />
                  <PolyStepSegment x="51.054" y="43.18" />
                  <PolyStepSegment x="51.424251" y="43.18" />
                  <PolyStepSegment x="51.357662" y="43.340759" />
                  <PolyStepSegment x="51.214759" y="43.483662" />
                  <PolyStepSegment x="51.054" y="43.550251" />
                </Cutout>
                <Cutout>
                  <PolyBegin x="50.8" y="43.550251" />
                  <PolyStepSegment x="50.639241" y="43.483662" />
                  <PolyStepSegment x="50.496338" y="43.340759" />
                  <PolyStepSegment x="50.429749" y="43.18" />
                  <PolyStepSegment x="50.8" y="43.18" />
                  <PolyStepSegment x="50.8" y="43.550251" />
                </Cutout>
                <Cutout>
                  <PolyBegin x="51.424251" y="42.926" />
                  <PolyStepSegment x="50.429749" y="42.926" />
                  <PolyStepSegment x="50.496338" y="42.765241" />
                  <PolyStepSegment x="50.570112" y="42.691467" />
                  <PolyStepSegment x="50.629358" y="42.6085" />
                  <PolyStepSegment x="50.570112" y="42.525533" />
                  <PolyStepSegment x="50.496338" y="42.451759" />
                  <PolyStepSegment x="50.429749" y="42.291" />
                  <PolyStepSegment x="51.424251" y="42.291" />
                  <PolyStepSegment x="51.357662" y="42.451759" />
                  <PolyStepSegment x="51.283888" y="42.525533" />
                  <PolyStepSegment x="51.224642" y="42.6085" />
                  <PolyStepSegment x="51.283888" y="42.691467" />
                  <PolyStepSegment x="51.357662" y="42.765241" />
                  <PolyStepSegment x="51.424251" y="42.926" />
                </Cutout>
                <Cutout>
                  <PolyBegin x="51.424251" y="42.037" />
                  <PolyStepSegment x="50.429749" y="42.037" />
                  <PolyStepSegment x="50.496338" y="41.876241" />
                  <PolyStepSegment x="50.570112" y="41.802467" />
                  <PolyStepSegment x="50.629358" y="41.7195" />
                  <PolyStepSegment x="50.570112" y="41.636533" />
                  <PolyStepSegment x="50.496338" y="41.562759" />
                  <PolyStepSegment x="50.429749" y="41.402" />
                  <PolyStepSegment x="51.424251" y="41.402" />
                  <PolyStepSegment x="51.357662" y="41.562759" />
                  <PolyStepSegment x="51.283888" y="41.636533" />
                  <PolyStepSegment x="51.224642" y="41.7195" />
                  <PolyStepSegment x="51.283888" y="41.802467" />
                  <PolyStepSegment x="51.357662" y="41.876241" />
                  <PolyStepSegment x="51.424251" y="42.037" />
                </Cutout>
                <Cutout>
                  <PolyBegin x="51.424251" y="41.148" />
                  <PolyStepSegment x="50.429749" y="41.148" />
                  <PolyStepSegment x="50.496338" y="40.987241" />
                  <PolyStepSegment x="50.570112" y="40.913467" />
                  <PolyStepSegment x="50.629358" y="40.8305" />
                  <PolyStepSegment x="50.570112" y="40.747533" />
                  <PolyStepSegment x="50.496338" y="40.673759" />
                  <PolyStepSegment x="50.429749" y="40.513" />
                  <PolyStepSegment x="51.424251" y="40.513" />
                  <PolyStepSegment x="51.357662" y="40.673759" />
                  <PolyStepSegment x="51.283888" y="40.747533" />
                  <PolyStepSegment x="51.224642" y="40.8305" />
                  <PolyStepSegment x="51.283888" y="40.913467" />
                  <PolyStepSegment x="51.357662" y="40.987241" />
                  <PolyStepSegment x="51.424251" y="41.148" />
                </Cutout>
                <Cutout>
                  <PolyBegin x="51.424251" y="40.259" />
                  <PolyStepSegment x="50.429749" y="40.259" />
                  <PolyStepSegment x="50.496338" y="40.098241" />
                  <PolyStepSegment x="50.570112" y="40.024467" />
                  <PolyStepSegment x="50.629358" y="39.9415" />
                  <PolyStepSegment x="50.570112" y="39.858533" />
                  <PolyStepSegment x="50.496338" y="39.784759" />
                  <PolyStepSegment x="50.429749" y="39.624" />
                  <PolyStepSegment x="51.424251" y="39.624" />
                  <PolyStepSegment x="51.357662" y="39.784759" />
                  <PolyStepSegment x="51.283888" y="39.858533" />
                  <PolyStepSegment x="51.224642" y="39.9415" />
                  <PolyStepSegment x="51.283888" y="40.024467" />
                  <PolyStepSegment x="51.357662" y="40.098241" />
                  <PolyStepSegment x="51.424251" y="40.259" />
                </Cutout>
                <Cutout>
                  <PolyBegin x="51.424251" y="39.37" />
                  <PolyStepSegment x="50.429749" y="39.37" />
                  <PolyStepSegment x="50.496338" y="39.209241" />
                  <PolyStepSegment x="50.570112" y="39.135467" />
                  <PolyStepSegment x="50.629358" y="39.0525" />
                  <PolyStepSegment x="50.570112" y="38.969533" />
                  <PolyStepSegment x="50.496338" y="38.895759" />
                  <PolyStepSegment x="50.429749" y="38.735" />
                  <PolyStepSegment x="51.424251" y="38.735" />
                  <PolyStepSegment x="51.357662" y="38.895759" />
                  <PolyStepSegment x="51.283888" y="38.969533" />
                  <PolyStepSegment x="51.224642" y="39.0525" />
                  <PolyStepSegment x="51.283888" y="39.135467" />
                  <PolyStepSegment x="51.357662" y="39.209241" />
                  <PolyStepSegment x="51.424251" y="39.37" />
                </Cutout>
                <Cutout>
                  <PolyBegin x="51.424251" y="38.481" />
                  <PolyStepSegment x="50.429749" y="38.481" />
                  <PolyStepSegment x="50.496338" y="38.320241" />
                  <PolyStepSegment x="50.570112" y="38.246467" />
                  <PolyStepSegment x="50.629358" y="38.1635" />
                  <PolyStepSegment x="50.570112" y="38.080533" />
                  <PolyStepSegment x="50.496338" y="38.006759" />
                  <PolyStepSegment x="50.429749" y="37.846" />
                  <PolyStepSegment x="51.424251" y="37.846" />
                  <PolyStepSegment x="51.357662" y="38.006759" />
                  <PolyStepSegment x="51.283888" y="38.080533" />
                  <PolyStepSegment x="51.224642" y="38.1635" />
                  <PolyStepSegment x="51.283888" y="38.246467" />
                  <PolyStepSegment x="51.357662" y="38.320241" />
                  <PolyStepSegment x="51.424251" y="38.481" />
                </Cutout>
                <Cutout>
                  <PolyBegin x="51.424251" y="37.592" />
                  <PolyStepSegment x="50.429749" y="37.592" />
                  <PolyStepSegment x="50.496338" y="37.431241" />
                  <PolyStepSegment x="50.570112" y="37.357467" />
                  <PolyStepSegment x="50.629358" y="37.2745" />
                  <PolyStepSegment x="50.570112" y="37.191533" />
                  <PolyStepSegment x="50.496338" y="37.117759" />
                  <PolyStepSegment x="50.429749" y="36.957" />
                  <PolyStepSegment x="51.424251" y="36.957" />
                  <PolyStepSegment x="51.357662" y="37.117759" />
                  <PolyStepSegment x="51.283888" y="37.191533" />
                  <PolyStepSegment x="51.224642" y="37.2745" />
                  <PolyStepSegment x="51.283888" y="37.357467" />
                  <PolyStepSegment x="51.357662" y="37.431241" />
                  <PolyStepSegment x="51.424251" y="37.592" />
                </Cutout>
                <Cutout>
                  <PolyBegin x="51.424251" y="36.703" />
                  <PolyStepSegment x="51.054" y="36.703" />
                  <PolyStepSegment x="51.054" y="36.332749" />
                  <PolyStepSegment x="51.214759" y="36.399338" />
                  <PolyStepSegment x="51.357662" y="36.542241" />
                  <PolyStepSegment x="51.424251" y="36.703" />
                </Cutout>
                <Cutout>
                  <PolyBegin x="50.8" y="36.703" />
                  <PolyStepSegment x="50.429749" y="36.703" />
                  <PolyStepSegment x="50.496338" y="36.542241" />
                  <PolyStepSegment x="50.639241" y="36.399338" />
                  <PolyStepSegment x="50.8" y="36.332749" />
                  <PolyStepSegment x="50.8" y="36.703" />
                </Cutout>
                <Cutout>
                  <PolyBegin x="51.054" y="34.025251" />
                  <PolyStepSegment x="51.054" y="33.655" />
                  <PolyStepSegment x="51.424251" y="33.655" />
                  <PolyStepSegment x="51.357662" y="33.815759" />
                  <PolyStepSegment x="51.214759" y="33.958662" />
                  <PolyStepSegment x="51.054" y="34.025251" />
                </Cutout>
                <Cutout>
                  <PolyBegin x="50.8" y="34.025251" />
                  <PolyStepSegment x="50.639241" y="33.958662" />
                  <PolyStepSegment x="50.496338" y="33.815759" />
                  <PolyStepSegment x="50.429749" y="33.655" />
                  <PolyStepSegment x="50.8" y="33.655" />
                  <PolyStepSegment x="50.8" y="34.025251" />
                </Cutout>
                <Cutout>
                  <PolyBegin x="51.424251" y="33.401" />
                  <PolyStepSegment x="50.429749" y="33.401" />
                  <PolyStepSegment x="50.496338" y="33.240241" />
                  <PolyStepSegment x="50.570112" y="33.166467" />
                  <PolyStepSegment x="50.629358" y="33.0835" />
                  <PolyStepSegment x="50.570112" y="33.000533" />
                  <PolyStepSegment x="50.496338" y="32.926759" />
                  <PolyStepSegment x="50.429749" y="32.766" />
                  <PolyStepSegment x="51.424251" y="32.766" />
                  <PolyStepSegment x="51.357662" y="32.926759" />
                  <PolyStepSegment x="51.283888" y="33.000533" />
                  <PolyStepSegment x="51.224642" y="33.0835" />
                  <PolyStepSegment x="51.283888" y="33.166467" />
                  <PolyStepSegment x="51.357662" y="33.240241" />
                  <PolyStepSegment x="51.424251" y="33.401" />
                </Cutout>
                <Cutout>
                  <PolyBegin x="51.424251" y="32.512" />
                  <PolyStepSegment x="50.429749" y="32.512" />
                  <PolyStepSegment x="50.496338" y="32.351241" />
                  <PolyStepSegment x="50.570112" y="32.277467" />
                  <PolyStepSegment x="50.629358" y="32.1945" />
                  <PolyStepSegment x="50.570112" y="32.111533" />
                  <PolyStepSegment x="50.496338" y="32.037759" />
                  <PolyStepSegment x="50.429749" y="31.877" />
                  <PolyStepSegment x="51.424251" y="31.877" />
                  <PolyStepSegment x="51.357662" y="32.037759" />
                  <PolyStepSegment x="51.283888" y="32.111533" />
                  <PolyStepSegment x="51.224642" y="32.1945" />
                  <PolyStepSegment x="51.283888" y="32.277467" />
                  <PolyStepSegment x="51.357662" y="32.351241" />
                  <PolyStepSegment x="51.424251" y="32.512" />
                </Cutout>
                <Cutout>
                  <PolyBegin x="51.424251" y="31.623" />
                  <PolyStepSegment x="50.429749" y="31.623" />
                  <PolyStepSegment x="50.496338" y="31.462241" />
                  <PolyStepSegment x="50.570112" y="31.388467" />
                  <PolyStepSegment x="50.629358" y="31.3055" />
                  <PolyStepSegment x="50.570112" y="31.222533" />
                  <PolyStepSegment x="50.496338" y="31.148759" />
                  <PolyStepSegment x="50.429749" y="30.988" />
                  <PolyStepSegment x="51.424251" y="30.988" />
                  <PolyStepSegment x="51.357662" y="31.148759" />
                  <PolyStepSegment x="51.283888" y="31.222533" />
                  <PolyStepSegment x="51.224642" y="31.3055" />
                  <PolyStepSegment x="51.283888" y="31.388467" />
                  <PolyStepSegment x="51.357662" y="31.462241" />
                  <PolyStepSegment x="51.424251" y="31.623" />
                </Cutout>
                <Cutout>
                  <PolyBegin x="51.424251" y="30.734" />
                  <PolyStepSegment x="50.429749" y="30.734" />
                  <PolyStepSegment x="50.496338" y="30.573241" />
                  <PolyStepSegment x="50.570112" y="30.499467" />
                  <PolyStepSegment x="50.629358" y="30.4165" />
                  <PolyStepSegment x="50.570112" y="30.333533" />
                  <PolyStepSegment x="50.496338" y="30.259759" />
                  <PolyStepSegment x="50.429749" y="30.099" />
                  <PolyStepSegment x="51.424251" y="30.099" />
                  <PolyStepSegment x="51.357662" y="30.259759" />
                  <PolyStepSegment x="51.283888" y="30.333533" />
                  <PolyStepSegment x="51.224642" y="30.4165" />
                  <PolyStepSegment x="51.283888" y="30.499467" />
                  <PolyStepSegment x="51.357662" y="30.573241" />
                  <PolyStepSegment x="51.424251" y="30.734" />
                </Cutout>
                <Cutout>
                  <PolyBegin x="3.706101" y="33.02" />
                  <PolyStepSegment x="3.405899" y="33.02" />
                  <PolyStepSegment x="3.111464" y="32.961433" />
                  <PolyStepSegment x="2.834114" y="32.846551" />
                  <PolyStepSegment x="2.584506" y="32.679767" />
                  <PolyStepSegment x="2.372233" y="32.467494" />
                  <PolyStepSegment x="2.205449" y="32.217886" />
                  <PolyStepSegment x="2.090567" y="31.940536" />
                  <PolyStepSegment x="2.032" y="31.646101" />
                  <PolyStepSegment x="2.032" y="31.345899" />
                  <PolyStepSegment x="2.090567" y="31.051464" />
                  <PolyStepSegment x="2.205449" y="30.774114" />
                  <PolyStepSegment x="2.372233" y="30.524506" />
                  <PolyStepSegment x="2.584506" y="30.312233" />
                  <PolyStepSegment x="2.834114" y="30.145449" />
                  <PolyStepSegment x="3.111464" y="30.030567" />
                  <PolyStepSegment x="3.405899" y="29.972" />
                  <PolyStepSegment x="3.706101" y="29.972" />
                  <PolyStepSegment x="4.000536" y="30.030567" />
                  <PolyStepSegment x="4.277886" y="30.145449" />
                  <PolyStepSegment x="4.527494" y="30.312233" />
                  <PolyStepSegment x="4.739767" y="30.524506" />
                  <PolyStepSegment x="4.906551" y="30.774114" />
                  <PolyStepSegment x="5.021433" y="31.051464" />
                  <PolyStepSegment x="5.08" y="31.345899" />
                  <PolyStepSegment x="5.08" y="31.646101" />
                  <PolyStepSegment x="5.021433" y="31.940536" />
                  <PolyStepSegment x="4.906551" y="32.217886" />
                  <PolyStepSegment x="4.739767" y="32.467494" />
                  <PolyStepSegment x="4.527494" y="32.679767" />
                  <PolyStepSegment x="4.277886" y="32.846551" />
                  <PolyStepSegment x="4.000536" y="32.961433" />
                  <PolyStepSegment x="3.706101" y="33.02" />
                </Cutout>
                <Cutout>
                  <PolyBegin x="51.424251" y="29.845" />
                  <PolyStepSegment x="50.429749" y="29.845" />
                  <PolyStepSegment x="50.496338" y="29.684241" />
                  <PolyStepSegment x="50.570112" y="29.610467" />
                  <PolyStepSegment x="50.629358" y="29.5275" />
                  <PolyStepSegment x="50.570112" y="29.444533" />
                  <PolyStepSegment x="50.496338" y="29.370759" />
                  <PolyStepSegment x="50.429749" y="29.21" />
                  <PolyStepSegment x="51.424251" y="29.21" />
                  <PolyStepSegment x="51.357662" y="29.370759" />
                  <PolyStepSegment x="51.283888" y="29.444533" />
                  <PolyStepSegment x="51.224642" y="29.5275" />
                  <PolyStepSegment x="51.283888" y="29.610467" />
                  <PolyStepSegment x="51.357662" y="29.684241" />
                  <PolyStepSegment x="51.424251" y="29.845" />
                </Cutout>
                <Cutout>
                  <PolyBegin x="51.424251" y="28.956" />
                  <PolyStepSegment x="50.429749" y="28.956" />
                  <PolyStepSegment x="50.496338" y="28.795241" />
                  <PolyStepSegment x="50.570112" y="28.721467" />
                  <PolyStepSegment x="50.629358" y="28.6385" />
                  <PolyStepSegment x="50.570112" y="28.555533" />
                  <PolyStepSegment x="50.496338" y="28.481759" />
                  <PolyStepSegment x="50.429749" y="28.321" />
                  <PolyStepSegment x="51.424251" y="28.321" />
                  <PolyStepSegment x="51.357662" y="28.481759" />
                  <PolyStepSegment x="51.283888" y="28.555533" />
                  <PolyStepSegment x="51.224642" y="28.6385" />
                  <PolyStepSegment x="51.283888" y="28.721467" />
                  <PolyStepSegment x="51.357662" y="28.795241" />
                  <PolyStepSegment x="51.424251" y="28.956" />
                </Cutout>
                <Cutout>
                  <PolyBegin x="51.424251" y="28.067" />
                  <PolyStepSegment x="50.429749" y="28.067" />
                  <PolyStepSegment x="50.496338" y="27.906241" />
                  <PolyStepSegment x="50.570112" y="27.832467" />
                  <PolyStepSegment x="50.629358" y="27.7495" />
                  <PolyStepSegment x="50.570112" y="27.666533" />
                  <PolyStepSegment x="50.496338" y="27.592759" />
                  <PolyStepSegment x="50.429749" y="27.432" />
                  <PolyStepSegment x="51.424251" y="27.432" />
                  <PolyStepSegment x="51.357662" y="27.592759" />
                  <PolyStepSegment x="51.283888" y="27.666533" />
                  <PolyStepSegment x="51.224642" y="27.7495" />
                  <PolyStepSegment x="51.283888" y="27.832467" />
                  <PolyStepSegment x="51.357662" y="27.906241" />
                  <PolyStepSegment x="51.424251" y="28.067" />
                </Cutout>
                <Cutout>
                  <PolyBegin x="51.424251" y="27.178" />
                  <PolyStepSegment x="51.054" y="27.178" />
                  <PolyStepSegment x="51.054" y="26.807749" />
                  <PolyStepSegment x="51.214759" y="26.874338" />
                  <PolyStepSegment x="51.357662" y="27.017241" />
                  <PolyStepSegment x="51.424251" y="27.178" />
                </Cutout>
                <Cutout>
                  <PolyBegin x="50.8" y="27.178" />
                  <PolyStepSegment x="50.429749" y="27.178" />
                  <PolyStepSegment x="50.496338" y="27.017241" />
                  <PolyStepSegment x="50.639241" y="26.874338" />
                  <PolyStepSegment x="50.8" y="26.807749" />
                  <PolyStepSegment x="50.8" y="27.178" />
                </Cutout>
                <Cutout>
                  <PolyBegin x="3.706101" y="27.94" />
                  <PolyStepSegment x="3.683" y="27.94" />
                  <PolyStepSegment x="3.683" y="26.543" />
                  <PolyStepSegment x="5.08" y="26.543" />
                  <PolyStepSegment x="5.08" y="26.566101" />
                  <PolyStepSegment x="5.021433" y="26.860536" />
                  <PolyStepSegment x="4.906551" y="27.137886" />
                  <PolyStepSegment x="4.739767" y="27.387494" />
                  <PolyStepSegment x="4.527494" y="27.599767" />
                  <PolyStepSegment x="4.277886" y="27.766551" />
                  <PolyStepSegment x="4.000536" y="27.881433" />
                  <PolyStepSegment x="3.706101" y="27.94" />
                </Cutout>
                <Cutout>
                  <PolyBegin x="3.429" y="27.94" />
                  <PolyStepSegment x="3.405899" y="27.94" />
                  <PolyStepSegment x="3.111464" y="27.881433" />
                  <PolyStepSegment x="2.834114" y="27.766551" />
                  <PolyStepSegment x="2.584506" y="27.599767" />
                  <PolyStepSegment x="2.372233" y="27.387494" />
                  <PolyStepSegment x="2.205449" y="27.137886" />
                  <PolyStepSegment x="2.090567" y="26.860536" />
                  <PolyStepSegment x="2.032" y="26.566101" />
                  <PolyStepSegment x="2.032" y="26.543" />
                  <PolyStepSegment x="3.429" y="26.543" />
                  <PolyStepSegment x="3.429" y="27.94" />
                </Cutout>
                <Cutout>
                  <PolyBegin x="5.08" y="26.289" />
                  <PolyStepSegment x="3.683" y="26.289" />
                  <PolyStepSegment x="3.683" y="24.892" />
                  <PolyStepSegment x="3.706101" y="24.892" />
                  <PolyStepSegment x="4.000536" y="24.950567" />
                  <PolyStepSegment x="4.277886" y="25.065449" />
                  <PolyStepSegment x="4.527494" y="25.232233" />
                  <PolyStepSegment x="4.739767" y="25.444506" />
                  <PolyStepSegment x="4.906551" y="25.694114" />
                  <PolyStepSegment x="5.021433" y="25.971464" />
                  <PolyStepSegment x="5.08" y="26.265899" />
                  <PolyStepSegment x="5.08" y="26.289" />
                </Cutout>
                <Cutout>
                  <PolyBegin x="3.429" y="26.289" />
                  <PolyStepSegment x="2.032" y="26.289" />
                  <PolyStepSegment x="2.032" y="26.265899" />
                  <PolyStepSegment x="2.090567" y="25.971464" />
                  <PolyStepSegment x="2.205449" y="25.694114" />
                  <PolyStepSegment x="2.372233" y="25.444506" />
                  <PolyStepSegment x="2.584506" y="25.232233" />
                  <PolyStepSegment x="2.834114" y="25.065449" />
                  <PolyStepSegment x="3.111464" y="24.950567" />
                  <PolyStepSegment x="3.405899" y="24.892" />
                  <PolyStepSegment x="3.429" y="24.892" />
                  <PolyStepSegment x="3.429" y="26.289" />
                </Cutout>
                <Cutout>
                  <PolyBegin x="37.338" y="20.563251" />
                  <PolyStepSegment x="37.338" y="20.193" />
                  <PolyStepSegment x="37.708251" y="20.193" />
                  <PolyStepSegment x="37.641662" y="20.353759" />
                  <PolyStepSegment x="37.498759" y="20.496662" />
                  <PolyStepSegment x="37.338" y="20.563251" />
                </Cutout>
                <Cutout>
                  <PolyBegin x="37.084" y="20.563251" />
                  <PolyStepSegment x="36.923241" y="20.496662" />
                  <PolyStepSegment x="36.780338" y="20.353759" />
                  <PolyStepSegment x="36.713749" y="20.193" />
                  <PolyStepSegment x="37.084" y="20.193" />
                  <PolyStepSegment x="37.084" y="20.563251" />
                </Cutout>
                <Cutout>
                  <PolyBegin x="34.163" y="20.563251" />
                  <PolyStepSegment x="34.163" y="20.193" />
                  <PolyStepSegment x="34.533251" y="20.193" />
                  <PolyStepSegment x="34.466662" y="20.353759" />
                  <PolyStepSegment x="34.323759" y="20.496662" />
                  <PolyStepSegment x="34.163" y="20.563251" />
                </Cutout>
                <Cutout>
                  <PolyBegin x="33.909" y="20.563251" />
                  <PolyStepSegment x="33.748241" y="20.496662" />
                  <PolyStepSegment x="33.605338" y="20.353759" />
                  <PolyStepSegment x="33.538749" y="20.193" />
                  <PolyStepSegment x="33.909" y="20.193" />
                  <PolyStepSegment x="33.909" y="20.563251" />
                </Cutout>
                <Cutout>
                  <PolyBegin x="37.708251" y="19.939" />
                  <PolyStepSegment x="37.338" y="19.939" />
                  <PolyStepSegment x="37.338" y="19.568749" />
                  <PolyStepSegment x="37.498759" y="19.635338" />
                  <PolyStepSegment x="37.641662" y="19.778241" />
                  <PolyStepSegment x="37.708251" y="19.939" />
                </Cutout>
                <Cutout>
                  <PolyBegin x="37.084" y="19.939" />
                  <PolyStepSegment x="36.713749" y="19.939" />
                  <PolyStepSegment x="36.780338" y="19.778241" />
                  <PolyStepSegment x="36.923241" y="19.635338" />
                  <PolyStepSegment x="37.084" y="19.568749" />
                  <PolyStepSegment x="37.084" y="19.939" />
                </Cutout>
                <Cutout>
                  <PolyBegin x="34.533251" y="19.939" />
                  <PolyStepSegment x="34.163" y="19.939" />
                  <PolyStepSegment x="34.163" y="19.568749" />
                  <PolyStepSegment x="34.323759" y="19.635338" />
                  <PolyStepSegment x="34.466662" y="19.778241" />
                  <PolyStepSegment x="34.533251" y="19.939" />
                </Cutout>
                <Cutout>
                  <PolyBegin x="33.909" y="19.939" />
                  <PolyStepSegment x="33.538749" y="19.939" />
                  <PolyStepSegment x="33.605338" y="19.778241" />
                  <PolyStepSegment x="33.748241" y="19.635338" />
                  <PolyStepSegment x="33.909" y="19.568749" />
                  <PolyStepSegment x="33.909" y="19.939" />
                </Cutout>
                <Cutout>
                  <PolyBegin x="26.924" y="17.007251" />
                  <PolyStepSegment x="26.924" y="16.637" />
                  <PolyStepSegment x="27.294251" y="16.637" />
                  <PolyStepSegment x="27.227662" y="16.797759" />
                  <PolyStepSegment x="27.084759" y="16.940662" />
                  <PolyStepSegment x="26.924" y="17.007251" />
                </Cutout>
                <Cutout>
                  <PolyBegin x="26.67" y="17.007251" />
                  <PolyStepSegment x="26.509241" y="16.940662" />
                  <PolyStepSegment x="26.366338" y="16.797759" />
                  <PolyStepSegment x="26.299749" y="16.637" />
                  <PolyStepSegment x="26.67" y="16.637" />
                  <PolyStepSegment x="26.67" y="17.007251" />
                </Cutout>
                <Cutout>
                  <PolyBegin x="27.294251" y="16.383" />
                  <PolyStepSegment x="26.924" y="16.383" />
                  <PolyStepSegment x="26.924" y="16.012749" />
                  <PolyStepSegment x="27.084759" y="16.079338" />
                  <PolyStepSegment x="27.227662" y="16.222241" />
                  <PolyStepSegment x="27.294251" y="16.383" />
                </Cutout>
                <Cutout>
                  <PolyBegin x="26.67" y="16.383" />
                  <PolyStepSegment x="26.299749" y="16.383" />
                  <PolyStepSegment x="26.366338" y="16.222241" />
                  <PolyStepSegment x="26.509241" y="16.079338" />
                  <PolyStepSegment x="26.67" y="16.012749" />
                  <PolyStepSegment x="26.67" y="16.383" />
                </Cutout>
                <Cutout>
                  <PolyBegin x="15.748" y="14.213251" />
                  <PolyStepSegment x="15.748" y="13.843" />
                  <PolyStepSegment x="16.118251" y="13.843" />
                  <PolyStepSegment x="16.051662" y="14.003759" />
                  <PolyStepSegment x="15.908759" y="14.146662" />
                  <PolyStepSegment x="15.748" y="14.213251" />
                </Cutout>
                <Cutout>
                  <PolyBegin x="15.494" y="14.213251" />
                  <PolyStepSegment x="15.333241" y="14.146662" />
                  <PolyStepSegment x="15.190338" y="14.003759" />
                  <PolyStepSegment x="15.123749" y="13.843" />
                  <PolyStepSegment x="15.494" y="13.843" />
                  <PolyStepSegment x="15.494" y="14.213251" />
                </Cutout>
                <Cutout>
                  <PolyBegin x="12.573" y="14.213251" />
                  <PolyStepSegment x="12.573" y="13.843" />
                  <PolyStepSegment x="12.943251" y="13.843" />
                  <PolyStepSegment x="12.876662" y="14.003759" />
                  <PolyStepSegment x="12.733759" y="14.146662" />
                  <PolyStepSegment x="12.573" y="14.213251" />
                </Cutout>
                <Cutout>
                  <PolyBegin x="12.319" y="14.213251" />
                  <PolyStepSegment x="12.158241" y="14.146662" />
                  <PolyStepSegment x="12.015338" y="14.003759" />
                  <PolyStepSegment x="11.948749" y="13.843" />
                  <PolyStepSegment x="12.319" y="13.843" />
                  <PolyStepSegment x="12.319" y="14.213251" />
                </Cutout>
                <Cutout>
                  <PolyBegin x="10.033" y="14.213251" />
                  <PolyStepSegment x="10.033" y="13.843" />
                  <PolyStepSegment x="10.403251" y="13.843" />
                  <PolyStepSegment x="10.336662" y="14.003759" />
                  <PolyStepSegment x="10.193759" y="14.146662" />
                  <PolyStepSegment x="10.033" y="14.213251" />
                </Cutout>
                <Cutout>
                  <PolyBegin x="9.779" y="14.213251" />
                  <PolyStepSegment x="9.618241" y="14.146662" />
                  <PolyStepSegment x="9.475338" y="14.003759" />
                  <PolyStepSegment x="9.408749" y="13.843" />
                  <PolyStepSegment x="9.779" y="13.843" />
                  <PolyStepSegment x="9.779" y="14.213251" />
                </Cutout>
                <Cutout>
                  <PolyBegin x="16.118251" y="13.589" />
                  <PolyStepSegment x="15.748" y="13.589" />
                  <PolyStepSegment x="15.748" y="13.218749" />
                  <PolyStepSegment x="15.908759" y="13.285338" />
                  <PolyStepSegment x="16.051662" y="13.428241" />
                  <PolyStepSegment x="16.118251" y="13.589" />
                </Cutout>
                <Cutout>
                  <PolyBegin x="15.494" y="13.589" />
                  <PolyStepSegment x="15.123749" y="13.589" />
                  <PolyStepSegment x="15.190338" y="13.428241" />
                  <PolyStepSegment x="15.333241" y="13.285338" />
                  <PolyStepSegment x="15.494" y="13.218749" />
                  <PolyStepSegment x="15.494" y="13.589" />
                </Cutout>
                <Cutout>
                  <PolyBegin x="12.943251" y="13.589" />
                  <PolyStepSegment x="12.573" y="13.589" />
                  <PolyStepSegment x="12.573" y="13.218749" />
                  <PolyStepSegment x="12.733759" y="13.285338" />
                  <PolyStepSegment x="12.876662" y="13.428241" />
                  <PolyStepSegment x="12.943251" y="13.589" />
                </Cutout>
                <Cutout>
                  <PolyBegin x="12.319" y="13.589" />
                  <PolyStepSegment x="11.948749" y="13.589" />
                  <PolyStepSegment x="12.015338" y="13.428241" />
                  <PolyStepSegment x="12.158241" y="13.285338" />
                  <PolyStepSegment x="12.319" y="13.218749" />
                  <PolyStepSegment x="12.319" y="13.589" />
                </Cutout>
                <Cutout>
                  <PolyBegin x="10.403251" y="13.589" />
                  <PolyStepSegment x="10.033" y="13.589" />
                  <PolyStepSegment x="10.033" y="13.218749" />
                  <PolyStepSegment x="10.193759" y="13.285338" />
                  <PolyStepSegment x="10.336662" y="13.428241" />
                  <PolyStepSegment x="10.403251" y="13.589" />
                </Cutout>
                <Cutout>
                  <PolyBegin x="9.779" y="13.589" />
                  <PolyStepSegment x="9.408749" y="13.589" />
                  <PolyStepSegment x="9.475338" y="13.428241" />
                  <PolyStepSegment x="9.618241" y="13.285338" />
                  <PolyStepSegment x="9.779" y="13.218749" />
                  <PolyStepSegment x="9.779" y="13.589" />
                </Cutout>
                <Cutout>
                  <PolyBegin x="44.329759" y="4.572" />
                  <PolyStepSegment x="44.323" y="4.572" />
                  <PolyStepSegment x="44.323" y="3.683" />
                  <PolyStepSegment x="45.212" y="3.683" />
                  <PolyStepSegment x="45.212" y="3.689759" />
                  <PolyStepSegment x="45.142762" y="3.948161" />
                  <PolyStepSegment x="45.009003" y="4.179839" />
                  <PolyStepSegment x="44.819839" y="4.369003" />
                  <PolyStepSegment x="44.588161" y="4.502762" />
                  <PolyStepSegment x="44.329759" y="4.572" />
                </Cutout>
                <Cutout>
                  <PolyBegin x="41.789759" y="4.572" />
                  <PolyStepSegment x="41.783" y="4.572" />
                  <PolyStepSegment x="41.783" y="3.683" />
                  <PolyStepSegment x="42.672" y="3.683" />
                  <PolyStepSegment x="42.672" y="3.689759" />
                  <PolyStepSegment x="42.602762" y="3.948161" />
                  <PolyStepSegment x="42.469003" y="4.179839" />
                  <PolyStepSegment x="42.279839" y="4.369003" />
                  <PolyStepSegment x="42.048161" y="4.502762" />
                  <PolyStepSegment x="41.789759" y="4.572" />
                </Cutout>
                <Cutout>
                  <PolyBegin x="44.069" y="4.572" />
                  <PolyStepSegment x="44.062241" y="4.572" />
                  <PolyStepSegment x="43.803839" y="4.502762" />
                  <PolyStepSegment x="43.572161" y="4.369003" />
                  <PolyStepSegment x="43.382997" y="4.179839" />
                  <PolyStepSegment x="43.249238" y="3.948161" />
                  <PolyStepSegment x="43.18" y="3.689759" />
                  <PolyStepSegment x="43.18" y="3.683" />
                  <PolyStepSegment x="44.069" y="3.683" />
                  <PolyStepSegment x="44.069" y="4.572" />
                </Cutout>
                <Cutout>
                  <PolyBegin x="41.529" y="4.572" />
                  <PolyStepSegment x="41.522241" y="4.572" />
                  <PolyStepSegment x="41.263839" y="4.502762" />
                  <PolyStepSegment x="41.032161" y="4.369003" />
                  <PolyStepSegment x="40.842997" y="4.179839" />
                  <PolyStepSegment x="40.709238" y="3.948161" />
                  <PolyStepSegment x="40.64" y="3.689759" />
                  <PolyStepSegment x="40.64" y="3.683" />
                  <PolyStepSegment x="41.529" y="3.683" />
                  <PolyStepSegment x="41.529" y="4.572" />
                </Cutout>
                <Cutout>
                  <PolyBegin x="64.649759" y="4.572" />
                  <PolyStepSegment x="64.382241" y="4.572" />
                  <PolyStepSegment x="64.123839" y="4.502762" />
                  <PolyStepSegment x="63.892161" y="4.369003" />
                  <PolyStepSegment x="63.702997" y="4.179839" />
                  <PolyStepSegment x="63.569238" y="3.948161" />
                  <PolyStepSegment x="63.5" y="3.689759" />
                  <PolyStepSegment x="63.5" y="3.422241" />
                  <PolyStepSegment x="63.569238" y="3.163839" />
                  <PolyStepSegment x="63.702997" y="2.932161" />
                  <PolyStepSegment x="63.892161" y="2.742997" />
                  <PolyStepSegment x="64.123839" y="2.609238" />
                  <PolyStepSegment x="64.382241" y="2.54" />
                  <PolyStepSegment x="64.649759" y="2.54" />
                  <PolyStepSegment x="64.908161" y="2.609238" />
                  <PolyStepSegment x="65.139839" y="2.742997" />
                  <PolyStepSegment x="65.329003" y="2.932161" />
                  <PolyStepSegment x="65.462762" y="3.163839" />
                  <PolyStepSegment x="65.532" y="3.422241" />
                  <PolyStepSegment x="65.532" y="3.689759" />
                  <PolyStepSegment x="65.462762" y="3.948161" />
                  <PolyStepSegment x="65.329003" y="4.179839" />
                  <PolyStepSegment x="65.139839" y="4.369003" />
                  <PolyStepSegment x="64.908161" y="4.502762" />
                  <PolyStepSegment x="64.649759" y="4.572" />
                </Cutout>
                <Cutout>
                  <PolyBegin x="62.109759" y="4.572" />
                  <PolyStepSegment x="61.842241" y="4.572" />
                  <PolyStepSegment x="61.583839" y="4.502762" />
                  <PolyStepSegment x="61.352161" y="4.369003" />
                  <PolyStepSegment x="61.162997" y="4.179839" />
                  <PolyStepSegment x="61.029238" y="3.948161" />
                  <PolyStepSegment x="60.96" y="3.689759" />
                  <PolyStepSegment x="60.96" y="3.422241" />
                  <PolyStepSegment x="61.029238" y="3.163839" />
                  <PolyStepSegment x="61.162997" y="2.932161" />
                  <PolyStepSegment x="61.352161" y="2.742997" />
                  <PolyStepSegment x="61.583839" y="2.609238" />
                  <PolyStepSegment x="61.842241" y="2.54" />
                  <PolyStepSegment x="62.109759" y="2.54" />
                  <PolyStepSegment x="62.368161" y="2.609238" />
                  <PolyStepSegment x="62.599839" y="2.742997" />
                  <PolyStepSegment x="62.789003" y="2.932161" />
                  <PolyStepSegment x="62.922762" y="3.163839" />
                  <PolyStepSegment x="62.992" y="3.422241" />
                  <PolyStepSegment x="62.992" y="3.689759" />
                  <PolyStepSegment x="62.922762" y="3.948161" />
                  <PolyStepSegment x="62.789003" y="4.179839" />
                  <PolyStepSegment x="62.599839" y="4.369003" />
                  <PolyStepSegment x="62.368161" y="4.502762" />
                  <PolyStepSegment x="62.109759" y="4.572" />
                </Cutout>
                <Cutout>
                  <PolyBegin x="59.569759" y="4.572" />
                  <PolyStepSegment x="59.302241" y="4.572" />
                  <PolyStepSegment x="59.043839" y="4.502762" />
                  <PolyStepSegment x="58.812161" y="4.369003" />
                  <PolyStepSegment x="58.622997" y="4.179839" />
                  <PolyStepSegment x="58.489238" y="3.948161" />
                  <PolyStepSegment x="58.42" y="3.689759" />
                  <PolyStepSegment x="58.42" y="3.422241" />
                  <PolyStepSegment x="58.489238" y="3.163839" />
                  <PolyStepSegment x="58.622997" y="2.932161" />
                  <PolyStepSegment x="58.812161" y="2.742997" />
                  <PolyStepSegment x="59.043839" y="2.609238" />
                  <PolyStepSegment x="59.302241" y="2.54" />
                  <PolyStepSegment x="59.569759" y="2.54" />
                  <PolyStepSegment x="59.828161" y="2.609238" />
                  <PolyStepSegment x="60.059839" y="2.742997" />
                  <PolyStepSegment x="60.249003" y="2.932161" />
                  <PolyStepSegment x="60.382762" y="3.163839" />
                  <PolyStepSegment x="60.452" y="3.422241" />
                  <PolyStepSegment x="60.452" y="3.689759" />
                  <PolyStepSegment x="60.382762" y="3.948161" />
                  <PolyStepSegment x="60.249003" y="4.179839" />
                  <PolyStepSegment x="60.059839" y="4.369003" />
                  <PolyStepSegment x="59.828161" y="4.502762" />
                  <PolyStepSegment x="59.569759" y="4.572" />
                </Cutout>
                <Cutout>
                  <PolyBegin x="57.029759" y="4.572" />
                  <PolyStepSegment x="56.762241" y="4.572" />
                  <PolyStepSegment x="56.503839" y="4.502762" />
                  <PolyStepSegment x="56.272161" y="4.369003" />
                  <PolyStepSegment x="56.082997" y="4.179839" />
                  <PolyStepSegment x="55.949238" y="3.948161" />
                  <PolyStepSegment x="55.88" y="3.689759" />
                  <PolyStepSegment x="55.88" y="3.422241" />
                  <PolyStepSegment x="55.949238" y="3.163839" />
                  <PolyStepSegment x="56.082997" y="2.932161" />
                  <PolyStepSegment x="56.272161" y="2.742997" />
                  <PolyStepSegment x="56.503839" y="2.609238" />
                  <PolyStepSegment x="56.762241" y="2.54" />
                  <PolyStepSegment x="57.029759" y="2.54" />
                  <PolyStepSegment x="57.288161" y="2.609238" />
                  <PolyStepSegment x="57.519839" y="2.742997" />
                  <PolyStepSegment x="57.709003" y="2.932161" />
                  <PolyStepSegment x="57.842762" y="3.163839" />
                  <PolyStepSegment x="57.912" y="3.422241" />
                  <PolyStepSegment x="57.912" y="3.689759" />
                  <PolyStepSegment x="57.842762" y="3.948161" />
                  <PolyStepSegment x="57.709003" y="4.179839" />
                  <PolyStepSegment x="57.519839" y="4.369003" />
                  <PolyStepSegment x="57.288161" y="4.502762" />
                  <PolyStepSegment x="57.029759" y="4.572" />
                </Cutout>
                <Cutout>
                  <PolyBegin x="54.489759" y="4.572" />
                  <PolyStepSegment x="54.222241" y="4.572" />
                  <PolyStepSegment x="53.963839" y="4.502762" />
                  <PolyStepSegment x="53.732161" y="4.369003" />
                  <PolyStepSegment x="53.542997" y="4.179839" />
                  <PolyStepSegment x="53.409238" y="3.948161" />
                  <PolyStepSegment x="53.34" y="3.689759" />
                  <PolyStepSegment x="53.34" y="3.422241" />
                  <PolyStepSegment x="53.409238" y="3.163839" />
                  <PolyStepSegment x="53.542997" y="2.932161" />
                  <PolyStepSegment x="53.732161" y="2.742997" />
                  <PolyStepSegment x="53.963839" y="2.609238" />
                  <PolyStepSegment x="54.222241" y="2.54" />
                  <PolyStepSegment x="54.489759" y="2.54" />
                  <PolyStepSegment x="54.748161" y="2.609238" />
                  <PolyStepSegment x="54.979839" y="2.742997" />
                  <PolyStepSegment x="55.169003" y="2.932161" />
                  <PolyStepSegment x="55.302762" y="3.163839" />
                  <PolyStepSegment x="55.372" y="3.422241" />
                  <PolyStepSegment x="55.372" y="3.689759" />
                  <PolyStepSegment x="55.302762" y="3.948161" />
                  <PolyStepSegment x="55.169003" y="4.179839" />
                  <PolyStepSegment x="54.979839" y="4.369003" />
                  <PolyStepSegment x="54.748161" y="4.502762" />
                  <PolyStepSegment x="54.489759" y="4.572" />
                </Cutout>
                <Cutout>
                  <PolyBegin x="52.832" y="4.572" />
                  <PolyStepSegment x="50.8" y="4.572" />
                  <PolyStepSegment x="50.8" y="2.54" />
                  <PolyStepSegment x="52.832" y="2.54" />
                  <PolyStepSegment x="52.832" y="4.572" />
                </Cutout>
                <Cutout>
                  <PolyBegin x="46.869759" y="4.572" />
                  <PolyStepSegment x="46.602241" y="4.572" />
                  <PolyStepSegment x="46.343839" y="4.502762" />
                  <PolyStepSegment x="46.112161" y="4.369003" />
                  <PolyStepSegment x="45.922997" y="4.179839" />
                  <PolyStepSegment x="45.789238" y="3.948161" />
                  <PolyStepSegment x="45.72" y="3.689759" />
                  <PolyStepSegment x="45.72" y="3.422241" />
                  <PolyStepSegment x="45.789238" y="3.163839" />
                  <PolyStepSegment x="45.922997" y="2.932161" />
                  <PolyStepSegment x="46.112161" y="2.742997" />
                  <PolyStepSegment x="46.343839" y="2.609238" />
                  <PolyStepSegment x="46.602241" y="2.54" />
                  <PolyStepSegment x="46.869759" y="2.54" />
                  <PolyStepSegment x="47.128161" y="2.609238" />
                  <PolyStepSegment x="47.359839" y="2.742997" />
                  <PolyStepSegment x="47.549003" y="2.932161" />
                  <PolyStepSegment x="47.682762" y="3.163839" />
                  <PolyStepSegment x="47.752" y="3.422241" />
                  <PolyStepSegment x="47.752" y="3.689759" />
                  <PolyStepSegment x="47.682762" y="3.948161" />
                  <PolyStepSegment x="47.549003" y="4.179839" />
                  <PolyStepSegment x="47.359839" y="4.369003" />
                  <PolyStepSegment x="47.128161" y="4.502762" />
                  <PolyStepSegment x="46.869759" y="4.572" />
                </Cutout>
                <Cutout>
                  <PolyBegin x="45.212" y="3.429" />
                  <PolyStepSegment x="44.323" y="3.429" />
                  <PolyStepSegment x="44.323" y="2.54" />
                  <PolyStepSegment x="44.329759" y="2.54" />
                  <PolyStepSegment x="44.588161" y="2.609238" />
                  <PolyStepSegment x="44.819839" y="2.742997" />
                  <PolyStepSegment x="45.009003" y="2.932161" />
                  <PolyStepSegment x="45.142762" y="3.163839" />
                  <PolyStepSegment x="45.212" y="3.422241" />
                  <PolyStepSegment x="45.212" y="3.429" />
                </Cutout>
                <Cutout>
                  <PolyBegin x="44.069" y="3.429" />
                  <PolyStepSegment x="43.18" y="3.429" />
                  <PolyStepSegment x="43.18" y="3.422241" />
                  <PolyStepSegment x="43.249238" y="3.163839" />
                  <PolyStepSegment x="43.382997" y="2.932161" />
                  <PolyStepSegment x="43.572161" y="2.742997" />
                  <PolyStepSegment x="43.803839" y="2.609238" />
                  <PolyStepSegment x="44.062241" y="2.54" />
                  <PolyStepSegment x="44.069" y="2.54" />
                  <PolyStepSegment x="44.069" y="3.429" />
                </Cutout>
                <Cutout>
                  <PolyBegin x="42.672" y="3.429" />
                  <PolyStepSegment x="41.783" y="3.429" />
                  <PolyStepSegment x="41.783" y="2.54" />
                  <PolyStepSegment x="41.789759" y="2.54" />
                  <PolyStepSegment x="42.048161" y="2.609238" />
                  <PolyStepSegment x="42.279839" y="2.742997" />
                  <PolyStepSegment x="42.469003" y="2.932161" />
                  <PolyStepSegment x="42.602762" y="3.163839" />
                  <PolyStepSegment x="42.672" y="3.422241" />
                  <PolyStepSegment x="42.672" y="3.429" />
                </Cutout>
                <Cutout>
                  <PolyBegin x="41.529" y="3.429" />
                  <PolyStepSegment x="40.64" y="3.429" />
                  <PolyStepSegment x="40.64" y="3.422241" />
                  <PolyStepSegment x="40.709238" y="3.163839" />
                  <PolyStepSegment x="40.842997" y="2.932161" />
                  <PolyStepSegment x="41.032161" y="2.742997" />
                  <PolyStepSegment x="41.263839" y="2.609238" />
                  <PolyStepSegment x="41.522241" y="2.54" />
                  <PolyStepSegment x="41.529" y="2.54" />
                  <PolyStepSegment x="41.529" y="3.429" />
                </Cutout>
                <Cutout>
                  <PolyBegin x="39.249759" y="4.572" />
                  <PolyStepSegment x="38.982241" y="4.572" />
                  <PolyStepSegment x="38.723839" y="4.502762" />
                  <PolyStepSegment x="38.492161" y="4.369003" />
                  <PolyStepSegment x="38.302997" y="4.179839" />
                  <PolyStepSegment x="38.169238" y="3.948161" />
                  <PolyStepSegment x="38.1" y="3.689759" />
                  <PolyStepSegment x="38.1" y="3.422241" />
                  <PolyStepSegment x="38.169238" y="3.163839" />
                  <PolyStepSegment x="38.302997" y="2.932161" />
                  <PolyStepSegment x="38.492161" y="2.742997" />
                  <PolyStepSegment x="38.723839" y="2.609238" />
                  <PolyStepSegment x="38.982241" y="2.54" />
                  <PolyStepSegment x="39.249759" y="2.54" />
                  <PolyStepSegment x="39.508161" y="2.609238" />
                  <PolyStepSegment x="39.739839" y="2.742997" />
                  <PolyStepSegment x="39.929003" y="2.932161" />
                  <PolyStepSegment x="40.062762" y="3.163839" />
                  <PolyStepSegment x="40.132" y="3.422241" />
                  <PolyStepSegment x="40.132" y="3.689759" />
                  <PolyStepSegment x="40.062762" y="3.948161" />
                  <PolyStepSegment x="39.929003" y="4.179839" />
                  <PolyStepSegment x="39.739839" y="4.369003" />
                  <PolyStepSegment x="39.508161" y="4.502762" />
                  <PolyStepSegment x="39.249759" y="4.572" />
                </Cutout>
                <Cutout>
                  <PolyBegin x="36.709759" y="4.572" />
                  <PolyStepSegment x="36.442241" y="4.572" />
                  <PolyStepSegment x="36.183839" y="4.502762" />
                  <PolyStepSegment x="35.952161" y="4.369003" />
                  <PolyStepSegment x="35.762997" y="4.179839" />
                  <PolyStepSegment x="35.629238" y="3.948161" />
                  <PolyStepSegment x="35.56" y="3.689759" />
                  <PolyStepSegment x="35.56" y="3.422241" />
                  <PolyStepSegment x="35.629238" y="3.163839" />
                  <PolyStepSegment x="35.762997" y="2.932161" />
                  <PolyStepSegment x="35.952161" y="2.742997" />
                  <PolyStepSegment x="36.183839" y="2.609238" />
                  <PolyStepSegment x="36.442241" y="2.54" />
                  <PolyStepSegment x="36.709759" y="2.54" />
                  <PolyStepSegment x="36.968161" y="2.609238" />
                  <PolyStepSegment x="37.199839" y="2.742997" />
                  <PolyStepSegment x="37.389003" y="2.932161" />
                  <PolyStepSegment x="37.522762" y="3.163839" />
                  <PolyStepSegment x="37.592" y="3.422241" />
                  <PolyStepSegment x="37.592" y="3.689759" />
                  <PolyStepSegment x="37.522762" y="3.948161" />
                  <PolyStepSegment x="37.389003" y="4.179839" />
                  <PolyStepSegment x="37.199839" y="4.369003" />
                  <PolyStepSegment x="36.968161" y="4.502762" />
                  <PolyStepSegment x="36.709759" y="4.572" />
                </Cutout>
                <Cutout>
                  <PolyBegin x="34.169759" y="4.572" />
                  <PolyStepSegment x="33.902241" y="4.572" />
                  <PolyStepSegment x="33.643839" y="4.502762" />
                  <PolyStepSegment x="33.412161" y="4.369003" />
                  <PolyStepSegment x="33.222997" y="4.179839" />
                  <PolyStepSegment x="33.089238" y="3.948161" />
                  <PolyStepSegment x="33.02" y="3.689759" />
                  <PolyStepSegment x="33.02" y="3.422241" />
                  <PolyStepSegment x="33.089238" y="3.163839" />
                  <PolyStepSegment x="33.222997" y="2.932161" />
                  <PolyStepSegment x="33.412161" y="2.742997" />
                  <PolyStepSegment x="33.643839" y="2.609238" />
                  <PolyStepSegment x="33.902241" y="2.54" />
                  <PolyStepSegment x="34.169759" y="2.54" />
                  <PolyStepSegment x="34.428161" y="2.609238" />
                  <PolyStepSegment x="34.659839" y="2.742997" />
                  <PolyStepSegment x="34.849003" y="2.932161" />
                  <PolyStepSegment x="34.982762" y="3.163839" />
                  <PolyStepSegment x="35.052" y="3.422241" />
                  <PolyStepSegment x="35.052" y="3.689759" />
                  <PolyStepSegment x="34.982762" y="3.948161" />
                  <PolyStepSegment x="34.849003" y="4.179839" />
                  <PolyStepSegment x="34.659839" y="4.369003" />
                  <PolyStepSegment x="34.428161" y="4.502762" />
                  <PolyStepSegment x="34.169759" y="4.572" />
                </Cutout>
                <Cutout>
                  <PolyBegin x="31.629759" y="4.572" />
                  <PolyStepSegment x="31.362241" y="4.572" />
                  <PolyStepSegment x="31.103839" y="4.502762" />
                  <PolyStepSegment x="30.872161" y="4.369003" />
                  <PolyStepSegment x="30.682997" y="4.179839" />
                  <PolyStepSegment x="30.549238" y="3.948161" />
                  <PolyStepSegment x="30.48" y="3.689759" />
                  <PolyStepSegment x="30.48" y="3.422241" />
                  <PolyStepSegment x="30.549238" y="3.163839" />
                  <PolyStepSegment x="30.682997" y="2.932161" />
                  <PolyStepSegment x="30.872161" y="2.742997" />
                  <PolyStepSegment x="31.103839" y="2.609238" />
                  <PolyStepSegment x="31.362241" y="2.54" />
                  <PolyStepSegment x="31.629759" y="2.54" />
                  <PolyStepSegment x="31.888161" y="2.609238" />
                  <PolyStepSegment x="32.119839" y="2.742997" />
                  <PolyStepSegment x="32.309003" y="2.932161" />
                  <PolyStepSegment x="32.442762" y="3.163839" />
                  <PolyStepSegment x="32.512" y="3.422241" />
                  <PolyStepSegment x="32.512" y="3.689759" />
                  <PolyStepSegment x="32.442762" y="3.948161" />
                  <PolyStepSegment x="32.309003" y="4.179839" />
                  <PolyStepSegment x="32.119839" y="4.369003" />
                  <PolyStepSegment x="31.888161" y="4.502762" />
                  <PolyStepSegment x="31.629759" y="4.572" />
                </Cutout>
                <Cutout>
                  <PolyBegin x="29.972" y="4.572" />
                  <PolyStepSegment x="27.94" y="4.572" />
                  <PolyStepSegment x="27.94" y="2.54" />
                  <PolyStepSegment x="29.972" y="2.54" />
                  <PolyStepSegment x="29.972" y="4.572" />
                </Cutout>
              </Contour>
            </Features>
          </Set>
        </LayerFeature>
        <LayerFeature layerRef="Bottom Solder">
          <Set>
            <ColorRef id="LAYER_COLOR_Bottom Solder" />
          </Set>
        </LayerFeature>
        <LayerFeature layerRef="Bottom Overlay">
          <Set>
            <ColorRef id="LAYER_COLOR_Bottom Overlay" />
          </Set>
        </LayerFeature>
        <LayerFeature layerRef="Bottom Paste">
          <Set>
            <ColorRef id="LAYER_COLOR_Bottom Paste" />
          </Set>
        </LayerFeature>
        <LayerFeature layerRef="Keep-Out Layer">
          <Set>
            <ColorRef id="LAYER_COLOR_Keep-Out Layer" />
          </Set>
        </LayerFeature>
        <LayerFeature layerRef="Mechanical 1">
          <Set>
            <ColorRef id="LAYER_COLOR_Mechanical 1" />
          </Set>
        </LayerFeature>
        <LayerFeature layerRef="Mechanical 13">
          <Set>
            <ColorRef id="LAYER_COLOR_Mechanical 13" />
          </Set>
          <Set net="No Net">
            <Features>
              <UserSpecial>
                <Line startX="41.965999" startY="33.726001" endX="48.966001" endY="33.726001">
                  <LineDesc lineEnd="ROUND" lineWidth="0.1" lineProperty="SOLID" />
                </Line>
                <Line startX="41.965999" startY="26.725999" endX="41.965999" endY="33.726001">
                  <LineDesc lineEnd="ROUND" lineWidth="0.1" lineProperty="SOLID" />
                </Line>
                <Line startX="41.965999" startY="26.725999" endX="48.966001" endY="26.725999">
                  <LineDesc lineEnd="ROUND" lineWidth="0.1" lineProperty="SOLID" />
                </Line>
                <Line startX="48.966001" startY="26.725999" endX="48.966001" endY="33.726001">
                  <LineDesc lineEnd="ROUND" lineWidth="0.1" lineProperty="SOLID" />
                </Line>
                <Line startX="13.911001" startY="9.206004" endX="13.911001" endY="10.606004">
                  <LineDesc lineEnd="ROUND" lineWidth="0.1" lineProperty="SOLID" />
                </Line>
                <Line startX="16.061002" startY="9.206004" endX="16.061002" endY="10.606004">
                  <LineDesc lineEnd="ROUND" lineWidth="0.1" lineProperty="SOLID" />
                </Line>
                <Line startX="13.911001" startY="10.606004" endX="16.061002" endY="10.606004">
                  <LineDesc lineEnd="ROUND" lineWidth="0.1" lineProperty="SOLID" />
                </Line>
                <Line startX="13.911001" startY="9.206004" endX="16.061002" endY="9.206004">
                  <LineDesc lineEnd="ROUND" lineWidth="0.1" lineProperty="SOLID" />
                </Line>
                <Line startX="13.145999" startY="15.092098" endX="13.145999" endY="17.242099">
                  <LineDesc lineEnd="ROUND" lineWidth="0.1" lineProperty="SOLID" />
                </Line>
                <Line startX="11.745999" startY="15.092098" endX="11.745999" endY="17.242099">
                  <LineDesc lineEnd="ROUND" lineWidth="0.1" lineProperty="SOLID" />
                </Line>
                <Line startX="11.745999" startY="17.242099" endX="13.145999" endY="17.242099">
                  <LineDesc lineEnd="ROUND" lineWidth="0.1" lineProperty="SOLID" />
                </Line>
                <Line startX="11.745999" startY="15.092098" endX="13.145999" endY="15.092098">
                  <LineDesc lineEnd="ROUND" lineWidth="0.1" lineProperty="SOLID" />
                </Line>
                <Line startX="25.605997" startY="16.566002" endX="25.955998" endY="16.566002">
                  <LineDesc lineEnd="ROUND" lineWidth="0.1" lineProperty="SOLID" />
                </Line>
                <Line startX="25.605997" startY="17.216001" endX="25.955998" endY="17.216001">
                  <LineDesc lineEnd="ROUND" lineWidth="0.1" lineProperty="SOLID" />
                </Line>
                <Line startX="25.605997" startY="16.566002" endX="25.605997" endY="17.216001">
                  <LineDesc lineEnd="ROUND" lineWidth="0.1" lineProperty="SOLID" />
                </Line>
                <Line startX="25.955998" startY="16.566002" endX="25.955998" endY="17.216001">
                  <LineDesc lineEnd="ROUND" lineWidth="0.1" lineProperty="SOLID" />
                </Line>
                <Line startX="36.511004" startY="18.600999" endX="37.911004" endY="18.600999">
                  <LineDesc lineEnd="ROUND" lineWidth="0.1" lineProperty="SOLID" />
                </Line>
                <Line startX="36.511004" startY="16.450998" endX="37.911004" endY="16.450998">
                  <LineDesc lineEnd="ROUND" lineWidth="0.1" lineProperty="SOLID" />
                </Line>
                <Line startX="37.911004" startY="16.450998" endX="37.911004" endY="18.600999">
                  <LineDesc lineEnd="ROUND" lineWidth="0.1" lineProperty="SOLID" />
                </Line>
                <Line startX="36.511004" startY="16.450998" endX="36.511004" endY="18.600999">
                  <LineDesc lineEnd="ROUND" lineWidth="0.1" lineProperty="SOLID" />
                </Line>
                <Line startX="33.336001" startY="16.451001" endX="33.336001" endY="18.601002">
                  <LineDesc lineEnd="ROUND" lineWidth="0.1" lineProperty="SOLID" />
                </Line>
                <Line startX="34.736001" startY="16.451001" endX="34.736001" endY="18.601002">
                  <LineDesc lineEnd="ROUND" lineWidth="0.1" lineProperty="SOLID" />
                </Line>
                <Line startX="33.336001" startY="16.451001" endX="34.736001" endY="16.451001">
                  <LineDesc lineEnd="ROUND" lineWidth="0.1" lineProperty="SOLID" />
                </Line>
                <Line startX="33.336001" startY="18.601002" endX="34.736001" endY="18.601002">
                  <LineDesc lineEnd="ROUND" lineWidth="0.1" lineProperty="SOLID" />
                </Line>
                <Line startX="10.605999" startY="15.092098" endX="10.605999" endY="17.242099">
                  <LineDesc lineEnd="ROUND" lineWidth="0.1" lineProperty="SOLID" />
                </Line>
                <Line startX="9.205999" startY="15.092098" endX="9.205999" endY="17.242099">
                  <LineDesc lineEnd="ROUND" lineWidth="0.1" lineProperty="SOLID" />
                </Line>
                <Line startX="9.205999" startY="17.242099" endX="10.605999" endY="17.242099">
                  <LineDesc lineEnd="ROUND" lineWidth="0.1" lineProperty="SOLID" />
                </Line>
                <Line startX="9.205999" startY="15.092098" endX="10.605999" endY="15.092098">
                  <LineDesc lineEnd="ROUND" lineWidth="0.1" lineProperty="SOLID" />
                </Line>
                <Line startX="41.965999" startY="43.251001" endX="48.966001" endY="43.251001">
                  <LineDesc lineEnd="ROUND" lineWidth="0.1" lineProperty="SOLID" />
                </Line>
                <Line startX="41.965999" startY="36.250999" endX="41.965999" endY="43.251001">
                  <LineDesc lineEnd="ROUND" lineWidth="0.1" lineProperty="SOLID" />
                </Line>
                <Line startX="41.965999" startY="36.250999" endX="48.966001" endY="36.250999">
                  <LineDesc lineEnd="ROUND" lineWidth="0.1" lineProperty="SOLID" />
                </Line>
                <Line startX="48.966001" startY="36.250999" endX="48.966001" endY="43.251001">
                  <LineDesc lineEnd="ROUND" lineWidth="0.1" lineProperty="SOLID" />
                </Line>
                <Line startX="29.416002" startY="17.215998" endX="29.766003" endY="17.215998">
                  <LineDesc lineEnd="ROUND" lineWidth="0.1" lineProperty="SOLID" />
                </Line>
                <Line startX="29.416002" startY="16.565999" endX="29.766003" endY="16.565999">
                  <LineDesc lineEnd="ROUND" lineWidth="0.1" lineProperty="SOLID" />
                </Line>
                <Line startX="29.766003" startY="16.565999" endX="29.766003" endY="17.215998">
                  <LineDesc lineEnd="ROUND" lineWidth="0.1" lineProperty="SOLID" />
                </Line>
                <Line startX="29.416002" startY="16.565999" endX="29.416002" endY="17.215998">
                  <LineDesc lineEnd="ROUND" lineWidth="0.1" lineProperty="SOLID" />
                </Line>
              </UserSpecial>
            </Features>
          </Set>
        </LayerFeature>
        <LayerFeature layerRef="Mechanical 15">
          <Set>
            <ColorRef id="LAYER_COLOR_Mechanical 15" />
          </Set>
          <Set net="No Net">
            <Features>
              <UserSpecial>
                <Line startX="45.466" startY="29.726001" endX="45.466" endY="30.725999">
                  <LineDesc lineEnd="ROUND" lineWidth="0.1" lineProperty="SOLID" />
                </Line>
                <Line startX="44.966001" startY="30.226" endX="45.965999" endY="30.226">
                  <LineDesc lineEnd="ROUND" lineWidth="0.1" lineProperty="SOLID" />
                </Line>
                <Line startX="41.866" startY="33.826" endX="49.066" endY="33.826">
                  <LineDesc lineEnd="ROUND" lineWidth="0.05" lineProperty="SOLID" />
                </Line>
                <Line startX="41.866" startY="26.626" endX="41.866" endY="33.826">
                  <LineDesc lineEnd="ROUND" lineWidth="0.05" lineProperty="SOLID" />
                </Line>
                <Line startX="41.866" startY="26.626" endX="49.066" endY="26.626">
                  <LineDesc lineEnd="ROUND" lineWidth="0.05" lineProperty="SOLID" />
                </Line>
                <Line startX="49.066" startY="26.626" endX="49.066" endY="33.826">
                  <LineDesc lineEnd="ROUND" lineWidth="0.05" lineProperty="SOLID" />
                </Line>
                <Line startX="13.236001" startY="8.956004" endX="13.236001" endY="10.856003">
                  <LineDesc lineEnd="ROUND" lineWidth="0.1" lineProperty="SOLID" />
                </Line>
                <Line startX="16.736002" startY="8.956004" endX="16.736002" endY="10.856003">
                  <LineDesc lineEnd="ROUND" lineWidth="0.1" lineProperty="SOLID" />
                </Line>
                <Line startX="13.236001" startY="10.856003" endX="16.736002" endY="10.856003">
                  <LineDesc lineEnd="ROUND" lineWidth="0.1" lineProperty="SOLID" />
                </Line>
                <Line startX="13.236001" startY="8.956004" endX="16.736002" endY="8.956004">
                  <LineDesc lineEnd="ROUND" lineWidth="0.1" lineProperty="SOLID" />
                </Line>
                <Line startX="14.486001" startY="9.906003" endX="15.486002" endY="9.906003">
                  <LineDesc lineEnd="ROUND" lineWidth="0.1" lineProperty="SOLID" />
                </Line>
                <Line startX="14.986003" startY="9.406004" endX="14.986003" endY="10.406004">
                  <LineDesc lineEnd="ROUND" lineWidth="0.1" lineProperty="SOLID" />
                </Line>
                <Line startX="11.945998" startY="16.1671" endX="12.945999" endY="16.1671">
                  <LineDesc lineEnd="ROUND" lineWidth="0.1" lineProperty="SOLID" />
                </Line>
                <Line startX="12.446" startY="15.667098" endX="12.446" endY="16.667099">
                  <LineDesc lineEnd="ROUND" lineWidth="0.1" lineProperty="SOLID" />
                </Line>
                <Line startX="13.696" startY="13.967099" endX="13.696" endY="18.367101">
                  <LineDesc lineEnd="ROUND" lineWidth="0.1" lineProperty="SOLID" />
                </Line>
                <Line startX="11.196" startY="13.967099" endX="11.196" endY="18.367101">
                  <LineDesc lineEnd="ROUND" lineWidth="0.1" lineProperty="SOLID" />
                </Line>
                <Line startX="11.196" startY="18.367101" endX="13.696" endY="18.367101">
                  <LineDesc lineEnd="ROUND" lineWidth="0.1" lineProperty="SOLID" />
                </Line>
                <Line startX="11.196" startY="13.967099" endX="13.696" endY="13.967099">
                  <LineDesc lineEnd="ROUND" lineWidth="0.1" lineProperty="SOLID" />
                </Line>
                <Line startX="25.530998" startY="16.191001" endX="26.030997" endY="16.191001">
                  <LineDesc lineEnd="ROUND" lineWidth="0.1" lineProperty="SOLID" />
                </Line>
                <Line startX="25.530998" startY="17.591001" endX="26.030997" endY="17.591001">
                  <LineDesc lineEnd="ROUND" lineWidth="0.1" lineProperty="SOLID" />
                </Line>
                <Line startX="25.530998" startY="16.191001" endX="25.530998" endY="17.591001">
                  <LineDesc lineEnd="ROUND" lineWidth="0.1" lineProperty="SOLID" />
                </Line>
                <Line startX="26.030997" startY="16.191001" endX="26.030997" endY="17.591001">
                  <LineDesc lineEnd="ROUND" lineWidth="0.1" lineProperty="SOLID" />
                </Line>
                <Line startX="25.780997" startY="16.716002" endX="25.780997" endY="17.066001">
                  <LineDesc lineEnd="ROUND" lineWidth="0.1" lineProperty="SOLID" />
                </Line>
                <Line startX="25.605997" startY="16.891" endX="25.955998" endY="16.891">
                  <LineDesc lineEnd="ROUND" lineWidth="0.1" lineProperty="SOLID" />
                </Line>
                <Line startX="36.261004" startY="19.275999" endX="38.161003" endY="19.275999">
                  <LineDesc lineEnd="ROUND" lineWidth="0.1" lineProperty="SOLID" />
                </Line>
                <Line startX="36.261004" startY="15.775998" endX="38.161003" endY="15.775998">
                  <LineDesc lineEnd="ROUND" lineWidth="0.1" lineProperty="SOLID" />
                </Line>
                <Line startX="38.161003" startY="15.775998" endX="38.161003" endY="19.275999">
                  <LineDesc lineEnd="ROUND" lineWidth="0.1" lineProperty="SOLID" />
                </Line>
                <Line startX="36.261004" startY="15.775998" endX="36.261004" endY="19.275999">
                  <LineDesc lineEnd="ROUND" lineWidth="0.1" lineProperty="SOLID" />
                </Line>
                <Line startX="37.211003" startY="17.025998" endX="37.211003" endY="18.025999">
                  <LineDesc lineEnd="ROUND" lineWidth="0.1" lineProperty="SOLID" />
                </Line>
                <Line startX="36.711004" startY="17.525997" endX="37.711004" endY="17.525997">
                  <LineDesc lineEnd="ROUND" lineWidth="0.1" lineProperty="SOLID" />
                </Line>
                <Line startX="33.536001" startY="17.526" endX="34.536002" endY="17.526">
                  <LineDesc lineEnd="ROUND" lineWidth="0.1" lineProperty="SOLID" />
                </Line>
                <Line startX="34.036" startY="17.026001" endX="34.036" endY="18.026002">
                  <LineDesc lineEnd="ROUND" lineWidth="0.1" lineProperty="SOLID" />
                </Line>
                <Line startX="32.786" startY="15.325999" endX="32.786" endY="19.726001">
                  <LineDesc lineEnd="ROUND" lineWidth="0.1" lineProperty="SOLID" />
                </Line>
                <Line startX="35.286" startY="15.325999" endX="35.286" endY="19.726001">
                  <LineDesc lineEnd="ROUND" lineWidth="0.1" lineProperty="SOLID" />
                </Line>
                <Line startX="32.786" startY="15.325999" endX="35.286" endY="15.325999">
                  <LineDesc lineEnd="ROUND" lineWidth="0.1" lineProperty="SOLID" />
                </Line>
                <Line startX="32.786" startY="19.726001" endX="35.286" endY="19.726001">
                  <LineDesc lineEnd="ROUND" lineWidth="0.1" lineProperty="SOLID" />
                </Line>
                <Line startX="9.405998" startY="16.1671" endX="10.405999" endY="16.1671">
                  <LineDesc lineEnd="ROUND" lineWidth="0.1" lineProperty="SOLID" />
                </Line>
                <Line startX="9.906" startY="15.667098" endX="9.906" endY="16.667099">
                  <LineDesc lineEnd="ROUND" lineWidth="0.1" lineProperty="SOLID" />
                </Line>
                <Line startX="11.156" startY="13.967099" endX="11.156" endY="18.367101">
                  <LineDesc lineEnd="ROUND" lineWidth="0.1" lineProperty="SOLID" />
                </Line>
                <Line startX="8.656" startY="13.967099" endX="8.656" endY="18.367101">
                  <LineDesc lineEnd="ROUND" lineWidth="0.1" lineProperty="SOLID" />
                </Line>
                <Line startX="8.656" startY="18.367101" endX="11.156" endY="18.367101">
                  <LineDesc lineEnd="ROUND" lineWidth="0.1" lineProperty="SOLID" />
                </Line>
                <Line startX="8.656" startY="13.967099" endX="11.156" endY="13.967099">
                  <LineDesc lineEnd="ROUND" lineWidth="0.1" lineProperty="SOLID" />
                </Line>
                <Line startX="45.466" startY="39.251001" endX="45.466" endY="40.250999">
                  <LineDesc lineEnd="ROUND" lineWidth="0.1" lineProperty="SOLID" />
                </Line>
                <Line startX="44.966001" startY="39.751" endX="45.965999" endY="39.751">
                  <LineDesc lineEnd="ROUND" lineWidth="0.1" lineProperty="SOLID" />
                </Line>
                <Line startX="41.866" startY="43.351" endX="49.066" endY="43.351">
                  <LineDesc lineEnd="ROUND" lineWidth="0.05" lineProperty="SOLID" />
                </Line>
                <Line startX="41.866" startY="36.151" endX="41.866" endY="43.351">
                  <LineDesc lineEnd="ROUND" lineWidth="0.05" lineProperty="SOLID" />
                </Line>
                <Line startX="41.866" startY="36.151" endX="49.066" endY="36.151">
                  <LineDesc lineEnd="ROUND" lineWidth="0.05" lineProperty="SOLID" />
                </Line>
                <Line startX="49.066" startY="36.151" endX="49.066" endY="43.351">
                  <LineDesc lineEnd="ROUND" lineWidth="0.05" lineProperty="SOLID" />
                </Line>
                <Line startX="29.341003" startY="17.590999" endX="29.841002" endY="17.590999">
                  <LineDesc lineEnd="ROUND" lineWidth="0.1" lineProperty="SOLID" />
                </Line>
                <Line startX="29.341003" startY="16.190999" endX="29.841002" endY="16.190999">
                  <LineDesc lineEnd="ROUND" lineWidth="0.1" lineProperty="SOLID" />
                </Line>
                <Line startX="29.841002" startY="16.190999" endX="29.841002" endY="17.590999">
                  <LineDesc lineEnd="ROUND" lineWidth="0.1" lineProperty="SOLID" />
                </Line>
                <Line startX="29.341003" startY="16.190999" endX="29.341003" endY="17.590999">
                  <LineDesc lineEnd="ROUND" lineWidth="0.1" lineProperty="SOLID" />
                </Line>
                <Line startX="29.591003" startY="16.715999" endX="29.591003" endY="17.065998">
                  <LineDesc lineEnd="ROUND" lineWidth="0.1" lineProperty="SOLID" />
                </Line>
                <Line startX="29.416002" startY="16.891" endX="29.766003" endY="16.891">
                  <LineDesc lineEnd="ROUND" lineWidth="0.1" lineProperty="SOLID" />
                </Line>
              </UserSpecial>
            </Features>
          </Set>
        </LayerFeature>
        <LayerFeature layerRef="Drill Drawing (Top Layer - Bottom Layer)">
          <Set>
            <ColorRef id="LAYER_COLOR_Drill Drawing (Top Layer - Bottom Layer)" />
          </Set>
          <Set net="No Net">
            <Features>
              <UserSpecial>
                <Arc startX="3.979332" startY="31.496" endX="3.979332" endY="31.496" centerX="3.556" centerY="31.496" clockwise="false">
                  <LineDesc lineEnd="ROUND" lineWidth="0.084666" lineProperty="SOLID" />
                </Arc>
                <Arc startX="3.979332" startY="26.416" endX="3.979332" endY="26.416" centerX="3.556" centerY="26.416" clockwise="false">
                  <LineDesc lineEnd="ROUND" lineWidth="0.084666" lineProperty="SOLID" />
                </Arc>
                <Line startX="9.694334" startY="13.504334" endX="9.906" endY="13.292668">
                  <LineDesc lineEnd="ROUND" lineWidth="0.084666" lineProperty="SOLID" />
                </Line>
                <Line startX="9.482668" startY="13.504334" endX="9.694334" endY="13.504334">
                  <LineDesc lineEnd="ROUND" lineWidth="0.084666" lineProperty="SOLID" />
                </Line>
                <Line startX="9.482668" startY="13.504334" endX="9.694334" endY="13.716">
                  <LineDesc lineEnd="ROUND" lineWidth="0.084666" lineProperty="SOLID" />
                </Line>
                <Line startX="9.482668" startY="13.927666" endX="9.694334" endY="13.716">
                  <LineDesc lineEnd="ROUND" lineWidth="0.084666" lineProperty="SOLID" />
                </Line>
                <Line startX="9.482668" startY="13.927666" endX="9.694334" endY="13.927666">
                  <LineDesc lineEnd="ROUND" lineWidth="0.084666" lineProperty="SOLID" />
                </Line>
                <Line startX="9.694334" startY="13.927666" endX="9.906" endY="14.139332">
                  <LineDesc lineEnd="ROUND" lineWidth="0.084666" lineProperty="SOLID" />
                </Line>
                <Line startX="9.906" startY="14.139332" endX="10.117666" endY="13.927666">
                  <LineDesc lineEnd="ROUND" lineWidth="0.084666" lineProperty="SOLID" />
                </Line>
                <Line startX="10.117666" startY="13.927666" endX="10.329332" endY="13.927666">
                  <LineDesc lineEnd="ROUND" lineWidth="0.084666" lineProperty="SOLID" />
                </Line>
                <Line startX="10.117666" startY="13.716" endX="10.329332" endY="13.927666">
                  <LineDesc lineEnd="ROUND" lineWidth="0.084666" lineProperty="SOLID" />
                </Line>
                <Line startX="10.117666" startY="13.716" endX="10.329332" endY="13.504334">
                  <LineDesc lineEnd="ROUND" lineWidth="0.084666" lineProperty="SOLID" />
                </Line>
                <Line startX="10.117666" startY="13.504334" endX="10.329332" endY="13.504334">
                  <LineDesc lineEnd="ROUND" lineWidth="0.084666" lineProperty="SOLID" />
                </Line>
                <Line startX="9.906" startY="13.292668" endX="10.117666" endY="13.504334">
                  <LineDesc lineEnd="ROUND" lineWidth="0.084666" lineProperty="SOLID" />
                </Line>
                <Line startX="12.234334" startY="13.504334" endX="12.446" endY="13.292668">
                  <LineDesc lineEnd="ROUND" lineWidth="0.084666" lineProperty="SOLID" />
                </Line>
                <Line startX="12.022668" startY="13.504334" endX="12.234334" endY="13.504334">
                  <LineDesc lineEnd="ROUND" lineWidth="0.084666" lineProperty="SOLID" />
                </Line>
                <Line startX="12.022668" startY="13.504334" endX="12.234334" endY="13.716">
                  <LineDesc lineEnd="ROUND" lineWidth="0.084666" lineProperty="SOLID" />
                </Line>
                <Line startX="12.022668" startY="13.927666" endX="12.234334" endY="13.716">
                  <LineDesc lineEnd="ROUND" lineWidth="0.084666" lineProperty="SOLID" />
                </Line>
                <Line startX="12.022668" startY="13.927666" endX="12.234334" endY="13.927666">
                  <LineDesc lineEnd="ROUND" lineWidth="0.084666" lineProperty="SOLID" />
                </Line>
                <Line startX="12.234334" startY="13.927666" endX="12.446" endY="14.139332">
                  <LineDesc lineEnd="ROUND" lineWidth="0.084666" lineProperty="SOLID" />
                </Line>
                <Line startX="12.446" startY="14.139332" endX="12.657666" endY="13.927666">
                  <LineDesc lineEnd="ROUND" lineWidth="0.084666" lineProperty="SOLID" />
                </Line>
                <Line startX="12.657666" startY="13.927666" endX="12.869332" endY="13.927666">
                  <LineDesc lineEnd="ROUND" lineWidth="0.084666" lineProperty="SOLID" />
                </Line>
                <Line startX="12.657666" startY="13.716" endX="12.869332" endY="13.927666">
                  <LineDesc lineEnd="ROUND" lineWidth="0.084666" lineProperty="SOLID" />
                </Line>
                <Line startX="12.657666" startY="13.716" endX="12.869332" endY="13.504334">
                  <LineDesc lineEnd="ROUND" lineWidth="0.084666" lineProperty="SOLID" />
                </Line>
                <Line startX="12.657666" startY="13.504334" endX="12.869332" endY="13.504334">
                  <LineDesc lineEnd="ROUND" lineWidth="0.084666" lineProperty="SOLID" />
                </Line>
                <Line startX="12.446" startY="13.292668" endX="12.657666" endY="13.504334">
                  <LineDesc lineEnd="ROUND" lineWidth="0.084666" lineProperty="SOLID" />
                </Line>
                <Line startX="15.409334" startY="13.504334" endX="15.621" endY="13.292668">
                  <LineDesc lineEnd="ROUND" lineWidth="0.084666" lineProperty="SOLID" />
                </Line>
                <Line startX="15.197668" startY="13.504334" endX="15.409334" endY="13.504334">
                  <LineDesc lineEnd="ROUND" lineWidth="0.084666" lineProperty="SOLID" />
                </Line>
                <Line startX="15.197668" startY="13.504334" endX="15.409334" endY="13.716">
                  <LineDesc lineEnd="ROUND" lineWidth="0.084666" lineProperty="SOLID" />
                </Line>
                <Line startX="15.197668" startY="13.927666" endX="15.409334" endY="13.716">
                  <LineDesc lineEnd="ROUND" lineWidth="0.084666" lineProperty="SOLID" />
                </Line>
                <Line startX="15.197668" startY="13.927666" endX="15.409334" endY="13.927666">
                  <LineDesc lineEnd="ROUND" lineWidth="0.084666" lineProperty="SOLID" />
                </Line>
                <Line startX="15.409334" startY="13.927666" endX="15.621" endY="14.139332">
                  <LineDesc lineEnd="ROUND" lineWidth="0.084666" lineProperty="SOLID" />
                </Line>
                <Line startX="15.621" startY="14.139332" endX="15.832666" endY="13.927666">
                  <LineDesc lineEnd="ROUND" lineWidth="0.084666" lineProperty="SOLID" />
                </Line>
                <Line startX="15.832666" startY="13.927666" endX="16.044332" endY="13.927666">
                  <LineDesc lineEnd="ROUND" lineWidth="0.084666" lineProperty="SOLID" />
                </Line>
                <Line startX="15.832666" startY="13.716" endX="16.044332" endY="13.927666">
                  <LineDesc lineEnd="ROUND" lineWidth="0.084666" lineProperty="SOLID" />
                </Line>
                <Line startX="15.832666" startY="13.716" endX="16.044332" endY="13.504334">
                  <LineDesc lineEnd="ROUND" lineWidth="0.084666" lineProperty="SOLID" />
                </Line>
                <Line startX="15.832666" startY="13.504334" endX="16.044332" endY="13.504334">
                  <LineDesc lineEnd="ROUND" lineWidth="0.084666" lineProperty="SOLID" />
                </Line>
                <Line startX="15.621" startY="13.292668" endX="15.832666" endY="13.504334">
                  <LineDesc lineEnd="ROUND" lineWidth="0.084666" lineProperty="SOLID" />
                </Line>
                <Line startX="50.715334" startY="42.841334" endX="50.927" endY="42.629668">
                  <LineDesc lineEnd="ROUND" lineWidth="0.084666" lineProperty="SOLID" />
                </Line>
                <Line startX="50.503668" startY="42.841334" endX="50.715334" endY="42.841334">
                  <LineDesc lineEnd="ROUND" lineWidth="0.084666" lineProperty="SOLID" />
                </Line>
                <Line startX="50.503668" startY="42.841334" endX="50.715334" endY="43.053">
                  <LineDesc lineEnd="ROUND" lineWidth="0.084666" lineProperty="SOLID" />
                </Line>
                <Line startX="50.503668" startY="43.264666" endX="50.715334" endY="43.053">
                  <LineDesc lineEnd="ROUND" lineWidth="0.084666" lineProperty="SOLID" />
                </Line>
                <Line startX="50.503668" startY="43.264666" endX="50.715334" endY="43.264666">
                  <LineDesc lineEnd="ROUND" lineWidth="0.084666" lineProperty="SOLID" />
                </Line>
                <Line startX="50.715334" startY="43.264666" endX="50.927" endY="43.476332">
                  <LineDesc lineEnd="ROUND" lineWidth="0.084666" lineProperty="SOLID" />
                </Line>
                <Line startX="50.927" startY="43.476332" endX="51.138666" endY="43.264666">
                  <LineDesc lineEnd="ROUND" lineWidth="0.084666" lineProperty="SOLID" />
                </Line>
                <Line startX="51.138666" startY="43.264666" endX="51.350332" endY="43.264666">
                  <LineDesc lineEnd="ROUND" lineWidth="0.084666" lineProperty="SOLID" />
                </Line>
                <Line startX="51.138666" startY="43.053" endX="51.350332" endY="43.264666">
                  <LineDesc lineEnd="ROUND" lineWidth="0.084666" lineProperty="SOLID" />
                </Line>
                <Line startX="51.138666" startY="43.053" endX="51.350332" endY="42.841334">
                  <LineDesc lineEnd="ROUND" lineWidth="0.084666" lineProperty="SOLID" />
                </Line>
                <Line startX="51.138666" startY="42.841334" endX="51.350332" endY="42.841334">
                  <LineDesc lineEnd="ROUND" lineWidth="0.084666" lineProperty="SOLID" />
                </Line>
                <Line startX="50.927" startY="42.629668" endX="51.138666" endY="42.841334">
                  <LineDesc lineEnd="ROUND" lineWidth="0.084666" lineProperty="SOLID" />
                </Line>
                <Line startX="50.715334" startY="41.952334" endX="50.927" endY="41.740668">
                  <LineDesc lineEnd="ROUND" lineWidth="0.084666" lineProperty="SOLID" />
                </Line>
                <Line startX="50.503668" startY="41.952334" endX="50.715334" endY="41.952334">
                  <LineDesc lineEnd="ROUND" lineWidth="0.084666" lineProperty="SOLID" />
                </Line>
                <Line startX="50.503668" startY="41.952334" endX="50.715334" endY="42.164">
                  <LineDesc lineEnd="ROUND" lineWidth="0.084666" lineProperty="SOLID" />
                </Line>
                <Line startX="50.503668" startY="42.375666" endX="50.715334" endY="42.164">
                  <LineDesc lineEnd="ROUND" lineWidth="0.084666" lineProperty="SOLID" />
                </Line>
                <Line startX="50.503668" startY="42.375666" endX="50.715334" endY="42.375666">
                  <LineDesc lineEnd="ROUND" lineWidth="0.084666" lineProperty="SOLID" />
                </Line>
                <Line startX="50.715334" startY="42.375666" endX="50.927" endY="42.587332">
                  <LineDesc lineEnd="ROUND" lineWidth="0.084666" lineProperty="SOLID" />
                </Line>
                <Line startX="50.927" startY="42.587332" endX="51.138666" endY="42.375666">
                  <LineDesc lineEnd="ROUND" lineWidth="0.084666" lineProperty="SOLID" />
                </Line>
                <Line startX="51.138666" startY="42.375666" endX="51.350332" endY="42.375666">
                  <LineDesc lineEnd="ROUND" lineWidth="0.084666" lineProperty="SOLID" />
                </Line>
                <Line startX="51.138666" startY="42.164" endX="51.350332" endY="42.375666">
                  <LineDesc lineEnd="ROUND" lineWidth="0.084666" lineProperty="SOLID" />
                </Line>
                <Line startX="51.138666" startY="42.164" endX="51.350332" endY="41.952334">
                  <LineDesc lineEnd="ROUND" lineWidth="0.084666" lineProperty="SOLID" />
                </Line>
                <Line startX="51.138666" startY="41.952334" endX="51.350332" endY="41.952334">
                  <LineDesc lineEnd="ROUND" lineWidth="0.084666" lineProperty="SOLID" />
                </Line>
                <Line startX="50.927" startY="41.740668" endX="51.138666" endY="41.952334">
                  <LineDesc lineEnd="ROUND" lineWidth="0.084666" lineProperty="SOLID" />
                </Line>
                <Line startX="50.715334" startY="41.063334" endX="50.927" endY="40.851668">
                  <LineDesc lineEnd="ROUND" lineWidth="0.084666" lineProperty="SOLID" />
                </Line>
                <Line startX="50.503668" startY="41.063334" endX="50.715334" endY="41.063334">
                  <LineDesc lineEnd="ROUND" lineWidth="0.084666" lineProperty="SOLID" />
                </Line>
                <Line startX="50.503668" startY="41.063334" endX="50.715334" endY="41.275">
                  <LineDesc lineEnd="ROUND" lineWidth="0.084666" lineProperty="SOLID" />
                </Line>
                <Line startX="50.503668" startY="41.486666" endX="50.715334" endY="41.275">
                  <LineDesc lineEnd="ROUND" lineWidth="0.084666" lineProperty="SOLID" />
                </Line>
                <Line startX="50.503668" startY="41.486666" endX="50.715334" endY="41.486666">
                  <LineDesc lineEnd="ROUND" lineWidth="0.084666" lineProperty="SOLID" />
                </Line>
                <Line startX="50.715334" startY="41.486666" endX="50.927" endY="41.698332">
                  <LineDesc lineEnd="ROUND" lineWidth="0.084666" lineProperty="SOLID" />
                </Line>
                <Line startX="50.927" startY="41.698332" endX="51.138666" endY="41.486666">
                  <LineDesc lineEnd="ROUND" lineWidth="0.084666" lineProperty="SOLID" />
                </Line>
                <Line startX="51.138666" startY="41.486666" endX="51.350332" endY="41.486666">
                  <LineDesc lineEnd="ROUND" lineWidth="0.084666" lineProperty="SOLID" />
                </Line>
                <Line startX="51.138666" startY="41.275" endX="51.350332" endY="41.486666">
                  <LineDesc lineEnd="ROUND" lineWidth="0.084666" lineProperty="SOLID" />
                </Line>
                <Line startX="51.138666" startY="41.275" endX="51.350332" endY="41.063334">
                  <LineDesc lineEnd="ROUND" lineWidth="0.084666" lineProperty="SOLID" />
                </Line>
                <Line startX="51.138666" startY="41.063334" endX="51.350332" endY="41.063334">
                  <LineDesc lineEnd="ROUND" lineWidth="0.084666" lineProperty="SOLID" />
                </Line>
                <Line startX="50.927" startY="40.851668" endX="51.138666" endY="41.063334">
                  <LineDesc lineEnd="ROUND" lineWidth="0.084666" lineProperty="SOLID" />
                </Line>
                <Line startX="50.715334" startY="40.174334" endX="50.927" endY="39.962668">
                  <LineDesc lineEnd="ROUND" lineWidth="0.084666" lineProperty="SOLID" />
                </Line>
                <Line startX="50.503668" startY="40.174334" endX="50.715334" endY="40.174334">
                  <LineDesc lineEnd="ROUND" lineWidth="0.084666" lineProperty="SOLID" />
                </Line>
                <Line startX="50.503668" startY="40.174334" endX="50.715334" endY="40.386">
                  <LineDesc lineEnd="ROUND" lineWidth="0.084666" lineProperty="SOLID" />
                </Line>
                <Line startX="50.503668" startY="40.597666" endX="50.715334" endY="40.386">
                  <LineDesc lineEnd="ROUND" lineWidth="0.084666" lineProperty="SOLID" />
                </Line>
                <Line startX="50.503668" startY="40.597666" endX="50.715334" endY="40.597666">
                  <LineDesc lineEnd="ROUND" lineWidth="0.084666" lineProperty="SOLID" />
                </Line>
                <Line startX="50.715334" startY="40.597666" endX="50.927" endY="40.809332">
                  <LineDesc lineEnd="ROUND" lineWidth="0.084666" lineProperty="SOLID" />
                </Line>
                <Line startX="50.927" startY="40.809332" endX="51.138666" endY="40.597666">
                  <LineDesc lineEnd="ROUND" lineWidth="0.084666" lineProperty="SOLID" />
                </Line>
                <Line startX="51.138666" startY="40.597666" endX="51.350332" endY="40.597666">
                  <LineDesc lineEnd="ROUND" lineWidth="0.084666" lineProperty="SOLID" />
                </Line>
                <Line startX="51.138666" startY="40.386" endX="51.350332" endY="40.597666">
                  <LineDesc lineEnd="ROUND" lineWidth="0.084666" lineProperty="SOLID" />
                </Line>
                <Line startX="51.138666" startY="40.386" endX="51.350332" endY="40.174334">
                  <LineDesc lineEnd="ROUND" lineWidth="0.084666" lineProperty="SOLID" />
                </Line>
                <Line startX="51.138666" startY="40.174334" endX="51.350332" endY="40.174334">
                  <LineDesc lineEnd="ROUND" lineWidth="0.084666" lineProperty="SOLID" />
                </Line>
                <Line startX="50.927" startY="39.962668" endX="51.138666" endY="40.174334">
                  <LineDesc lineEnd="ROUND" lineWidth="0.084666" lineProperty="SOLID" />
                </Line>
                <Line startX="50.715334" startY="39.285334" endX="50.927" endY="39.073668">
                  <LineDesc lineEnd="ROUND" lineWidth="0.084666" lineProperty="SOLID" />
                </Line>
                <Line startX="50.503668" startY="39.285334" endX="50.715334" endY="39.285334">
                  <LineDesc lineEnd="ROUND" lineWidth="0.084666" lineProperty="SOLID" />
                </Line>
                <Line startX="50.503668" startY="39.285334" endX="50.715334" endY="39.497">
                  <LineDesc lineEnd="ROUND" lineWidth="0.084666" lineProperty="SOLID" />
                </Line>
                <Line startX="50.503668" startY="39.708666" endX="50.715334" endY="39.497">
                  <LineDesc lineEnd="ROUND" lineWidth="0.084666" lineProperty="SOLID" />
                </Line>
                <Line startX="50.503668" startY="39.708666" endX="50.715334" endY="39.708666">
                  <LineDesc lineEnd="ROUND" lineWidth="0.084666" lineProperty="SOLID" />
                </Line>
                <Line startX="50.715334" startY="39.708666" endX="50.927" endY="39.920332">
                  <LineDesc lineEnd="ROUND" lineWidth="0.084666" lineProperty="SOLID" />
                </Line>
                <Line startX="50.927" startY="39.920332" endX="51.138666" endY="39.708666">
                  <LineDesc lineEnd="ROUND" lineWidth="0.084666" lineProperty="SOLID" />
                </Line>
                <Line startX="51.138666" startY="39.708666" endX="51.350332" endY="39.708666">
                  <LineDesc lineEnd="ROUND" lineWidth="0.084666" lineProperty="SOLID" />
                </Line>
                <Line startX="51.138666" startY="39.497" endX="51.350332" endY="39.708666">
                  <LineDesc lineEnd="ROUND" lineWidth="0.084666" lineProperty="SOLID" />
                </Line>
                <Line startX="51.138666" startY="39.497" endX="51.350332" endY="39.285334">
                  <LineDesc lineEnd="ROUND" lineWidth="0.084666" lineProperty="SOLID" />
                </Line>
                <Line startX="51.138666" startY="39.285334" endX="51.350332" endY="39.285334">
                  <LineDesc lineEnd="ROUND" lineWidth="0.084666" lineProperty="SOLID" />
                </Line>
                <Line startX="50.927" startY="39.073668" endX="51.138666" endY="39.285334">
                  <LineDesc lineEnd="ROUND" lineWidth="0.084666" lineProperty="SOLID" />
                </Line>
                <Line startX="50.715334" startY="36.618334" endX="50.927" endY="36.406668">
                  <LineDesc lineEnd="ROUND" lineWidth="0.084666" lineProperty="SOLID" />
                </Line>
                <Line startX="50.503668" startY="36.618334" endX="50.715334" endY="36.618334">
                  <LineDesc lineEnd="ROUND" lineWidth="0.084666" lineProperty="SOLID" />
                </Line>
                <Line startX="50.503668" startY="36.618334" endX="50.715334" endY="36.83">
                  <LineDesc lineEnd="ROUND" lineWidth="0.084666" lineProperty="SOLID" />
                </Line>
                <Line startX="50.503668" startY="37.041666" endX="50.715334" endY="36.83">
                  <LineDesc lineEnd="ROUND" lineWidth="0.084666" lineProperty="SOLID" />
                </Line>
                <Line startX="50.503668" startY="37.041666" endX="50.715334" endY="37.041666">
                  <LineDesc lineEnd="ROUND" lineWidth="0.084666" lineProperty="SOLID" />
                </Line>
                <Line startX="50.715334" startY="37.041666" endX="50.927" endY="37.253332">
                  <LineDesc lineEnd="ROUND" lineWidth="0.084666" lineProperty="SOLID" />
                </Line>
                <Line startX="50.927" startY="37.253332" endX="51.138666" endY="37.041666">
                  <LineDesc lineEnd="ROUND" lineWidth="0.084666" lineProperty="SOLID" />
                </Line>
                <Line startX="51.138666" startY="37.041666" endX="51.350332" endY="37.041666">
                  <LineDesc lineEnd="ROUND" lineWidth="0.084666" lineProperty="SOLID" />
                </Line>
                <Line startX="51.138666" startY="36.83" endX="51.350332" endY="37.041666">
                  <LineDesc lineEnd="ROUND" lineWidth="0.084666" lineProperty="SOLID" />
                </Line>
                <Line startX="51.138666" startY="36.83" endX="51.350332" endY="36.618334">
                  <LineDesc lineEnd="ROUND" lineWidth="0.084666" lineProperty="SOLID" />
                </Line>
                <Line startX="51.138666" startY="36.618334" endX="51.350332" endY="36.618334">
                  <LineDesc lineEnd="ROUND" lineWidth="0.084666" lineProperty="SOLID" />
                </Line>
                <Line startX="50.927" startY="36.406668" endX="51.138666" endY="36.618334">
                  <LineDesc lineEnd="ROUND" lineWidth="0.084666" lineProperty="SOLID" />
                </Line>
                <Line startX="50.715334" startY="27.093334" endX="50.927" endY="26.881668">
                  <LineDesc lineEnd="ROUND" lineWidth="0.084666" lineProperty="SOLID" />
                </Line>
                <Line startX="50.503668" startY="27.093334" endX="50.715334" endY="27.093334">
                  <LineDesc lineEnd="ROUND" lineWidth="0.084666" lineProperty="SOLID" />
                </Line>
                <Line startX="50.503668" startY="27.093334" endX="50.715334" endY="27.305">
                  <LineDesc lineEnd="ROUND" lineWidth="0.084666" lineProperty="SOLID" />
                </Line>
                <Line startX="50.503668" startY="27.516666" endX="50.715334" endY="27.305">
                  <LineDesc lineEnd="ROUND" lineWidth="0.084666" lineProperty="SOLID" />
                </Line>
                <Line startX="50.503668" startY="27.516666" endX="50.715334" endY="27.516666">
                  <LineDesc lineEnd="ROUND" lineWidth="0.084666" lineProperty="SOLID" />
                </Line>
                <Line startX="50.715334" startY="27.516666" endX="50.927" endY="27.728332">
                  <LineDesc lineEnd="ROUND" lineWidth="0.084666" lineProperty="SOLID" />
                </Line>
                <Line startX="50.927" startY="27.728332" endX="51.138666" endY="27.516666">
                  <LineDesc lineEnd="ROUND" lineWidth="0.084666" lineProperty="SOLID" />
                </Line>
                <Line startX="51.138666" startY="27.516666" endX="51.350332" endY="27.516666">
                  <LineDesc lineEnd="ROUND" lineWidth="0.084666" lineProperty="SOLID" />
                </Line>
                <Line startX="51.138666" startY="27.305" endX="51.350332" endY="27.516666">
                  <LineDesc lineEnd="ROUND" lineWidth="0.084666" lineProperty="SOLID" />
                </Line>
                <Line startX="51.138666" startY="27.305" endX="51.350332" endY="27.093334">
                  <LineDesc lineEnd="ROUND" lineWidth="0.084666" lineProperty="SOLID" />
                </Line>
                <Line startX="51.138666" startY="27.093334" endX="51.350332" endY="27.093334">
                  <LineDesc lineEnd="ROUND" lineWidth="0.084666" lineProperty="SOLID" />
                </Line>
                <Line startX="50.927" startY="26.881668" endX="51.138666" endY="27.093334">
                  <LineDesc lineEnd="ROUND" lineWidth="0.084666" lineProperty="SOLID" />
                </Line>
                <Line startX="50.715334" startY="27.982334" endX="50.927" endY="27.770668">
                  <LineDesc lineEnd="ROUND" lineWidth="0.084666" lineProperty="SOLID" />
                </Line>
                <Line startX="50.503668" startY="27.982334" endX="50.715334" endY="27.982334">
                  <LineDesc lineEnd="ROUND" lineWidth="0.084666" lineProperty="SOLID" />
                </Line>
                <Line startX="50.503668" startY="27.982334" endX="50.715334" endY="28.194">
                  <LineDesc lineEnd="ROUND" lineWidth="0.084666" lineProperty="SOLID" />
                </Line>
                <Line startX="50.503668" startY="28.405666" endX="50.715334" endY="28.194">
                  <LineDesc lineEnd="ROUND" lineWidth="0.084666" lineProperty="SOLID" />
                </Line>
                <Line startX="50.503668" startY="28.405666" endX="50.715334" endY="28.405666">
                  <LineDesc lineEnd="ROUND" lineWidth="0.084666" lineProperty="SOLID" />
                </Line>
                <Line startX="50.715334" startY="28.405666" endX="50.927" endY="28.617332">
                  <LineDesc lineEnd="ROUND" lineWidth="0.084666" lineProperty="SOLID" />
                </Line>
                <Line startX="50.927" startY="28.617332" endX="51.138666" endY="28.405666">
                  <LineDesc lineEnd="ROUND" lineWidth="0.084666" lineProperty="SOLID" />
                </Line>
                <Line startX="51.138666" startY="28.405666" endX="51.350332" endY="28.405666">
                  <LineDesc lineEnd="ROUND" lineWidth="0.084666" lineProperty="SOLID" />
                </Line>
                <Line startX="51.138666" startY="28.194" endX="51.350332" endY="28.405666">
                  <LineDesc lineEnd="ROUND" lineWidth="0.084666" lineProperty="SOLID" />
                </Line>
                <Line startX="51.138666" startY="28.194" endX="51.350332" endY="27.982334">
                  <LineDesc lineEnd="ROUND" lineWidth="0.084666" lineProperty="SOLID" />
                </Line>
                <Line startX="51.138666" startY="27.982334" endX="51.350332" endY="27.982334">
                  <LineDesc lineEnd="ROUND" lineWidth="0.084666" lineProperty="SOLID" />
                </Line>
                <Line startX="50.927" startY="27.770668" endX="51.138666" endY="27.982334">
                  <LineDesc lineEnd="ROUND" lineWidth="0.084666" lineProperty="SOLID" />
                </Line>
                <Line startX="50.715334" startY="28.871334" endX="50.927" endY="28.659668">
                  <LineDesc lineEnd="ROUND" lineWidth="0.084666" lineProperty="SOLID" />
                </Line>
                <Line startX="50.503668" startY="28.871334" endX="50.715334" endY="28.871334">
                  <LineDesc lineEnd="ROUND" lineWidth="0.084666" lineProperty="SOLID" />
                </Line>
                <Line startX="50.503668" startY="28.871334" endX="50.715334" endY="29.083">
                  <LineDesc lineEnd="ROUND" lineWidth="0.084666" lineProperty="SOLID" />
                </Line>
                <Line startX="50.503668" startY="29.294666" endX="50.715334" endY="29.083">
                  <LineDesc lineEnd="ROUND" lineWidth="0.084666" lineProperty="SOLID" />
                </Line>
                <Line startX="50.503668" startY="29.294666" endX="50.715334" endY="29.294666">
                  <LineDesc lineEnd="ROUND" lineWidth="0.084666" lineProperty="SOLID" />
                </Line>
                <Line startX="50.715334" startY="29.294666" endX="50.927" endY="29.506332">
                  <LineDesc lineEnd="ROUND" lineWidth="0.084666" lineProperty="SOLID" />
                </Line>
                <Line startX="50.927" startY="29.506332" endX="51.138666" endY="29.294666">
                  <LineDesc lineEnd="ROUND" lineWidth="0.084666" lineProperty="SOLID" />
                </Line>
                <Line startX="51.138666" startY="29.294666" endX="51.350332" endY="29.294666">
                  <LineDesc lineEnd="ROUND" lineWidth="0.084666" lineProperty="SOLID" />
                </Line>
                <Line startX="51.138666" startY="29.083" endX="51.350332" endY="29.294666">
                  <LineDesc lineEnd="ROUND" lineWidth="0.084666" lineProperty="SOLID" />
                </Line>
                <Line startX="51.138666" startY="29.083" endX="51.350332" endY="28.871334">
                  <LineDesc lineEnd="ROUND" lineWidth="0.084666" lineProperty="SOLID" />
                </Line>
                <Line startX="51.138666" startY="28.871334" endX="51.350332" endY="28.871334">
                  <LineDesc lineEnd="ROUND" lineWidth="0.084666" lineProperty="SOLID" />
                </Line>
                <Line startX="50.927" startY="28.659668" endX="51.138666" endY="28.871334">
                  <LineDesc lineEnd="ROUND" lineWidth="0.084666" lineProperty="SOLID" />
                </Line>
                <Line startX="50.715334" startY="29.760334" endX="50.927" endY="29.548668">
                  <LineDesc lineEnd="ROUND" lineWidth="0.084666" lineProperty="SOLID" />
                </Line>
                <Line startX="50.503668" startY="29.760334" endX="50.715334" endY="29.760334">
                  <LineDesc lineEnd="ROUND" lineWidth="0.084666" lineProperty="SOLID" />
                </Line>
                <Line startX="50.503668" startY="29.760334" endX="50.715334" endY="29.972">
                  <LineDesc lineEnd="ROUND" lineWidth="0.084666" lineProperty="SOLID" />
                </Line>
                <Line startX="50.503668" startY="30.183666" endX="50.715334" endY="29.972">
                  <LineDesc lineEnd="ROUND" lineWidth="0.084666" lineProperty="SOLID" />
                </Line>
                <Line startX="50.503668" startY="30.183666" endX="50.715334" endY="30.183666">
                  <LineDesc lineEnd="ROUND" lineWidth="0.084666" lineProperty="SOLID" />
                </Line>
                <Line startX="50.715334" startY="30.183666" endX="50.927" endY="30.395332">
                  <LineDesc lineEnd="ROUND" lineWidth="0.084666" lineProperty="SOLID" />
                </Line>
                <Line startX="50.927" startY="30.395332" endX="51.138666" endY="30.183666">
                  <LineDesc lineEnd="ROUND" lineWidth="0.084666" lineProperty="SOLID" />
                </Line>
                <Line startX="51.138666" startY="30.183666" endX="51.350332" endY="30.183666">
                  <LineDesc lineEnd="ROUND" lineWidth="0.084666" lineProperty="SOLID" />
                </Line>
                <Line startX="51.138666" startY="29.972" endX="51.350332" endY="30.183666">
                  <LineDesc lineEnd="ROUND" lineWidth="0.084666" lineProperty="SOLID" />
                </Line>
                <Line startX="51.138666" startY="29.972" endX="51.350332" endY="29.760334">
                  <LineDesc lineEnd="ROUND" lineWidth="0.084666" lineProperty="SOLID" />
                </Line>
                <Line startX="51.138666" startY="29.760334" endX="51.350332" endY="29.760334">
                  <LineDesc lineEnd="ROUND" lineWidth="0.084666" lineProperty="SOLID" />
                </Line>
                <Line startX="50.927" startY="29.548668" endX="51.138666" endY="29.760334">
                  <LineDesc lineEnd="ROUND" lineWidth="0.084666" lineProperty="SOLID" />
                </Line>
                <Line startX="50.715334" startY="30.649334" endX="50.927" endY="30.437668">
                  <LineDesc lineEnd="ROUND" lineWidth="0.084666" lineProperty="SOLID" />
                </Line>
                <Line startX="50.503668" startY="30.649334" endX="50.715334" endY="30.649334">
                  <LineDesc lineEnd="ROUND" lineWidth="0.084666" lineProperty="SOLID" />
                </Line>
                <Line startX="50.503668" startY="30.649334" endX="50.715334" endY="30.861">
                  <LineDesc lineEnd="ROUND" lineWidth="0.084666" lineProperty="SOLID" />
                </Line>
                <Line startX="50.503668" startY="31.072666" endX="50.715334" endY="30.861">
                  <LineDesc lineEnd="ROUND" lineWidth="0.084666" lineProperty="SOLID" />
                </Line>
                <Line startX="50.503668" startY="31.072666" endX="50.715334" endY="31.072666">
                  <LineDesc lineEnd="ROUND" lineWidth="0.084666" lineProperty="SOLID" />
                </Line>
                <Line startX="50.715334" startY="31.072666" endX="50.927" endY="31.284332">
                  <LineDesc lineEnd="ROUND" lineWidth="0.084666" lineProperty="SOLID" />
                </Line>
                <Line startX="50.927" startY="31.284332" endX="51.138666" endY="31.072666">
                  <LineDesc lineEnd="ROUND" lineWidth="0.084666" lineProperty="SOLID" />
                </Line>
                <Line startX="51.138666" startY="31.072666" endX="51.350332" endY="31.072666">
                  <LineDesc lineEnd="ROUND" lineWidth="0.084666" lineProperty="SOLID" />
                </Line>
                <Line startX="51.138666" startY="30.861" endX="51.350332" endY="31.072666">
                  <LineDesc lineEnd="ROUND" lineWidth="0.084666" lineProperty="SOLID" />
                </Line>
                <Line startX="51.138666" startY="30.861" endX="51.350332" endY="30.649334">
                  <LineDesc lineEnd="ROUND" lineWidth="0.084666" lineProperty="SOLID" />
                </Line>
                <Line startX="51.138666" startY="30.649334" endX="51.350332" endY="30.649334">
                  <LineDesc lineEnd="ROUND" lineWidth="0.084666" lineProperty="SOLID" />
                </Line>
                <Line startX="50.927" startY="30.437668" endX="51.138666" endY="30.649334">
                  <LineDesc lineEnd="ROUND" lineWidth="0.084666" lineProperty="SOLID" />
                </Line>
                <Line startX="50.715334" startY="31.538334" endX="50.927" endY="31.326668">
                  <LineDesc lineEnd="ROUND" lineWidth="0.084666" lineProperty="SOLID" />
                </Line>
                <Line startX="50.503668" startY="31.538334" endX="50.715334" endY="31.538334">
                  <LineDesc lineEnd="ROUND" lineWidth="0.084666" lineProperty="SOLID" />
                </Line>
                <Line startX="50.503668" startY="31.538334" endX="50.715334" endY="31.75">
                  <LineDesc lineEnd="ROUND" lineWidth="0.084666" lineProperty="SOLID" />
                </Line>
                <Line startX="50.503668" startY="31.961666" endX="50.715334" endY="31.75">
                  <LineDesc lineEnd="ROUND" lineWidth="0.084666" lineProperty="SOLID" />
                </Line>
                <Line startX="50.503668" startY="31.961666" endX="50.715334" endY="31.961666">
                  <LineDesc lineEnd="ROUND" lineWidth="0.084666" lineProperty="SOLID" />
                </Line>
                <Line startX="50.715334" startY="31.961666" endX="50.927" endY="32.173332">
                  <LineDesc lineEnd="ROUND" lineWidth="0.084666" lineProperty="SOLID" />
                </Line>
                <Line startX="50.927" startY="32.173332" endX="51.138666" endY="31.961666">
                  <LineDesc lineEnd="ROUND" lineWidth="0.084666" lineProperty="SOLID" />
                </Line>
                <Line startX="51.138666" startY="31.961666" endX="51.350332" endY="31.961666">
                  <LineDesc lineEnd="ROUND" lineWidth="0.084666" lineProperty="SOLID" />
                </Line>
                <Line startX="51.138666" startY="31.75" endX="51.350332" endY="31.961666">
                  <LineDesc lineEnd="ROUND" lineWidth="0.084666" lineProperty="SOLID" />
                </Line>
                <Line startX="51.138666" startY="31.75" endX="51.350332" endY="31.538334">
                  <LineDesc lineEnd="ROUND" lineWidth="0.084666" lineProperty="SOLID" />
                </Line>
                <Line startX="51.138666" startY="31.538334" endX="51.350332" endY="31.538334">
                  <LineDesc lineEnd="ROUND" lineWidth="0.084666" lineProperty="SOLID" />
                </Line>
                <Line startX="50.927" startY="31.326668" endX="51.138666" endY="31.538334">
                  <LineDesc lineEnd="ROUND" lineWidth="0.084666" lineProperty="SOLID" />
                </Line>
                <Line startX="50.715334" startY="32.427334" endX="50.927" endY="32.215668">
                  <LineDesc lineEnd="ROUND" lineWidth="0.084666" lineProperty="SOLID" />
                </Line>
                <Line startX="50.503668" startY="32.427334" endX="50.715334" endY="32.427334">
                  <LineDesc lineEnd="ROUND" lineWidth="0.084666" lineProperty="SOLID" />
                </Line>
                <Line startX="50.503668" startY="32.427334" endX="50.715334" endY="32.639">
                  <LineDesc lineEnd="ROUND" lineWidth="0.084666" lineProperty="SOLID" />
                </Line>
                <Line startX="50.503668" startY="32.850666" endX="50.715334" endY="32.639">
                  <LineDesc lineEnd="ROUND" lineWidth="0.084666" lineProperty="SOLID" />
                </Line>
                <Line startX="50.503668" startY="32.850666" endX="50.715334" endY="32.850666">
                  <LineDesc lineEnd="ROUND" lineWidth="0.084666" lineProperty="SOLID" />
                </Line>
                <Line startX="50.715334" startY="32.850666" endX="50.927" endY="33.062332">
                  <LineDesc lineEnd="ROUND" lineWidth="0.084666" lineProperty="SOLID" />
                </Line>
                <Line startX="50.927" startY="33.062332" endX="51.138666" endY="32.850666">
                  <LineDesc lineEnd="ROUND" lineWidth="0.084666" lineProperty="SOLID" />
                </Line>
                <Line startX="51.138666" startY="32.850666" endX="51.350332" endY="32.850666">
                  <LineDesc lineEnd="ROUND" lineWidth="0.084666" lineProperty="SOLID" />
                </Line>
                <Line startX="51.138666" startY="32.639" endX="51.350332" endY="32.850666">
                  <LineDesc lineEnd="ROUND" lineWidth="0.084666" lineProperty="SOLID" />
                </Line>
                <Line startX="51.138666" startY="32.639" endX="51.350332" endY="32.427334">
                  <LineDesc lineEnd="ROUND" lineWidth="0.084666" lineProperty="SOLID" />
                </Line>
                <Line startX="51.138666" startY="32.427334" endX="51.350332" endY="32.427334">
                  <LineDesc lineEnd="ROUND" lineWidth="0.084666" lineProperty="SOLID" />
                </Line>
                <Line startX="50.927" startY="32.215668" endX="51.138666" endY="32.427334">
                  <LineDesc lineEnd="ROUND" lineWidth="0.084666" lineProperty="SOLID" />
                </Line>
                <Line startX="50.715334" startY="33.316334" endX="50.927" endY="33.104668">
                  <LineDesc lineEnd="ROUND" lineWidth="0.084666" lineProperty="SOLID" />
                </Line>
                <Line startX="50.503668" startY="33.316334" endX="50.715334" endY="33.316334">
                  <LineDesc lineEnd="ROUND" lineWidth="0.084666" lineProperty="SOLID" />
                </Line>
                <Line startX="50.503668" startY="33.316334" endX="50.715334" endY="33.528">
                  <LineDesc lineEnd="ROUND" lineWidth="0.084666" lineProperty="SOLID" />
                </Line>
                <Line startX="50.503668" startY="33.739666" endX="50.715334" endY="33.528">
                  <LineDesc lineEnd="ROUND" lineWidth="0.084666" lineProperty="SOLID" />
                </Line>
                <Line startX="50.503668" startY="33.739666" endX="50.715334" endY="33.739666">
                  <LineDesc lineEnd="ROUND" lineWidth="0.084666" lineProperty="SOLID" />
                </Line>
                <Line startX="50.715334" startY="33.739666" endX="50.927" endY="33.951332">
                  <LineDesc lineEnd="ROUND" lineWidth="0.084666" lineProperty="SOLID" />
                </Line>
                <Line startX="50.927" startY="33.951332" endX="51.138666" endY="33.739666">
                  <LineDesc lineEnd="ROUND" lineWidth="0.084666" lineProperty="SOLID" />
                </Line>
                <Line startX="51.138666" startY="33.739666" endX="51.350332" endY="33.739666">
                  <LineDesc lineEnd="ROUND" lineWidth="0.084666" lineProperty="SOLID" />
                </Line>
                <Line startX="51.138666" startY="33.528" endX="51.350332" endY="33.739666">
                  <LineDesc lineEnd="ROUND" lineWidth="0.084666" lineProperty="SOLID" />
                </Line>
                <Line startX="51.138666" startY="33.528" endX="51.350332" endY="33.316334">
                  <LineDesc lineEnd="ROUND" lineWidth="0.084666" lineProperty="SOLID" />
                </Line>
                <Line startX="51.138666" startY="33.316334" endX="51.350332" endY="33.316334">
                  <LineDesc lineEnd="ROUND" lineWidth="0.084666" lineProperty="SOLID" />
                </Line>
                <Line startX="50.927" startY="33.104668" endX="51.138666" endY="33.316334">
                  <LineDesc lineEnd="ROUND" lineWidth="0.084666" lineProperty="SOLID" />
                </Line>
                <Line startX="50.715334" startY="37.507334" endX="50.927" endY="37.295668">
                  <LineDesc lineEnd="ROUND" lineWidth="0.084666" lineProperty="SOLID" />
                </Line>
                <Line startX="50.503668" startY="37.507334" endX="50.715334" endY="37.507334">
                  <LineDesc lineEnd="ROUND" lineWidth="0.084666" lineProperty="SOLID" />
                </Line>
                <Line startX="50.503668" startY="37.507334" endX="50.715334" endY="37.719">
                  <LineDesc lineEnd="ROUND" lineWidth="0.084666" lineProperty="SOLID" />
                </Line>
                <Line startX="50.503668" startY="37.930666" endX="50.715334" endY="37.719">
                  <LineDesc lineEnd="ROUND" lineWidth="0.084666" lineProperty="SOLID" />
                </Line>
                <Line startX="50.503668" startY="37.930666" endX="50.715334" endY="37.930666">
                  <LineDesc lineEnd="ROUND" lineWidth="0.084666" lineProperty="SOLID" />
                </Line>
                <Line startX="50.715334" startY="37.930666" endX="50.927" endY="38.142332">
                  <LineDesc lineEnd="ROUND" lineWidth="0.084666" lineProperty="SOLID" />
                </Line>
                <Line startX="50.927" startY="38.142332" endX="51.138666" endY="37.930666">
                  <LineDesc lineEnd="ROUND" lineWidth="0.084666" lineProperty="SOLID" />
                </Line>
                <Line startX="51.138666" startY="37.930666" endX="51.350332" endY="37.930666">
                  <LineDesc lineEnd="ROUND" lineWidth="0.084666" lineProperty="SOLID" />
                </Line>
                <Line startX="51.138666" startY="37.719" endX="51.350332" endY="37.930666">
                  <LineDesc lineEnd="ROUND" lineWidth="0.084666" lineProperty="SOLID" />
                </Line>
                <Line startX="51.138666" startY="37.719" endX="51.350332" endY="37.507334">
                  <LineDesc lineEnd="ROUND" lineWidth="0.084666" lineProperty="SOLID" />
                </Line>
                <Line startX="51.138666" startY="37.507334" endX="51.350332" endY="37.507334">
                  <LineDesc lineEnd="ROUND" lineWidth="0.084666" lineProperty="SOLID" />
                </Line>
                <Line startX="50.927" startY="37.295668" endX="51.138666" endY="37.507334">
                  <LineDesc lineEnd="ROUND" lineWidth="0.084666" lineProperty="SOLID" />
                </Line>
                <Line startX="50.715334" startY="38.396334" endX="50.927" endY="38.184668">
                  <LineDesc lineEnd="ROUND" lineWidth="0.084666" lineProperty="SOLID" />
                </Line>
                <Line startX="50.503668" startY="38.396334" endX="50.715334" endY="38.396334">
                  <LineDesc lineEnd="ROUND" lineWidth="0.084666" lineProperty="SOLID" />
                </Line>
                <Line startX="50.503668" startY="38.396334" endX="50.715334" endY="38.608">
                  <LineDesc lineEnd="ROUND" lineWidth="0.084666" lineProperty="SOLID" />
                </Line>
                <Line startX="50.503668" startY="38.819666" endX="50.715334" endY="38.608">
                  <LineDesc lineEnd="ROUND" lineWidth="0.084666" lineProperty="SOLID" />
                </Line>
                <Line startX="50.503668" startY="38.819666" endX="50.715334" endY="38.819666">
                  <LineDesc lineEnd="ROUND" lineWidth="0.084666" lineProperty="SOLID" />
                </Line>
                <Line startX="50.715334" startY="38.819666" endX="50.927" endY="39.031332">
                  <LineDesc lineEnd="ROUND" lineWidth="0.084666" lineProperty="SOLID" />
                </Line>
                <Line startX="50.927" startY="39.031332" endX="51.138666" endY="38.819666">
                  <LineDesc lineEnd="ROUND" lineWidth="0.084666" lineProperty="SOLID" />
                </Line>
                <Line startX="51.138666" startY="38.819666" endX="51.350332" endY="38.819666">
                  <LineDesc lineEnd="ROUND" lineWidth="0.084666" lineProperty="SOLID" />
                </Line>
                <Line startX="51.138666" startY="38.608" endX="51.350332" endY="38.819666">
                  <LineDesc lineEnd="ROUND" lineWidth="0.084666" lineProperty="SOLID" />
                </Line>
                <Line startX="51.138666" startY="38.608" endX="51.350332" endY="38.396334">
                  <LineDesc lineEnd="ROUND" lineWidth="0.084666" lineProperty="SOLID" />
                </Line>
                <Line startX="51.138666" startY="38.396334" endX="51.350332" endY="38.396334">
                  <LineDesc lineEnd="ROUND" lineWidth="0.084666" lineProperty="SOLID" />
                </Line>
                <Line startX="50.927" startY="38.184668" endX="51.138666" endY="38.396334">
                  <LineDesc lineEnd="ROUND" lineWidth="0.084666" lineProperty="SOLID" />
                </Line>
                <Line startX="33.824334" startY="19.854334" endX="34.036" endY="19.642668">
                  <LineDesc lineEnd="ROUND" lineWidth="0.084666" lineProperty="SOLID" />
                </Line>
                <Line startX="33.612668" startY="19.854334" endX="33.824334" endY="19.854334">
                  <LineDesc lineEnd="ROUND" lineWidth="0.084666" lineProperty="SOLID" />
                </Line>
                <Line startX="33.612668" startY="19.854334" endX="33.824334" endY="20.066">
                  <LineDesc lineEnd="ROUND" lineWidth="0.084666" lineProperty="SOLID" />
                </Line>
                <Line startX="33.612668" startY="20.277666" endX="33.824334" endY="20.066">
                  <LineDesc lineEnd="ROUND" lineWidth="0.084666" lineProperty="SOLID" />
                </Line>
                <Line startX="33.612668" startY="20.277666" endX="33.824334" endY="20.277666">
                  <LineDesc lineEnd="ROUND" lineWidth="0.084666" lineProperty="SOLID" />
                </Line>
                <Line startX="33.824334" startY="20.277666" endX="34.036" endY="20.489332">
                  <LineDesc lineEnd="ROUND" lineWidth="0.084666" lineProperty="SOLID" />
                </Line>
                <Line startX="34.036" startY="20.489332" endX="34.247666" endY="20.277666">
                  <LineDesc lineEnd="ROUND" lineWidth="0.084666" lineProperty="SOLID" />
                </Line>
                <Line startX="34.247666" startY="20.277666" endX="34.459332" endY="20.277666">
                  <LineDesc lineEnd="ROUND" lineWidth="0.084666" lineProperty="SOLID" />
                </Line>
                <Line startX="34.247666" startY="20.066" endX="34.459332" endY="20.277666">
                  <LineDesc lineEnd="ROUND" lineWidth="0.084666" lineProperty="SOLID" />
                </Line>
                <Line startX="34.247666" startY="20.066" endX="34.459332" endY="19.854334">
                  <LineDesc lineEnd="ROUND" lineWidth="0.084666" lineProperty="SOLID" />
                </Line>
                <Line startX="34.247666" startY="19.854334" endX="34.459332" endY="19.854334">
                  <LineDesc lineEnd="ROUND" lineWidth="0.084666" lineProperty="SOLID" />
                </Line>
                <Line startX="34.036" startY="19.642668" endX="34.247666" endY="19.854334">
                  <LineDesc lineEnd="ROUND" lineWidth="0.084666" lineProperty="SOLID" />
                </Line>
                <Line startX="36.999334" startY="19.854334" endX="37.211" endY="19.642668">
                  <LineDesc lineEnd="ROUND" lineWidth="0.084666" lineProperty="SOLID" />
                </Line>
                <Line startX="36.787668" startY="19.854334" endX="36.999334" endY="19.854334">
                  <LineDesc lineEnd="ROUND" lineWidth="0.084666" lineProperty="SOLID" />
                </Line>
                <Line startX="36.787668" startY="19.854334" endX="36.999334" endY="20.066">
                  <LineDesc lineEnd="ROUND" lineWidth="0.084666" lineProperty="SOLID" />
                </Line>
                <Line startX="36.787668" startY="20.277666" endX="36.999334" endY="20.066">
                  <LineDesc lineEnd="ROUND" lineWidth="0.084666" lineProperty="SOLID" />
                </Line>
                <Line startX="36.787668" startY="20.277666" endX="36.999334" endY="20.277666">
                  <LineDesc lineEnd="ROUND" lineWidth="0.084666" lineProperty="SOLID" />
                </Line>
                <Line startX="36.999334" startY="20.277666" endX="37.211" endY="20.489332">
                  <LineDesc lineEnd="ROUND" lineWidth="0.084666" lineProperty="SOLID" />
                </Line>
                <Line startX="37.211" startY="20.489332" endX="37.422666" endY="20.277666">
                  <LineDesc lineEnd="ROUND" lineWidth="0.084666" lineProperty="SOLID" />
                </Line>
                <Line startX="37.422666" startY="20.277666" endX="37.634332" endY="20.277666">
                  <LineDesc lineEnd="ROUND" lineWidth="0.084666" lineProperty="SOLID" />
                </Line>
                <Line startX="37.422666" startY="20.066" endX="37.634332" endY="20.277666">
                  <LineDesc lineEnd="ROUND" lineWidth="0.084666" lineProperty="SOLID" />
                </Line>
                <Line startX="37.422666" startY="20.066" endX="37.634332" endY="19.854334">
                  <LineDesc lineEnd="ROUND" lineWidth="0.084666" lineProperty="SOLID" />
                </Line>
                <Line startX="37.422666" startY="19.854334" endX="37.634332" endY="19.854334">
                  <LineDesc lineEnd="ROUND" lineWidth="0.084666" lineProperty="SOLID" />
                </Line>
                <Line startX="37.211" startY="19.642668" endX="37.422666" endY="19.854334">
                  <LineDesc lineEnd="ROUND" lineWidth="0.084666" lineProperty="SOLID" />
                </Line>
                <Line startX="26.585334" startY="16.298334" endX="26.797" endY="16.086668">
                  <LineDesc lineEnd="ROUND" lineWidth="0.084666" lineProperty="SOLID" />
                </Line>
                <Line startX="26.373668" startY="16.298334" endX="26.585334" endY="16.298334">
                  <LineDesc lineEnd="ROUND" lineWidth="0.084666" lineProperty="SOLID" />
                </Line>
                <Line startX="26.373668" startY="16.298334" endX="26.585334" endY="16.51">
                  <LineDesc lineEnd="ROUND" lineWidth="0.084666" lineProperty="SOLID" />
                </Line>
                <Line startX="26.373668" startY="16.721666" endX="26.585334" endY="16.51">
                  <LineDesc lineEnd="ROUND" lineWidth="0.084666" lineProperty="SOLID" />
                </Line>
                <Line startX="26.373668" startY="16.721666" endX="26.585334" endY="16.721666">
                  <LineDesc lineEnd="ROUND" lineWidth="0.084666" lineProperty="SOLID" />
                </Line>
                <Line startX="26.585334" startY="16.721666" endX="26.797" endY="16.933332">
                  <LineDesc lineEnd="ROUND" lineWidth="0.084666" lineProperty="SOLID" />
                </Line>
                <Line startX="26.797" startY="16.933332" endX="27.008666" endY="16.721666">
                  <LineDesc lineEnd="ROUND" lineWidth="0.084666" lineProperty="SOLID" />
                </Line>
                <Line startX="27.008666" startY="16.721666" endX="27.220332" endY="16.721666">
                  <LineDesc lineEnd="ROUND" lineWidth="0.084666" lineProperty="SOLID" />
                </Line>
                <Line startX="27.008666" startY="16.51" endX="27.220332" endY="16.721666">
                  <LineDesc lineEnd="ROUND" lineWidth="0.084666" lineProperty="SOLID" />
                </Line>
                <Line startX="27.008666" startY="16.51" endX="27.220332" endY="16.298334">
                  <LineDesc lineEnd="ROUND" lineWidth="0.084666" lineProperty="SOLID" />
                </Line>
                <Line startX="27.008666" startY="16.298334" endX="27.220332" endY="16.298334">
                  <LineDesc lineEnd="ROUND" lineWidth="0.084666" lineProperty="SOLID" />
                </Line>
                <Line startX="26.797" startY="16.086668" endX="27.008666" endY="16.298334">
                  <LineDesc lineEnd="ROUND" lineWidth="0.084666" lineProperty="SOLID" />
                </Line>
                <Line startX="46.312668" startY="51.392668" endX="47.159332" endY="51.392668">
                  <LineDesc lineEnd="ROUND" lineWidth="0.084666" lineProperty="SOLID" />
                </Line>
                <Line startX="47.159332" startY="51.392668" endX="47.159332" endY="52.239332">
                  <LineDesc lineEnd="ROUND" lineWidth="0.084666" lineProperty="SOLID" />
                </Line>
                <Line startX="46.312668" startY="52.239332" endX="47.159332" endY="52.239332">
                  <LineDesc lineEnd="ROUND" lineWidth="0.084666" lineProperty="SOLID" />
                </Line>
                <Line startX="46.312668" startY="51.392668" endX="46.312668" endY="52.239332">
                  <LineDesc lineEnd="ROUND" lineWidth="0.084666" lineProperty="SOLID" />
                </Line>
                <Line startX="48.852668" startY="51.392668" endX="49.699332" endY="51.392668">
                  <LineDesc lineEnd="ROUND" lineWidth="0.084666" lineProperty="SOLID" />
                </Line>
                <Line startX="49.699332" startY="51.392668" endX="49.699332" endY="52.239332">
                  <LineDesc lineEnd="ROUND" lineWidth="0.084666" lineProperty="SOLID" />
                </Line>
                <Line startX="48.852668" startY="52.239332" endX="49.699332" endY="52.239332">
                  <LineDesc lineEnd="ROUND" lineWidth="0.084666" lineProperty="SOLID" />
                </Line>
                <Line startX="48.852668" startY="51.392668" endX="48.852668" endY="52.239332">
                  <LineDesc lineEnd="ROUND" lineWidth="0.084666" lineProperty="SOLID" />
                </Line>
                <Line startX="51.392668" startY="51.392668" endX="52.239332" endY="51.392668">
                  <LineDesc lineEnd="ROUND" lineWidth="0.084666" lineProperty="SOLID" />
                </Line>
                <Line startX="52.239332" startY="51.392668" endX="52.239332" endY="52.239332">
                  <LineDesc lineEnd="ROUND" lineWidth="0.084666" lineProperty="SOLID" />
                </Line>
                <Line startX="51.392668" startY="52.239332" endX="52.239332" endY="52.239332">
                  <LineDesc lineEnd="ROUND" lineWidth="0.084666" lineProperty="SOLID" />
                </Line>
                <Line startX="51.392668" startY="51.392668" endX="51.392668" endY="52.239332">
                  <LineDesc lineEnd="ROUND" lineWidth="0.084666" lineProperty="SOLID" />
                </Line>
                <Line startX="53.932668" startY="51.392668" endX="54.779332" endY="51.392668">
                  <LineDesc lineEnd="ROUND" lineWidth="0.084666" lineProperty="SOLID" />
                </Line>
                <Line startX="54.779332" startY="51.392668" endX="54.779332" endY="52.239332">
                  <LineDesc lineEnd="ROUND" lineWidth="0.084666" lineProperty="SOLID" />
                </Line>
                <Line startX="53.932668" startY="52.239332" endX="54.779332" endY="52.239332">
                  <LineDesc lineEnd="ROUND" lineWidth="0.084666" lineProperty="SOLID" />
                </Line>
                <Line startX="53.932668" startY="51.392668" endX="53.932668" endY="52.239332">
                  <LineDesc lineEnd="ROUND" lineWidth="0.084666" lineProperty="SOLID" />
                </Line>
                <Line startX="56.472668" startY="51.392668" endX="57.319332" endY="51.392668">
                  <LineDesc lineEnd="ROUND" lineWidth="0.084666" lineProperty="SOLID" />
                </Line>
                <Line startX="57.319332" startY="51.392668" endX="57.319332" endY="52.239332">
                  <LineDesc lineEnd="ROUND" lineWidth="0.084666" lineProperty="SOLID" />
                </Line>
                <Line startX="56.472668" startY="52.239332" endX="57.319332" endY="52.239332">
                  <LineDesc lineEnd="ROUND" lineWidth="0.084666" lineProperty="SOLID" />
                </Line>
                <Line startX="56.472668" startY="51.392668" endX="56.472668" endY="52.239332">
                  <LineDesc lineEnd="ROUND" lineWidth="0.084666" lineProperty="SOLID" />
                </Line>
                <Line startX="59.012668" startY="51.392668" endX="59.859332" endY="51.392668">
                  <LineDesc lineEnd="ROUND" lineWidth="0.084666" lineProperty="SOLID" />
                </Line>
                <Line startX="59.859332" startY="51.392668" endX="59.859332" endY="52.239332">
                  <LineDesc lineEnd="ROUND" lineWidth="0.084666" lineProperty="SOLID" />
                </Line>
                <Line startX="59.012668" startY="52.239332" endX="59.859332" endY="52.239332">
                  <LineDesc lineEnd="ROUND" lineWidth="0.084666" lineProperty="SOLID" />
                </Line>
                <Line startX="59.012668" startY="51.392668" endX="59.012668" endY="52.239332">
                  <LineDesc lineEnd="ROUND" lineWidth="0.084666" lineProperty="SOLID" />
                </Line>
                <Line startX="61.552668" startY="51.392668" endX="62.399332" endY="51.392668">
                  <LineDesc lineEnd="ROUND" lineWidth="0.084666" lineProperty="SOLID" />
                </Line>
                <Line startX="62.399332" startY="51.392668" endX="62.399332" endY="52.239332">
                  <LineDesc lineEnd="ROUND" lineWidth="0.084666" lineProperty="SOLID" />
                </Line>
                <Line startX="61.552668" startY="52.239332" endX="62.399332" endY="52.239332">
                  <LineDesc lineEnd="ROUND" lineWidth="0.084666" lineProperty="SOLID" />
                </Line>
                <Line startX="61.552668" startY="51.392668" endX="61.552668" endY="52.239332">
                  <LineDesc lineEnd="ROUND" lineWidth="0.084666" lineProperty="SOLID" />
                </Line>
                <Line startX="64.092668" startY="51.392668" endX="64.939332" endY="51.392668">
                  <LineDesc lineEnd="ROUND" lineWidth="0.084666" lineProperty="SOLID" />
                </Line>
                <Line startX="64.939332" startY="51.392668" endX="64.939332" endY="52.239332">
                  <LineDesc lineEnd="ROUND" lineWidth="0.084666" lineProperty="SOLID" />
                </Line>
                <Line startX="64.092668" startY="52.239332" endX="64.939332" endY="52.239332">
                  <LineDesc lineEnd="ROUND" lineWidth="0.084666" lineProperty="SOLID" />
                </Line>
                <Line startX="64.092668" startY="51.392668" endX="64.092668" endY="52.239332">
                  <LineDesc lineEnd="ROUND" lineWidth="0.084666" lineProperty="SOLID" />
                </Line>
                <Line startX="18.372668" startY="51.392668" endX="19.219332" endY="51.392668">
                  <LineDesc lineEnd="ROUND" lineWidth="0.084666" lineProperty="SOLID" />
                </Line>
                <Line startX="19.219332" startY="51.392668" endX="19.219332" endY="52.239332">
                  <LineDesc lineEnd="ROUND" lineWidth="0.084666" lineProperty="SOLID" />
                </Line>
                <Line startX="18.372668" startY="52.239332" endX="19.219332" endY="52.239332">
                  <LineDesc lineEnd="ROUND" lineWidth="0.084666" lineProperty="SOLID" />
                </Line>
                <Line startX="18.372668" startY="51.392668" endX="18.372668" endY="52.239332">
                  <LineDesc lineEnd="ROUND" lineWidth="0.084666" lineProperty="SOLID" />
                </Line>
                <Line startX="20.912668" startY="51.392668" endX="21.759332" endY="51.392668">
                  <LineDesc lineEnd="ROUND" lineWidth="0.084666" lineProperty="SOLID" />
                </Line>
                <Line startX="21.759332" startY="51.392668" endX="21.759332" endY="52.239332">
                  <LineDesc lineEnd="ROUND" lineWidth="0.084666" lineProperty="SOLID" />
                </Line>
                <Line startX="20.912668" startY="52.239332" endX="21.759332" endY="52.239332">
                  <LineDesc lineEnd="ROUND" lineWidth="0.084666" lineProperty="SOLID" />
                </Line>
                <Line startX="20.912668" startY="51.392668" endX="20.912668" endY="52.239332">
                  <LineDesc lineEnd="ROUND" lineWidth="0.084666" lineProperty="SOLID" />
                </Line>
                <Line startX="23.452668" startY="51.392668" endX="24.299332" endY="51.392668">
                  <LineDesc lineEnd="ROUND" lineWidth="0.084666" lineProperty="SOLID" />
                </Line>
                <Line startX="24.299332" startY="51.392668" endX="24.299332" endY="52.239332">
                  <LineDesc lineEnd="ROUND" lineWidth="0.084666" lineProperty="SOLID" />
                </Line>
                <Line startX="23.452668" startY="52.239332" endX="24.299332" endY="52.239332">
                  <LineDesc lineEnd="ROUND" lineWidth="0.084666" lineProperty="SOLID" />
                </Line>
                <Line startX="23.452668" startY="51.392668" endX="23.452668" endY="52.239332">
                  <LineDesc lineEnd="ROUND" lineWidth="0.084666" lineProperty="SOLID" />
                </Line>
                <Line startX="25.992668" startY="51.392668" endX="26.839332" endY="51.392668">
                  <LineDesc lineEnd="ROUND" lineWidth="0.084666" lineProperty="SOLID" />
                </Line>
                <Line startX="26.839332" startY="51.392668" endX="26.839332" endY="52.239332">
                  <LineDesc lineEnd="ROUND" lineWidth="0.084666" lineProperty="SOLID" />
                </Line>
                <Line startX="25.992668" startY="52.239332" endX="26.839332" endY="52.239332">
                  <LineDesc lineEnd="ROUND" lineWidth="0.084666" lineProperty="SOLID" />
                </Line>
                <Line startX="25.992668" startY="51.392668" endX="25.992668" endY="52.239332">
                  <LineDesc lineEnd="ROUND" lineWidth="0.084666" lineProperty="SOLID" />
                </Line>
                <Line startX="28.532668" startY="51.392668" endX="29.379332" endY="51.392668">
                  <LineDesc lineEnd="ROUND" lineWidth="0.084666" lineProperty="SOLID" />
                </Line>
                <Line startX="29.379332" startY="51.392668" endX="29.379332" endY="52.239332">
                  <LineDesc lineEnd="ROUND" lineWidth="0.084666" lineProperty="SOLID" />
                </Line>
                <Line startX="28.532668" startY="52.239332" endX="29.379332" endY="52.239332">
                  <LineDesc lineEnd="ROUND" lineWidth="0.084666" lineProperty="SOLID" />
                </Line>
                <Line startX="28.532668" startY="51.392668" endX="28.532668" endY="52.239332">
                  <LineDesc lineEnd="ROUND" lineWidth="0.084666" lineProperty="SOLID" />
                </Line>
                <Line startX="31.072668" startY="51.392668" endX="31.919332" endY="51.392668">
                  <LineDesc lineEnd="ROUND" lineWidth="0.084666" lineProperty="SOLID" />
                </Line>
                <Line startX="31.919332" startY="51.392668" endX="31.919332" endY="52.239332">
                  <LineDesc lineEnd="ROUND" lineWidth="0.084666" lineProperty="SOLID" />
                </Line>
                <Line startX="31.072668" startY="52.239332" endX="31.919332" endY="52.239332">
                  <LineDesc lineEnd="ROUND" lineWidth="0.084666" lineProperty="SOLID" />
                </Line>
                <Line startX="31.072668" startY="51.392668" endX="31.072668" endY="52.239332">
                  <LineDesc lineEnd="ROUND" lineWidth="0.084666" lineProperty="SOLID" />
                </Line>
                <Line startX="33.612668" startY="51.392668" endX="34.459332" endY="51.392668">
                  <LineDesc lineEnd="ROUND" lineWidth="0.084666" lineProperty="SOLID" />
                </Line>
                <Line startX="34.459332" startY="51.392668" endX="34.459332" endY="52.239332">
                  <LineDesc lineEnd="ROUND" lineWidth="0.084666" lineProperty="SOLID" />
                </Line>
                <Line startX="33.612668" startY="52.239332" endX="34.459332" endY="52.239332">
                  <LineDesc lineEnd="ROUND" lineWidth="0.084666" lineProperty="SOLID" />
                </Line>
                <Line startX="33.612668" startY="51.392668" endX="33.612668" endY="52.239332">
                  <LineDesc lineEnd="ROUND" lineWidth="0.084666" lineProperty="SOLID" />
                </Line>
                <Line startX="36.152668" startY="51.392668" endX="36.999332" endY="51.392668">
                  <LineDesc lineEnd="ROUND" lineWidth="0.084666" lineProperty="SOLID" />
                </Line>
                <Line startX="36.999332" startY="51.392668" endX="36.999332" endY="52.239332">
                  <LineDesc lineEnd="ROUND" lineWidth="0.084666" lineProperty="SOLID" />
                </Line>
                <Line startX="36.152668" startY="52.239332" endX="36.999332" endY="52.239332">
                  <LineDesc lineEnd="ROUND" lineWidth="0.084666" lineProperty="SOLID" />
                </Line>
                <Line startX="36.152668" startY="51.392668" endX="36.152668" endY="52.239332">
                  <LineDesc lineEnd="ROUND" lineWidth="0.084666" lineProperty="SOLID" />
                </Line>
                <Line startX="38.692668" startY="51.392668" endX="39.539332" endY="51.392668">
                  <LineDesc lineEnd="ROUND" lineWidth="0.084666" lineProperty="SOLID" />
                </Line>
                <Line startX="39.539332" startY="51.392668" endX="39.539332" endY="52.239332">
                  <LineDesc lineEnd="ROUND" lineWidth="0.084666" lineProperty="SOLID" />
                </Line>
                <Line startX="38.692668" startY="52.239332" endX="39.539332" endY="52.239332">
                  <LineDesc lineEnd="ROUND" lineWidth="0.084666" lineProperty="SOLID" />
                </Line>
                <Line startX="38.692668" startY="51.392668" endX="38.692668" endY="52.239332">
                  <LineDesc lineEnd="ROUND" lineWidth="0.084666" lineProperty="SOLID" />
                </Line>
                <Line startX="41.232668" startY="51.392668" endX="42.079332" endY="51.392668">
                  <LineDesc lineEnd="ROUND" lineWidth="0.084666" lineProperty="SOLID" />
                </Line>
                <Line startX="42.079332" startY="51.392668" endX="42.079332" endY="52.239332">
                  <LineDesc lineEnd="ROUND" lineWidth="0.084666" lineProperty="SOLID" />
                </Line>
                <Line startX="41.232668" startY="52.239332" endX="42.079332" endY="52.239332">
                  <LineDesc lineEnd="ROUND" lineWidth="0.084666" lineProperty="SOLID" />
                </Line>
                <Line startX="41.232668" startY="51.392668" endX="41.232668" endY="52.239332">
                  <LineDesc lineEnd="ROUND" lineWidth="0.084666" lineProperty="SOLID" />
                </Line>
                <Line startX="51.392668" startY="3.132668" endX="52.239332" endY="3.132668">
                  <LineDesc lineEnd="ROUND" lineWidth="0.084666" lineProperty="SOLID" />
                </Line>
                <Line startX="52.239332" startY="3.132668" endX="52.239332" endY="3.979332">
                  <LineDesc lineEnd="ROUND" lineWidth="0.084666" lineProperty="SOLID" />
                </Line>
                <Line startX="51.392668" startY="3.979332" endX="52.239332" endY="3.979332">
                  <LineDesc lineEnd="ROUND" lineWidth="0.084666" lineProperty="SOLID" />
                </Line>
                <Line startX="51.392668" startY="3.132668" endX="51.392668" endY="3.979332">
                  <LineDesc lineEnd="ROUND" lineWidth="0.084666" lineProperty="SOLID" />
                </Line>
                <Line startX="56.472668" startY="3.132668" endX="57.319332" endY="3.132668">
                  <LineDesc lineEnd="ROUND" lineWidth="0.084666" lineProperty="SOLID" />
                </Line>
                <Line startX="57.319332" startY="3.132668" endX="57.319332" endY="3.979332">
                  <LineDesc lineEnd="ROUND" lineWidth="0.084666" lineProperty="SOLID" />
                </Line>
                <Line startX="56.472668" startY="3.979332" endX="57.319332" endY="3.979332">
                  <LineDesc lineEnd="ROUND" lineWidth="0.084666" lineProperty="SOLID" />
                </Line>
                <Line startX="56.472668" startY="3.132668" endX="56.472668" endY="3.979332">
                  <LineDesc lineEnd="ROUND" lineWidth="0.084666" lineProperty="SOLID" />
                </Line>
                <Line startX="59.012668" startY="3.132668" endX="59.859332" endY="3.132668">
                  <LineDesc lineEnd="ROUND" lineWidth="0.084666" lineProperty="SOLID" />
                </Line>
                <Line startX="59.859332" startY="3.132668" endX="59.859332" endY="3.979332">
                  <LineDesc lineEnd="ROUND" lineWidth="0.084666" lineProperty="SOLID" />
                </Line>
                <Line startX="59.012668" startY="3.979332" endX="59.859332" endY="3.979332">
                  <LineDesc lineEnd="ROUND" lineWidth="0.084666" lineProperty="SOLID" />
                </Line>
                <Line startX="59.012668" startY="3.132668" endX="59.012668" endY="3.979332">
                  <LineDesc lineEnd="ROUND" lineWidth="0.084666" lineProperty="SOLID" />
                </Line>
                <Line startX="61.552668" startY="3.132668" endX="62.399332" endY="3.132668">
                  <LineDesc lineEnd="ROUND" lineWidth="0.084666" lineProperty="SOLID" />
                </Line>
                <Line startX="62.399332" startY="3.132668" endX="62.399332" endY="3.979332">
                  <LineDesc lineEnd="ROUND" lineWidth="0.084666" lineProperty="SOLID" />
                </Line>
                <Line startX="61.552668" startY="3.979332" endX="62.399332" endY="3.979332">
                  <LineDesc lineEnd="ROUND" lineWidth="0.084666" lineProperty="SOLID" />
                </Line>
                <Line startX="61.552668" startY="3.132668" endX="61.552668" endY="3.979332">
                  <LineDesc lineEnd="ROUND" lineWidth="0.084666" lineProperty="SOLID" />
                </Line>
                <Line startX="64.092668" startY="3.132668" endX="64.939332" endY="3.132668">
                  <LineDesc lineEnd="ROUND" lineWidth="0.084666" lineProperty="SOLID" />
                </Line>
                <Line startX="64.939332" startY="3.132668" endX="64.939332" endY="3.979332">
                  <LineDesc lineEnd="ROUND" lineWidth="0.084666" lineProperty="SOLID" />
                </Line>
                <Line startX="64.092668" startY="3.979332" endX="64.939332" endY="3.979332">
                  <LineDesc lineEnd="ROUND" lineWidth="0.084666" lineProperty="SOLID" />
                </Line>
                <Line startX="64.092668" startY="3.132668" endX="64.092668" endY="3.979332">
                  <LineDesc lineEnd="ROUND" lineWidth="0.084666" lineProperty="SOLID" />
                </Line>
                <Line startX="53.932668" startY="3.132668" endX="54.779332" endY="3.132668">
                  <LineDesc lineEnd="ROUND" lineWidth="0.084666" lineProperty="SOLID" />
                </Line>
                <Line startX="54.779332" startY="3.132668" endX="54.779332" endY="3.979332">
                  <LineDesc lineEnd="ROUND" lineWidth="0.084666" lineProperty="SOLID" />
                </Line>
                <Line startX="53.932668" startY="3.979332" endX="54.779332" endY="3.979332">
                  <LineDesc lineEnd="ROUND" lineWidth="0.084666" lineProperty="SOLID" />
                </Line>
                <Line startX="53.932668" startY="3.132668" endX="53.932668" endY="3.979332">
                  <LineDesc lineEnd="ROUND" lineWidth="0.084666" lineProperty="SOLID" />
                </Line>
                <Line startX="28.532668" startY="3.132668" endX="29.379332" endY="3.132668">
                  <LineDesc lineEnd="ROUND" lineWidth="0.084666" lineProperty="SOLID" />
                </Line>
                <Line startX="29.379332" startY="3.132668" endX="29.379332" endY="3.979332">
                  <LineDesc lineEnd="ROUND" lineWidth="0.084666" lineProperty="SOLID" />
                </Line>
                <Line startX="28.532668" startY="3.979332" endX="29.379332" endY="3.979332">
                  <LineDesc lineEnd="ROUND" lineWidth="0.084666" lineProperty="SOLID" />
                </Line>
                <Line startX="28.532668" startY="3.132668" endX="28.532668" endY="3.979332">
                  <LineDesc lineEnd="ROUND" lineWidth="0.084666" lineProperty="SOLID" />
                </Line>
                <Line startX="31.072668" startY="3.132668" endX="31.919332" endY="3.132668">
                  <LineDesc lineEnd="ROUND" lineWidth="0.084666" lineProperty="SOLID" />
                </Line>
                <Line startX="31.919332" startY="3.132668" endX="31.919332" endY="3.979332">
                  <LineDesc lineEnd="ROUND" lineWidth="0.084666" lineProperty="SOLID" />
                </Line>
                <Line startX="31.072668" startY="3.979332" endX="31.919332" endY="3.979332">
                  <LineDesc lineEnd="ROUND" lineWidth="0.084666" lineProperty="SOLID" />
                </Line>
                <Line startX="31.072668" startY="3.132668" endX="31.072668" endY="3.979332">
                  <LineDesc lineEnd="ROUND" lineWidth="0.084666" lineProperty="SOLID" />
                </Line>
                <Line startX="33.612668" startY="3.132668" endX="34.459332" endY="3.132668">
                  <LineDesc lineEnd="ROUND" lineWidth="0.084666" lineProperty="SOLID" />
                </Line>
                <Line startX="34.459332" startY="3.132668" endX="34.459332" endY="3.979332">
                  <LineDesc lineEnd="ROUND" lineWidth="0.084666" lineProperty="SOLID" />
                </Line>
                <Line startX="33.612668" startY="3.979332" endX="34.459332" endY="3.979332">
                  <LineDesc lineEnd="ROUND" lineWidth="0.084666" lineProperty="SOLID" />
                </Line>
                <Line startX="33.612668" startY="3.132668" endX="33.612668" endY="3.979332">
                  <LineDesc lineEnd="ROUND" lineWidth="0.084666" lineProperty="SOLID" />
                </Line>
                <Line startX="36.152668" startY="3.132668" endX="36.999332" endY="3.132668">
                  <LineDesc lineEnd="ROUND" lineWidth="0.084666" lineProperty="SOLID" />
                </Line>
                <Line startX="36.999332" startY="3.132668" endX="36.999332" endY="3.979332">
                  <LineDesc lineEnd="ROUND" lineWidth="0.084666" lineProperty="SOLID" />
                </Line>
                <Line startX="36.152668" startY="3.979332" endX="36.999332" endY="3.979332">
                  <LineDesc lineEnd="ROUND" lineWidth="0.084666" lineProperty="SOLID" />
                </Line>
                <Line startX="36.152668" startY="3.132668" endX="36.152668" endY="3.979332">
                  <LineDesc lineEnd="ROUND" lineWidth="0.084666" lineProperty="SOLID" />
                </Line>
                <Line startX="38.692668" startY="3.132668" endX="39.539332" endY="3.132668">
                  <LineDesc lineEnd="ROUND" lineWidth="0.084666" lineProperty="SOLID" />
                </Line>
                <Line startX="39.539332" startY="3.132668" endX="39.539332" endY="3.979332">
                  <LineDesc lineEnd="ROUND" lineWidth="0.084666" lineProperty="SOLID" />
                </Line>
                <Line startX="38.692668" startY="3.979332" endX="39.539332" endY="3.979332">
                  <LineDesc lineEnd="ROUND" lineWidth="0.084666" lineProperty="SOLID" />
                </Line>
                <Line startX="38.692668" startY="3.132668" endX="38.692668" endY="3.979332">
                  <LineDesc lineEnd="ROUND" lineWidth="0.084666" lineProperty="SOLID" />
                </Line>
                <Line startX="41.232668" startY="3.132668" endX="42.079332" endY="3.132668">
                  <LineDesc lineEnd="ROUND" lineWidth="0.084666" lineProperty="SOLID" />
                </Line>
                <Line startX="42.079332" startY="3.132668" endX="42.079332" endY="3.979332">
                  <LineDesc lineEnd="ROUND" lineWidth="0.084666" lineProperty="SOLID" />
                </Line>
                <Line startX="41.232668" startY="3.979332" endX="42.079332" endY="3.979332">
                  <LineDesc lineEnd="ROUND" lineWidth="0.084666" lineProperty="SOLID" />
                </Line>
                <Line startX="41.232668" startY="3.132668" endX="41.232668" endY="3.979332">
                  <LineDesc lineEnd="ROUND" lineWidth="0.084666" lineProperty="SOLID" />
                </Line>
                <Line startX="43.772668" startY="3.132668" endX="44.619332" endY="3.132668">
                  <LineDesc lineEnd="ROUND" lineWidth="0.084666" lineProperty="SOLID" />
                </Line>
                <Line startX="44.619332" startY="3.132668" endX="44.619332" endY="3.979332">
                  <LineDesc lineEnd="ROUND" lineWidth="0.084666" lineProperty="SOLID" />
                </Line>
                <Line startX="43.772668" startY="3.979332" endX="44.619332" endY="3.979332">
                  <LineDesc lineEnd="ROUND" lineWidth="0.084666" lineProperty="SOLID" />
                </Line>
                <Line startX="43.772668" startY="3.132668" endX="43.772668" endY="3.979332">
                  <LineDesc lineEnd="ROUND" lineWidth="0.084666" lineProperty="SOLID" />
                </Line>
                <Line startX="46.312668" startY="3.132668" endX="47.159332" endY="3.132668">
                  <LineDesc lineEnd="ROUND" lineWidth="0.084666" lineProperty="SOLID" />
                </Line>
                <Line startX="47.159332" startY="3.132668" endX="47.159332" endY="3.979332">
                  <LineDesc lineEnd="ROUND" lineWidth="0.084666" lineProperty="SOLID" />
                </Line>
                <Line startX="46.312668" startY="3.979332" endX="47.159332" endY="3.979332">
                  <LineDesc lineEnd="ROUND" lineWidth="0.084666" lineProperty="SOLID" />
                </Line>
                <Line startX="46.312668" startY="3.132668" endX="46.312668" endY="3.979332">
                  <LineDesc lineEnd="ROUND" lineWidth="0.084666" lineProperty="SOLID" />
                </Line>
              </UserSpecial>
            </Features>
          </Set>
        </LayerFeature>
        <LayerFeature layerRef="Drill Guide (Top Layer - Bottom Layer)">
          <Set>
            <ColorRef id="LAYER_COLOR_Drill Guide (Top Layer - Bottom Layer)" />
          </Set>
          <Set>
            <Hole name="JP3-8 Hole Drill" diameter="0.762" platingStatus="PLATED" plusTol="0.0762" minusTol="0.0762" x="46.736" y="3.556" />
          </Set>
          <Set>
            <Hole name="JP3-7 Hole Drill" diameter="0.762" platingStatus="PLATED" plusTol="0.0762" minusTol="0.0762" x="44.196" y="3.556" />
          </Set>
          <Set>
            <Hole name="JP3-6 Hole Drill" diameter="0.762" platingStatus="PLATED" plusTol="0.0762" minusTol="0.0762" x="41.656" y="3.556" />
          </Set>
          <Set>
            <Hole name="JP3-5 Hole Drill" diameter="0.762" platingStatus="PLATED" plusTol="0.0762" minusTol="0.0762" x="39.116" y="3.556" />
          </Set>
          <Set>
            <Hole name="JP3-4 Hole Drill" diameter="0.762" platingStatus="PLATED" plusTol="0.0762" minusTol="0.0762" x="36.576" y="3.556" />
          </Set>
          <Set>
            <Hole name="JP3-3 Hole Drill" diameter="0.762" platingStatus="PLATED" plusTol="0.0762" minusTol="0.0762" x="34.036" y="3.556" />
          </Set>
          <Set>
            <Hole name="JP3-2 Hole Drill" diameter="0.762" platingStatus="PLATED" plusTol="0.0762" minusTol="0.0762" x="31.496" y="3.556" />
          </Set>
          <Set>
            <Hole name="JP3-1 Hole Drill" diameter="0.762" platingStatus="PLATED" plusTol="0.0762" minusTol="0.0762" x="28.956" y="3.556" />
          </Set>
          <Set>
            <Hole name="JP1-2 Hole Drill" diameter="0.762" platingStatus="PLATED" plusTol="0.0762" minusTol="0.0762" x="54.356" y="3.556" />
          </Set>
          <Set>
            <Hole name="JP1-6 Hole Drill" diameter="0.762" platingStatus="PLATED" plusTol="0.0762" minusTol="0.0762" x="64.516" y="3.556" />
          </Set>
          <Set>
            <Hole name="JP1-5 Hole Drill" diameter="0.762" platingStatus="PLATED" plusTol="0.0762" minusTol="0.0762" x="61.976" y="3.556" />
          </Set>
          <Set>
            <Hole name="JP1-4 Hole Drill" diameter="0.762" platingStatus="PLATED" plusTol="0.0762" minusTol="0.0762" x="59.436" y="3.556" />
          </Set>
          <Set>
            <Hole name="JP1-3 Hole Drill" diameter="0.762" platingStatus="PLATED" plusTol="0.0762" minusTol="0.0762" x="56.896" y="3.556" />
          </Set>
          <Set>
            <Hole name="JP1-1 Hole Drill" diameter="0.762" platingStatus="PLATED" plusTol="0.0762" minusTol="0.0762" x="51.816" y="3.556" />
          </Set>
          <Set>
            <Hole name="JP4-10 Hole Drill" diameter="0.762" platingStatus="PLATED" plusTol="0.0762" minusTol="0.0762" x="41.656" y="51.816" />
          </Set>
          <Set>
            <Hole name="JP4-9 Hole Drill" diameter="0.762" platingStatus="PLATED" plusTol="0.0762" minusTol="0.0762" x="39.116" y="51.816" />
          </Set>
          <Set>
            <Hole name="JP4-8 Hole Drill" diameter="0.762" platingStatus="PLATED" plusTol="0.0762" minusTol="0.0762" x="36.576" y="51.816" />
          </Set>
          <Set>
            <Hole name="JP4-7 Hole Drill" diameter="0.762" platingStatus="PLATED" plusTol="0.0762" minusTol="0.0762" x="34.036" y="51.816" />
          </Set>
          <Set>
            <Hole name="JP4-6 Hole Drill" diameter="0.762" platingStatus="PLATED" plusTol="0.0762" minusTol="0.0762" x="31.496" y="51.816" />
          </Set>
          <Set>
            <Hole name="JP4-5 Hole Drill" diameter="0.762" platingStatus="PLATED" plusTol="0.0762" minusTol="0.0762" x="28.956" y="51.816" />
          </Set>
          <Set>
            <Hole name="JP4-4 Hole Drill" diameter="0.762" platingStatus="PLATED" plusTol="0.0762" minusTol="0.0762" x="26.416" y="51.816" />
          </Set>
          <Set>
            <Hole name="JP4-3 Hole Drill" diameter="0.762" platingStatus="PLATED" plusTol="0.0762" minusTol="0.0762" x="23.876" y="51.816" />
          </Set>
          <Set>
            <Hole name="JP4-2 Hole Drill" diameter="0.762" platingStatus="PLATED" plusTol="0.0762" minusTol="0.0762" x="21.336" y="51.816" />
          </Set>
          <Set>
            <Hole name="JP4-1 Hole Drill" diameter="0.762" platingStatus="PLATED" plusTol="0.0762" minusTol="0.0762" x="18.796" y="51.816" />
          </Set>
          <Set>
            <Hole name="JP2-8 Hole Drill" diameter="0.762" platingStatus="PLATED" plusTol="0.0762" minusTol="0.0762" x="64.516" y="51.816" />
          </Set>
          <Set>
            <Hole name="JP2-7 Hole Drill" diameter="0.762" platingStatus="PLATED" plusTol="0.0762" minusTol="0.0762" x="61.976" y="51.816" />
          </Set>
          <Set>
            <Hole name="JP2-6 Hole Drill" diameter="0.762" platingStatus="PLATED" plusTol="0.0762" minusTol="0.0762" x="59.436" y="51.816" />
          </Set>
          <Set>
            <Hole name="JP2-5 Hole Drill" diameter="0.762" platingStatus="PLATED" plusTol="0.0762" minusTol="0.0762" x="56.896" y="51.816" />
          </Set>
          <Set>
            <Hole name="JP2-4 Hole Drill" diameter="0.762" platingStatus="PLATED" plusTol="0.0762" minusTol="0.0762" x="54.356" y="51.816" />
          </Set>
          <Set>
            <Hole name="JP2-3 Hole Drill" diameter="0.762" platingStatus="PLATED" plusTol="0.0762" minusTol="0.0762" x="51.816" y="51.816" />
          </Set>
          <Set>
            <Hole name="JP2-2 Hole Drill" diameter="0.762" platingStatus="PLATED" plusTol="0.0762" minusTol="0.0762" x="49.276" y="51.816" />
          </Set>
          <Set>
            <Hole name="JP2-1 Hole Drill" diameter="0.762" platingStatus="PLATED" plusTol="0.0762" minusTol="0.0762" x="46.736" y="51.816" />
          </Set>
          <Set>
            <Hole name="Free-3 Hole Drill" diameter="1.524" platingStatus="PLATED" plusTol="0.0762" minusTol="0.0762" x="3.556" y="26.416" />
          </Set>
          <Set>
            <Hole name="Free-2 Hole Drill" diameter="1.524" platingStatus="PLATED" plusTol="0.0762" minusTol="0.0762" x="3.556" y="31.496" />
          </Set>
          <Set>
            <Hole name="Via Hole Drill 0" diameter="0.254" platingStatus="VIA" plusTol="0.0508" minusTol="0.0508" x="26.797" y="16.51" />
          </Set>
          <Set>
            <Hole name="Via Hole Drill 1" diameter="0.254" platingStatus="VIA" plusTol="0.0508" minusTol="0.0508" x="37.211" y="20.066" />
          </Set>
          <Set>
            <Hole name="Via Hole Drill 2" diameter="0.254" platingStatus="VIA" plusTol="0.0508" minusTol="0.0508" x="34.036" y="20.066" />
          </Set>
          <Set>
            <Hole name="Via Hole Drill 3" diameter="0.254" platingStatus="VIA" plusTol="0.0508" minusTol="0.0508" x="50.927" y="38.608" />
          </Set>
          <Set>
            <Hole name="Via Hole Drill 4" diameter="0.254" platingStatus="VIA" plusTol="0.0508" minusTol="0.0508" x="50.927" y="37.719" />
          </Set>
          <Set>
            <Hole name="Via Hole Drill 5" diameter="0.254" platingStatus="VIA" plusTol="0.0508" minusTol="0.0508" x="50.927" y="33.528" />
          </Set>
          <Set>
            <Hole name="Via Hole Drill 6" diameter="0.254" platingStatus="VIA" plusTol="0.0508" minusTol="0.0508" x="50.927" y="32.639" />
          </Set>
          <Set>
            <Hole name="Via Hole Drill 7" diameter="0.254" platingStatus="VIA" plusTol="0.0508" minusTol="0.0508" x="50.927" y="31.75" />
          </Set>
          <Set>
            <Hole name="Via Hole Drill 8" diameter="0.254" platingStatus="VIA" plusTol="0.0508" minusTol="0.0508" x="50.927" y="30.861" />
          </Set>
          <Set>
            <Hole name="Via Hole Drill 9" diameter="0.254" platingStatus="VIA" plusTol="0.0508" minusTol="0.0508" x="50.927" y="29.972" />
          </Set>
          <Set>
            <Hole name="Via Hole Drill 10" diameter="0.254" platingStatus="VIA" plusTol="0.0508" minusTol="0.0508" x="50.927" y="29.083" />
          </Set>
          <Set>
            <Hole name="Via Hole Drill 11" diameter="0.254" platingStatus="VIA" plusTol="0.0508" minusTol="0.0508" x="50.927" y="28.194" />
          </Set>
          <Set>
            <Hole name="Via Hole Drill 12" diameter="0.254" platingStatus="VIA" plusTol="0.0508" minusTol="0.0508" x="50.927" y="27.305" />
          </Set>
          <Set>
            <Hole name="Via Hole Drill 13" diameter="0.254" platingStatus="VIA" plusTol="0.0508" minusTol="0.0508" x="50.927" y="36.83" />
          </Set>
          <Set>
            <Hole name="Via Hole Drill 14" diameter="0.254" platingStatus="VIA" plusTol="0.0508" minusTol="0.0508" x="50.927" y="39.497" />
          </Set>
          <Set>
            <Hole name="Via Hole Drill 15" diameter="0.254" platingStatus="VIA" plusTol="0.0508" minusTol="0.0508" x="50.927" y="40.386" />
          </Set>
          <Set>
            <Hole name="Via Hole Drill 16" diameter="0.254" platingStatus="VIA" plusTol="0.0508" minusTol="0.0508" x="50.927" y="41.275" />
          </Set>
          <Set>
            <Hole name="Via Hole Drill 17" diameter="0.254" platingStatus="VIA" plusTol="0.0508" minusTol="0.0508" x="50.927" y="42.164" />
          </Set>
          <Set>
            <Hole name="Via Hole Drill 18" diameter="0.254" platingStatus="VIA" plusTol="0.0508" minusTol="0.0508" x="50.927" y="43.053" />
          </Set>
          <Set>
            <Hole name="Via Hole Drill 19" diameter="0.254" platingStatus="VIA" plusTol="0.0508" minusTol="0.0508" x="15.621" y="13.716" />
          </Set>
          <Set>
            <Hole name="Via Hole Drill 20" diameter="0.254" platingStatus="VIA" plusTol="0.0508" minusTol="0.0508" x="12.446" y="13.716" />
          </Set>
          <Set>
            <Hole name="Via Hole Drill 21" diameter="0.254" platingStatus="VIA" plusTol="0.0508" minusTol="0.0508" x="9.906" y="13.716" />
          </Set>
        </LayerFeature>
      </Step>
    </CadData>
  </Ecad>
</IPC-2581>