ISO-10303-21;
HEADER;
FILE_DESCRIPTION(('Open CASCADE Model'),'2;1');
FILE_NAME('Open CASCADE Shape Model','2025-03-07T14:33:20',('Author'),(
    'Open CASCADE'),'Open CASCADE STEP processor 7.5','Open CASCADE 7.5'
  ,'Unknown');
FILE_SCHEMA(('AUTOMOTIVE_DESIGN { 1 0 10303 214 1 1 1 1 }'));
ENDSEC;
DATA;
#1 = APPLICATION_PROTOCOL_DEFINITION('international standard',
  'automotive_design',2000,#2);
#2 = APPLICATION_CONTEXT(
  'core data for automotive mechanical design processes');
#3 = SHAPE_DEFINITION_REPRESENTATION(#4,#10);
#4 = PRODUCT_DEFINITION_SHAPE('','',#5);
#5 = PRODUCT_DEFINITION('design','',#6,#9);
#6 = PRODUCT_DEFINITION_FORMATION('','',#7);
#7 = PRODUCT('PCB','PCB','',(#8));
#8 = PRODUCT_CONTEXT('',#2,'mechanical');
#9 = PRODUCT_DEFINITION_CONTEXT('part definition',#2,'design');
#10 = SHAPE_REPRESENTATION('',(#11,#15,#19,#23,#27,#31,#35,#39,#43,#47,
    #51,#55,#59),#63);
#11 = AXIS2_PLACEMENT_3D('',#12,#13,#14);
#12 = CARTESIAN_POINT('',(0.,0.,0.));
#13 = DIRECTION('',(0.,0.,1.));
#14 = DIRECTION('',(1.,0.,-0.));
#15 = AXIS2_PLACEMENT_3D('',#16,#17,#18);
#16 = CARTESIAN_POINT('',(0.,0.,0.));
#17 = DIRECTION('',(0.,0.,1.));
#18 = DIRECTION('',(1.,0.,-0.));
#19 = AXIS2_PLACEMENT_3D('',#20,#21,#22);
#20 = CARTESIAN_POINT('',(0.,0.,0.));
#21 = DIRECTION('',(0.,0.,1.));
#22 = DIRECTION('',(1.,0.,-0.));
#23 = AXIS2_PLACEMENT_3D('',#24,#25,#26);
#24 = CARTESIAN_POINT('',(0.,0.,0.));
#25 = DIRECTION('',(0.,0.,1.));
#26 = DIRECTION('',(1.,0.,-0.));
#27 = AXIS2_PLACEMENT_3D('',#28,#29,#30);
#28 = CARTESIAN_POINT('',(0.,0.,0.));
#29 = DIRECTION('',(0.,0.,1.));
#30 = DIRECTION('',(1.,0.,-0.));
#31 = AXIS2_PLACEMENT_3D('',#32,#33,#34);
#32 = CARTESIAN_POINT('',(0.,0.,0.));
#33 = DIRECTION('',(0.,0.,1.));
#34 = DIRECTION('',(1.,0.,-0.));
#35 = AXIS2_PLACEMENT_3D('',#36,#37,#38);
#36 = CARTESIAN_POINT('',(0.,0.,0.));
#37 = DIRECTION('',(0.,0.,1.));
#38 = DIRECTION('',(1.,0.,-0.));
#39 = AXIS2_PLACEMENT_3D('',#40,#41,#42);
#40 = CARTESIAN_POINT('',(0.,0.,0.));
#41 = DIRECTION('',(0.,0.,1.));
#42 = DIRECTION('',(1.,0.,-0.));
#43 = AXIS2_PLACEMENT_3D('',#44,#45,#46);
#44 = CARTESIAN_POINT('',(0.,0.,0.));
#45 = DIRECTION('',(0.,0.,1.));
#46 = DIRECTION('',(1.,0.,-0.));
#47 = AXIS2_PLACEMENT_3D('',#48,#49,#50);
#48 = CARTESIAN_POINT('',(0.,0.,0.));
#49 = DIRECTION('',(0.,0.,1.));
#50 = DIRECTION('',(1.,0.,-0.));
#51 = AXIS2_PLACEMENT_3D('',#52,#53,#54);
#52 = CARTESIAN_POINT('',(0.,0.,0.));
#53 = DIRECTION('',(0.,0.,1.));
#54 = DIRECTION('',(1.,0.,-0.));
#55 = AXIS2_PLACEMENT_3D('',#56,#57,#58);
#56 = CARTESIAN_POINT('',(0.,0.,0.));
#57 = DIRECTION('',(0.,0.,1.));
#58 = DIRECTION('',(1.,0.,-0.));
#59 = AXIS2_PLACEMENT_3D('',#60,#61,#62);
#60 = CARTESIAN_POINT('',(0.,0.,0.));
#61 = DIRECTION('',(0.,0.,1.));
#62 = DIRECTION('',(1.,0.,-0.));
#63 = ( GEOMETRIC_REPRESENTATION_CONTEXT(3) 
GLOBAL_UNCERTAINTY_ASSIGNED_CONTEXT((#67)) GLOBAL_UNIT_ASSIGNED_CONTEXT(
(#64,#65,#66)) REPRESENTATION_CONTEXT('Context #1',
  '3D Context with UNIT and UNCERTAINTY') );
#64 = ( LENGTH_UNIT() NAMED_UNIT(*) SI_UNIT(.MILLI.,.METRE.) );
#65 = ( NAMED_UNIT(*) PLANE_ANGLE_UNIT() SI_UNIT($,.RADIAN.) );
#66 = ( NAMED_UNIT(*) SI_UNIT($,.STERADIAN.) SOLID_ANGLE_UNIT() );
#67 = UNCERTAINTY_MEASURE_WITH_UNIT(LENGTH_MEASURE(5.E-06),#64,
  'distance_accuracy_value','confusion accuracy');
#68 = PRODUCT_RELATED_PRODUCT_CATEGORY('part',$,(#7));
#69 = SHAPE_DEFINITION_REPRESENTATION(#70,#76);
#70 = PRODUCT_DEFINITION_SHAPE('','',#71);
#71 = PRODUCT_DEFINITION('design','',#72,#75);
#72 = PRODUCT_DEFINITION_FORMATION('','',#73);
#73 = PRODUCT('Board','Board','',(#74));
#74 = PRODUCT_CONTEXT('',#2,'mechanical');
#75 = PRODUCT_DEFINITION_CONTEXT('part definition',#2,'design');
#76 = SHAPE_REPRESENTATION('',(#11,#77),#81);
#77 = AXIS2_PLACEMENT_3D('',#78,#79,#80);
#78 = CARTESIAN_POINT('',(0.,0.,-1.61544));
#79 = DIRECTION('',(0.,0.,1.));
#80 = DIRECTION('',(1.,0.,-0.));
#81 = ( GEOMETRIC_REPRESENTATION_CONTEXT(3) 
GLOBAL_UNCERTAINTY_ASSIGNED_CONTEXT((#85)) GLOBAL_UNIT_ASSIGNED_CONTEXT(
(#82,#83,#84)) REPRESENTATION_CONTEXT('Context #1',
  '3D Context with UNIT and UNCERTAINTY') );
#82 = ( LENGTH_UNIT() NAMED_UNIT(*) SI_UNIT(.MILLI.,.METRE.) );
#83 = ( NAMED_UNIT(*) PLANE_ANGLE_UNIT() SI_UNIT($,.RADIAN.) );
#84 = ( NAMED_UNIT(*) SI_UNIT($,.STERADIAN.) SOLID_ANGLE_UNIT() );
#85 = UNCERTAINTY_MEASURE_WITH_UNIT(LENGTH_MEASURE(1.E-07),#82,
  'distance_accuracy_value','confusion accuracy');
#86 = ADVANCED_BREP_SHAPE_REPRESENTATION('',(#11,#87),#579);
#87 = MANIFOLD_SOLID_BREP('',#88);
#88 = CLOSED_SHELL('',(#89,#131,#162,#195,#226,#259,#290,#321,#354,#385,
    #418,#449,#480,#513,#535,#557));
#89 = ADVANCED_FACE('',(#90),#126,.T.);
#90 = FACE_BOUND('',#91,.T.);
#91 = EDGE_LOOP('',(#92,#102,#111,#119));
#92 = ORIENTED_EDGE('',*,*,#93,.T.);
#93 = EDGE_CURVE('',#94,#96,#98,.T.);
#94 = VERTEX_POINT('',#95);
#95 = CARTESIAN_POINT('',(0.490000009537,-1.600000075996E-02,0.));
#96 = VERTEX_POINT('',#97);
#97 = CARTESIAN_POINT('',(0.490000009537,-1.600000075996E-02,1.61544));
#98 = LINE('',#99,#100);
#99 = CARTESIAN_POINT('',(0.490000009537,-1.600000075996E-02,0.));
#100 = VECTOR('',#101,1.);
#101 = DIRECTION('',(0.,0.,1.));
#102 = ORIENTED_EDGE('',*,*,#103,.T.);
#103 = EDGE_CURVE('',#96,#104,#106,.T.);
#104 = VERTEX_POINT('',#105);
#105 = CARTESIAN_POINT('',(-1.600000075996E-02,0.490000009537,1.61544));
#106 = CIRCLE('',#107,0.505305240386);
#107 = AXIS2_PLACEMENT_3D('',#108,#109,#110);
#108 = CARTESIAN_POINT('',(0.489304761331,0.489304761331,1.61544));
#109 = DIRECTION('',(0.,0.,-1.));
#110 = DIRECTION('',(1.375897477727E-03,-0.999999053453,0.));
#111 = ORIENTED_EDGE('',*,*,#112,.F.);
#112 = EDGE_CURVE('',#113,#104,#115,.T.);
#113 = VERTEX_POINT('',#114);
#114 = CARTESIAN_POINT('',(-1.600000075996E-02,0.490000009537,0.));
#115 = LINE('',#116,#117);
#116 = CARTESIAN_POINT('',(-1.600000075996E-02,0.490000009537,0.));
#117 = VECTOR('',#118,1.);
#118 = DIRECTION('',(0.,0.,1.));
#119 = ORIENTED_EDGE('',*,*,#120,.F.);
#120 = EDGE_CURVE('',#94,#113,#121,.T.);
#121 = CIRCLE('',#122,0.505305240386);
#122 = AXIS2_PLACEMENT_3D('',#123,#124,#125);
#123 = CARTESIAN_POINT('',(0.489304761331,0.489304761331,0.));
#124 = DIRECTION('',(0.,0.,-1.));
#125 = DIRECTION('',(1.375897477727E-03,-0.999999053453,0.));
#126 = CYLINDRICAL_SURFACE('',#127,0.505305240386);
#127 = AXIS2_PLACEMENT_3D('',#128,#129,#130);
#128 = CARTESIAN_POINT('',(0.489304761331,0.489304761331,0.));
#129 = DIRECTION('',(0.,0.,-1.));
#130 = DIRECTION('',(1.375897477727E-03,-0.999999053453,0.));
#131 = ADVANCED_FACE('',(#132),#157,.T.);
#132 = FACE_BOUND('',#133,.T.);
#133 = EDGE_LOOP('',(#134,#135,#143,#151));
#134 = ORIENTED_EDGE('',*,*,#112,.T.);
#135 = ORIENTED_EDGE('',*,*,#136,.T.);
#136 = EDGE_CURVE('',#104,#137,#139,.T.);
#137 = VERTEX_POINT('',#138);
#138 = CARTESIAN_POINT('',(-1.600000075996E-02,52.830001831055,1.61544)
  );
#139 = LINE('',#140,#141);
#140 = CARTESIAN_POINT('',(-1.600000075996E-02,0.490000009537,1.61544));
#141 = VECTOR('',#142,1.);
#142 = DIRECTION('',(0.,1.,0.));
#143 = ORIENTED_EDGE('',*,*,#144,.F.);
#144 = EDGE_CURVE('',#145,#137,#147,.T.);
#145 = VERTEX_POINT('',#146);
#146 = CARTESIAN_POINT('',(-1.600000075996E-02,52.830001831055,0.));
#147 = LINE('',#148,#149);
#148 = CARTESIAN_POINT('',(-1.600000075996E-02,52.830001831055,0.));
#149 = VECTOR('',#150,1.);
#150 = DIRECTION('',(0.,0.,1.));
#151 = ORIENTED_EDGE('',*,*,#152,.F.);
#152 = EDGE_CURVE('',#113,#145,#153,.T.);
#153 = LINE('',#154,#155);
#154 = CARTESIAN_POINT('',(-1.600000075996E-02,0.490000009537,0.));
#155 = VECTOR('',#156,1.);
#156 = DIRECTION('',(0.,1.,0.));
#157 = PLANE('',#158);
#158 = AXIS2_PLACEMENT_3D('',#159,#160,#161);
#159 = CARTESIAN_POINT('',(-1.600000075996E-02,0.490000009537,0.));
#160 = DIRECTION('',(-1.,0.,0.));
#161 = DIRECTION('',(0.,1.,0.));
#162 = ADVANCED_FACE('',(#163),#190,.T.);
#163 = FACE_BOUND('',#164,.T.);
#164 = EDGE_LOOP('',(#165,#166,#175,#183));
#165 = ORIENTED_EDGE('',*,*,#144,.T.);
#166 = ORIENTED_EDGE('',*,*,#167,.T.);
#167 = EDGE_CURVE('',#137,#168,#170,.T.);
#168 = VERTEX_POINT('',#169);
#169 = CARTESIAN_POINT('',(0.490000009537,53.337001800537,1.61544));
#170 = CIRCLE('',#171,0.505313695647);
#171 = AXIS2_PLACEMENT_3D('',#172,#173,#174);
#172 = CARTESIAN_POINT('',(0.489310879692,52.831688574797,1.61544));
#173 = DIRECTION('',(0.,0.,-1.));
#174 = DIRECTION('',(-0.999994428819,-3.33801311289E-03,-0.));
#175 = ORIENTED_EDGE('',*,*,#176,.F.);
#176 = EDGE_CURVE('',#177,#168,#179,.T.);
#177 = VERTEX_POINT('',#178);
#178 = CARTESIAN_POINT('',(0.490000009537,53.337001800537,0.));
#179 = LINE('',#180,#181);
#180 = CARTESIAN_POINT('',(0.490000009537,53.337001800537,0.));
#181 = VECTOR('',#182,1.);
#182 = DIRECTION('',(0.,0.,1.));
#183 = ORIENTED_EDGE('',*,*,#184,.F.);
#184 = EDGE_CURVE('',#145,#177,#185,.T.);
#185 = CIRCLE('',#186,0.505313695647);
#186 = AXIS2_PLACEMENT_3D('',#187,#188,#189);
#187 = CARTESIAN_POINT('',(0.489310879692,52.831688574797,0.));
#188 = DIRECTION('',(0.,0.,-1.));
#189 = DIRECTION('',(-0.999994428819,-3.33801311289E-03,-0.));
#190 = CYLINDRICAL_SURFACE('',#191,0.505313695647);
#191 = AXIS2_PLACEMENT_3D('',#192,#193,#194);
#192 = CARTESIAN_POINT('',(0.489310879692,52.831688574797,0.));
#193 = DIRECTION('',(0.,0.,-1.));
#194 = DIRECTION('',(-0.999994428819,-3.33801311289E-03,-0.));
#195 = ADVANCED_FACE('',(#196),#221,.T.);
#196 = FACE_BOUND('',#197,.T.);
#197 = EDGE_LOOP('',(#198,#199,#207,#215));
#198 = ORIENTED_EDGE('',*,*,#176,.T.);
#199 = ORIENTED_EDGE('',*,*,#200,.T.);
#200 = EDGE_CURVE('',#168,#201,#203,.T.);
#201 = VERTEX_POINT('',#202);
#202 = CARTESIAN_POINT('',(65.529998779297,53.337001800537,1.61544));
#203 = LINE('',#204,#205);
#204 = CARTESIAN_POINT('',(0.490000009537,53.337001800537,1.61544));
#205 = VECTOR('',#206,1.);
#206 = DIRECTION('',(1.,0.,0.));
#207 = ORIENTED_EDGE('',*,*,#208,.F.);
#208 = EDGE_CURVE('',#209,#201,#211,.T.);
#209 = VERTEX_POINT('',#210);
#210 = CARTESIAN_POINT('',(65.529998779297,53.337001800537,0.));
#211 = LINE('',#212,#213);
#212 = CARTESIAN_POINT('',(65.529998779297,53.337001800537,0.));
#213 = VECTOR('',#214,1.);
#214 = DIRECTION('',(0.,0.,1.));
#215 = ORIENTED_EDGE('',*,*,#216,.F.);
#216 = EDGE_CURVE('',#177,#209,#217,.T.);
#217 = LINE('',#218,#219);
#218 = CARTESIAN_POINT('',(0.490000009537,53.337001800537,0.));
#219 = VECTOR('',#220,1.);
#220 = DIRECTION('',(1.,0.,0.));
#221 = PLANE('',#222);
#222 = AXIS2_PLACEMENT_3D('',#223,#224,#225);
#223 = CARTESIAN_POINT('',(0.490000009537,53.337001800537,0.));
#224 = DIRECTION('',(0.,1.,0.));
#225 = DIRECTION('',(1.,0.,0.));
#226 = ADVANCED_FACE('',(#227),#254,.T.);
#227 = FACE_BOUND('',#228,.T.);
#228 = EDGE_LOOP('',(#229,#230,#239,#247));
#229 = ORIENTED_EDGE('',*,*,#208,.T.);
#230 = ORIENTED_EDGE('',*,*,#231,.T.);
#231 = EDGE_CURVE('',#201,#232,#234,.T.);
#232 = VERTEX_POINT('',#233);
#233 = CARTESIAN_POINT('',(66.037002563477,52.830001831055,1.61544));
#234 = CIRCLE('',#235,0.505322131625);
#235 = AXIS2_PLACEMENT_3D('',#236,#237,#238);
#236 = CARTESIAN_POINT('',(65.53168322668,52.8316824764,1.61544));
#237 = DIRECTION('',(0.,0.,-1.));
#238 = DIRECTION('',(-3.333413039772E-03,0.999994444163,0.));
#239 = ORIENTED_EDGE('',*,*,#240,.F.);
#240 = EDGE_CURVE('',#241,#232,#243,.T.);
#241 = VERTEX_POINT('',#242);
#242 = CARTESIAN_POINT('',(66.037002563477,52.830001831055,0.));
#243 = LINE('',#244,#245);
#244 = CARTESIAN_POINT('',(66.037002563477,52.830001831055,0.));
#245 = VECTOR('',#246,1.);
#246 = DIRECTION('',(0.,0.,1.));
#247 = ORIENTED_EDGE('',*,*,#248,.F.);
#248 = EDGE_CURVE('',#209,#241,#249,.T.);
#249 = CIRCLE('',#250,0.505322131625);
#250 = AXIS2_PLACEMENT_3D('',#251,#252,#253);
#251 = CARTESIAN_POINT('',(65.53168322668,52.8316824764,0.));
#252 = DIRECTION('',(0.,0.,-1.));
#253 = DIRECTION('',(-3.333413039772E-03,0.999994444163,0.));
#254 = CYLINDRICAL_SURFACE('',#255,0.505322131625);
#255 = AXIS2_PLACEMENT_3D('',#256,#257,#258);
#256 = CARTESIAN_POINT('',(65.53168322668,52.8316824764,0.));
#257 = DIRECTION('',(0.,0.,-1.));
#258 = DIRECTION('',(-3.333413039772E-03,0.999994444163,0.));
#259 = ADVANCED_FACE('',(#260),#285,.T.);
#260 = FACE_BOUND('',#261,.T.);
#261 = EDGE_LOOP('',(#262,#263,#271,#279));
#262 = ORIENTED_EDGE('',*,*,#240,.T.);
#263 = ORIENTED_EDGE('',*,*,#264,.T.);
#264 = EDGE_CURVE('',#232,#265,#267,.T.);
#265 = VERTEX_POINT('',#266);
#266 = CARTESIAN_POINT('',(66.037002563477,40.632999420166,1.61544));
#267 = LINE('',#268,#269);
#268 = CARTESIAN_POINT('',(66.037002563477,52.830001831055,1.61544));
#269 = VECTOR('',#270,1.);
#270 = DIRECTION('',(0.,-1.,0.));
#271 = ORIENTED_EDGE('',*,*,#272,.F.);
#272 = EDGE_CURVE('',#273,#265,#275,.T.);
#273 = VERTEX_POINT('',#274);
#274 = CARTESIAN_POINT('',(66.037002563477,40.632999420166,0.));
#275 = LINE('',#276,#277);
#276 = CARTESIAN_POINT('',(66.037002563477,40.632999420166,0.));
#277 = VECTOR('',#278,1.);
#278 = DIRECTION('',(0.,0.,1.));
#279 = ORIENTED_EDGE('',*,*,#280,.F.);
#280 = EDGE_CURVE('',#241,#273,#281,.T.);
#281 = LINE('',#282,#283);
#282 = CARTESIAN_POINT('',(66.037002563477,52.830001831055,0.));
#283 = VECTOR('',#284,1.);
#284 = DIRECTION('',(0.,-1.,0.));
#285 = PLANE('',#286);
#286 = AXIS2_PLACEMENT_3D('',#287,#288,#289);
#287 = CARTESIAN_POINT('',(66.037002563477,52.830001831055,0.));
#288 = DIRECTION('',(1.,0.,-0.));
#289 = DIRECTION('',(0.,-1.,0.));
#290 = ADVANCED_FACE('',(#291),#316,.T.);
#291 = FACE_BOUND('',#292,.T.);
#292 = EDGE_LOOP('',(#293,#294,#302,#310));
#293 = ORIENTED_EDGE('',*,*,#272,.T.);
#294 = ORIENTED_EDGE('',*,*,#295,.T.);
#295 = EDGE_CURVE('',#265,#296,#298,.T.);
#296 = VERTEX_POINT('',#297);
#297 = CARTESIAN_POINT('',(68.429000854492,38.242000579834,1.61544));
#298 = LINE('',#299,#300);
#299 = CARTESIAN_POINT('',(66.037002563477,40.632999420166,1.61544));
#300 = VECTOR('',#301,1.);
#301 = DIRECTION('',(0.707254522129,-0.706959009369,0.));
#302 = ORIENTED_EDGE('',*,*,#303,.F.);
#303 = EDGE_CURVE('',#304,#296,#306,.T.);
#304 = VERTEX_POINT('',#305);
#305 = CARTESIAN_POINT('',(68.429000854492,38.242000579834,0.));
#306 = LINE('',#307,#308);
#307 = CARTESIAN_POINT('',(68.429000854492,38.242000579834,0.));
#308 = VECTOR('',#309,1.);
#309 = DIRECTION('',(0.,0.,1.));
#310 = ORIENTED_EDGE('',*,*,#311,.F.);
#311 = EDGE_CURVE('',#273,#304,#312,.T.);
#312 = LINE('',#313,#314);
#313 = CARTESIAN_POINT('',(66.037002563477,40.632999420166,0.));
#314 = VECTOR('',#315,1.);
#315 = DIRECTION('',(0.707254522129,-0.706959009369,0.));
#316 = PLANE('',#317);
#317 = AXIS2_PLACEMENT_3D('',#318,#319,#320);
#318 = CARTESIAN_POINT('',(66.037002563477,40.632999420166,0.));
#319 = DIRECTION('',(0.706959009369,0.707254522129,-0.));
#320 = DIRECTION('',(0.707254522129,-0.706959009369,0.));
#321 = ADVANCED_FACE('',(#322),#349,.T.);
#322 = FACE_BOUND('',#323,.T.);
#323 = EDGE_LOOP('',(#324,#325,#334,#342));
#324 = ORIENTED_EDGE('',*,*,#303,.T.);
#325 = ORIENTED_EDGE('',*,*,#326,.T.);
#326 = EDGE_CURVE('',#296,#327,#329,.T.);
#327 = VERTEX_POINT('',#328);
#328 = CARTESIAN_POINT('',(68.577003479004,37.882999420166,1.61544));
#329 = CIRCLE('',#330,0.50507975802);
#330 = AXIS2_PLACEMENT_3D('',#331,#332,#333);
#331 = CARTESIAN_POINT('',(68.071926873446,37.884783931256,1.61544));
#332 = DIRECTION('',(0.,0.,-1.));
#333 = DIRECTION('',(0.706965534406,0.707247999759,0.));
#334 = ORIENTED_EDGE('',*,*,#335,.F.);
#335 = EDGE_CURVE('',#336,#327,#338,.T.);
#336 = VERTEX_POINT('',#337);
#337 = CARTESIAN_POINT('',(68.577003479004,37.882999420166,0.));
#338 = LINE('',#339,#340);
#339 = CARTESIAN_POINT('',(68.577003479004,37.882999420166,0.));
#340 = VECTOR('',#341,1.);
#341 = DIRECTION('',(0.,0.,1.));
#342 = ORIENTED_EDGE('',*,*,#343,.F.);
#343 = EDGE_CURVE('',#304,#336,#344,.T.);
#344 = CIRCLE('',#345,0.50507975802);
#345 = AXIS2_PLACEMENT_3D('',#346,#347,#348);
#346 = CARTESIAN_POINT('',(68.071926873446,37.884783931256,0.));
#347 = DIRECTION('',(0.,0.,-1.));
#348 = DIRECTION('',(0.706965534406,0.707247999759,0.));
#349 = CYLINDRICAL_SURFACE('',#350,0.50507975802);
#350 = AXIS2_PLACEMENT_3D('',#351,#352,#353);
#351 = CARTESIAN_POINT('',(68.071926873446,37.884783931256,0.));
#352 = DIRECTION('',(0.,0.,-1.));
#353 = DIRECTION('',(0.706965534406,0.707247999759,0.));
#354 = ADVANCED_FACE('',(#355),#380,.T.);
#355 = FACE_BOUND('',#356,.T.);
#356 = EDGE_LOOP('',(#357,#358,#366,#374));
#357 = ORIENTED_EDGE('',*,*,#335,.T.);
#358 = ORIENTED_EDGE('',*,*,#359,.T.);
#359 = EDGE_CURVE('',#327,#360,#362,.T.);
#360 = VERTEX_POINT('',#361);
#361 = CARTESIAN_POINT('',(68.577003479004,4.006999969482,1.61544));
#362 = LINE('',#363,#364);
#363 = CARTESIAN_POINT('',(68.577003479004,37.882999420166,1.61544));
#364 = VECTOR('',#365,1.);
#365 = DIRECTION('',(0.,-1.,0.));
#366 = ORIENTED_EDGE('',*,*,#367,.F.);
#367 = EDGE_CURVE('',#368,#360,#370,.T.);
#368 = VERTEX_POINT('',#369);
#369 = CARTESIAN_POINT('',(68.577003479004,4.006999969482,0.));
#370 = LINE('',#371,#372);
#371 = CARTESIAN_POINT('',(68.577003479004,4.006999969482,0.));
#372 = VECTOR('',#373,1.);
#373 = DIRECTION('',(0.,0.,1.));
#374 = ORIENTED_EDGE('',*,*,#375,.F.);
#375 = EDGE_CURVE('',#336,#368,#376,.T.);
#376 = LINE('',#377,#378);
#377 = CARTESIAN_POINT('',(68.577003479004,37.882999420166,0.));
#378 = VECTOR('',#379,1.);
#379 = DIRECTION('',(0.,-1.,0.));
#380 = PLANE('',#381);
#381 = AXIS2_PLACEMENT_3D('',#382,#383,#384);
#382 = CARTESIAN_POINT('',(68.577003479004,37.882999420166,0.));
#383 = DIRECTION('',(1.,0.,-0.));
#384 = DIRECTION('',(0.,-1.,0.));
#385 = ADVANCED_FACE('',(#386),#413,.T.);
#386 = FACE_BOUND('',#387,.T.);
#387 = EDGE_LOOP('',(#388,#389,#398,#406));
#388 = ORIENTED_EDGE('',*,*,#367,.T.);
#389 = ORIENTED_EDGE('',*,*,#390,.T.);
#390 = EDGE_CURVE('',#360,#391,#393,.T.);
#391 = VERTEX_POINT('',#392);
#392 = CARTESIAN_POINT('',(68.429000854492,3.648999929428,1.61544));
#393 = CIRCLE('',#394,0.505058666643);
#394 = AXIS2_PLACEMENT_3D('',#395,#396,#397);
#395 = CARTESIAN_POINT('',(68.071945437516,4.006205312869,1.61544));
#396 = DIRECTION('',(0.,0.,-1.));
#397 = DIRECTION('',(0.999998762214,1.573394669559E-03,0.));
#398 = ORIENTED_EDGE('',*,*,#399,.F.);
#399 = EDGE_CURVE('',#400,#391,#402,.T.);
#400 = VERTEX_POINT('',#401);
#401 = CARTESIAN_POINT('',(68.429000854492,3.648999929428,0.));
#402 = LINE('',#403,#404);
#403 = CARTESIAN_POINT('',(68.429000854492,3.648999929428,0.));
#404 = VECTOR('',#405,1.);
#405 = DIRECTION('',(0.,0.,1.));
#406 = ORIENTED_EDGE('',*,*,#407,.F.);
#407 = EDGE_CURVE('',#368,#400,#408,.T.);
#408 = CIRCLE('',#409,0.505058666643);
#409 = AXIS2_PLACEMENT_3D('',#410,#411,#412);
#410 = CARTESIAN_POINT('',(68.071945437516,4.006205312869,0.));
#411 = DIRECTION('',(0.,0.,-1.));
#412 = DIRECTION('',(0.999998762214,1.573394669559E-03,0.));
#413 = CYLINDRICAL_SURFACE('',#414,0.505058666643);
#414 = AXIS2_PLACEMENT_3D('',#415,#416,#417);
#415 = CARTESIAN_POINT('',(68.071945437516,4.006205312869,0.));
#416 = DIRECTION('',(0.,0.,-1.));
#417 = DIRECTION('',(0.999998762214,1.573394669559E-03,0.));
#418 = ADVANCED_FACE('',(#419),#444,.T.);
#419 = FACE_BOUND('',#420,.T.);
#420 = EDGE_LOOP('',(#421,#422,#430,#438));
#421 = ORIENTED_EDGE('',*,*,#399,.T.);
#422 = ORIENTED_EDGE('',*,*,#423,.T.);
#423 = EDGE_CURVE('',#391,#424,#426,.T.);
#424 = VERTEX_POINT('',#425);
#425 = CARTESIAN_POINT('',(66.037002563477,1.258000016212,1.61544));
#426 = LINE('',#427,#428);
#427 = CARTESIAN_POINT('',(68.429000854492,3.648999929428,1.61544));
#428 = VECTOR('',#429,1.);
#429 = DIRECTION('',(-0.707254363516,-0.706959168048,0.));
#430 = ORIENTED_EDGE('',*,*,#431,.F.);
#431 = EDGE_CURVE('',#432,#424,#434,.T.);
#432 = VERTEX_POINT('',#433);
#433 = CARTESIAN_POINT('',(66.037002563477,1.258000016212,0.));
#434 = LINE('',#435,#436);
#435 = CARTESIAN_POINT('',(66.037002563477,1.258000016212,0.));
#436 = VECTOR('',#437,1.);
#437 = DIRECTION('',(0.,0.,1.));
#438 = ORIENTED_EDGE('',*,*,#439,.F.);
#439 = EDGE_CURVE('',#400,#432,#440,.T.);
#440 = LINE('',#441,#442);
#441 = CARTESIAN_POINT('',(68.429000854492,3.648999929428,0.));
#442 = VECTOR('',#443,1.);
#443 = DIRECTION('',(-0.707254363516,-0.706959168048,0.));
#444 = PLANE('',#445);
#445 = AXIS2_PLACEMENT_3D('',#446,#447,#448);
#446 = CARTESIAN_POINT('',(68.429000854492,3.648999929428,0.));
#447 = DIRECTION('',(0.706959168048,-0.707254363516,0.));
#448 = DIRECTION('',(-0.707254363516,-0.706959168048,0.));
#449 = ADVANCED_FACE('',(#450),#475,.T.);
#450 = FACE_BOUND('',#451,.T.);
#451 = EDGE_LOOP('',(#452,#453,#461,#469));
#452 = ORIENTED_EDGE('',*,*,#431,.T.);
#453 = ORIENTED_EDGE('',*,*,#454,.T.);
#454 = EDGE_CURVE('',#424,#455,#457,.T.);
#455 = VERTEX_POINT('',#456);
#456 = CARTESIAN_POINT('',(66.037002563477,0.490000009537,1.61544));
#457 = LINE('',#458,#459);
#458 = CARTESIAN_POINT('',(66.037002563477,1.258000016212,1.61544));
#459 = VECTOR('',#460,1.);
#460 = DIRECTION('',(0.,-1.,0.));
#461 = ORIENTED_EDGE('',*,*,#462,.F.);
#462 = EDGE_CURVE('',#463,#455,#465,.T.);
#463 = VERTEX_POINT('',#464);
#464 = CARTESIAN_POINT('',(66.037002563477,0.490000009537,0.));
#465 = LINE('',#466,#467);
#466 = CARTESIAN_POINT('',(66.037002563477,0.490000009537,0.));
#467 = VECTOR('',#468,1.);
#468 = DIRECTION('',(0.,0.,1.));
#469 = ORIENTED_EDGE('',*,*,#470,.F.);
#470 = EDGE_CURVE('',#432,#463,#471,.T.);
#471 = LINE('',#472,#473);
#472 = CARTESIAN_POINT('',(66.037002563477,1.258000016212,0.));
#473 = VECTOR('',#474,1.);
#474 = DIRECTION('',(0.,-1.,0.));
#475 = PLANE('',#476);
#476 = AXIS2_PLACEMENT_3D('',#477,#478,#479);
#477 = CARTESIAN_POINT('',(66.037002563477,1.258000016212,0.));
#478 = DIRECTION('',(1.,0.,-0.));
#479 = DIRECTION('',(0.,-1.,0.));
#480 = ADVANCED_FACE('',(#481),#508,.T.);
#481 = FACE_BOUND('',#482,.T.);
#482 = EDGE_LOOP('',(#483,#484,#493,#501));
#483 = ORIENTED_EDGE('',*,*,#462,.T.);
#484 = ORIENTED_EDGE('',*,*,#485,.T.);
#485 = EDGE_CURVE('',#455,#486,#488,.T.);
#486 = VERTEX_POINT('',#487);
#487 = CARTESIAN_POINT('',(65.529998779297,-1.600000075996E-02,1.61544)
  );
#488 = CIRCLE('',#489,0.505313717264);
#489 = AXIS2_PLACEMENT_3D('',#490,#491,#492);
#490 = CARTESIAN_POINT('',(65.531689316107,0.489310888634,1.61544));
#491 = DIRECTION('',(0.,0.,-1.));
#492 = DIRECTION('',(0.999999070094,1.363748655069E-03,0.));
#493 = ORIENTED_EDGE('',*,*,#494,.F.);
#494 = EDGE_CURVE('',#495,#486,#497,.T.);
#495 = VERTEX_POINT('',#496);
#496 = CARTESIAN_POINT('',(65.529998779297,-1.600000075996E-02,0.));
#497 = LINE('',#498,#499);
#498 = CARTESIAN_POINT('',(65.529998779297,-1.600000075996E-02,0.));
#499 = VECTOR('',#500,1.);
#500 = DIRECTION('',(0.,0.,1.));
#501 = ORIENTED_EDGE('',*,*,#502,.F.);
#502 = EDGE_CURVE('',#463,#495,#503,.T.);
#503 = CIRCLE('',#504,0.505313717264);
#504 = AXIS2_PLACEMENT_3D('',#505,#506,#507);
#505 = CARTESIAN_POINT('',(65.531689316107,0.489310888634,0.));
#506 = DIRECTION('',(0.,0.,-1.));
#507 = DIRECTION('',(0.999999070094,1.363748655069E-03,0.));
#508 = CYLINDRICAL_SURFACE('',#509,0.505313717264);
#509 = AXIS2_PLACEMENT_3D('',#510,#511,#512);
#510 = CARTESIAN_POINT('',(65.531689316107,0.489310888634,0.));
#511 = DIRECTION('',(0.,0.,-1.));
#512 = DIRECTION('',(0.999999070094,1.363748655069E-03,0.));
#513 = ADVANCED_FACE('',(#514),#530,.T.);
#514 = FACE_BOUND('',#515,.T.);
#515 = EDGE_LOOP('',(#516,#517,#523,#524));
#516 = ORIENTED_EDGE('',*,*,#494,.T.);
#517 = ORIENTED_EDGE('',*,*,#518,.T.);
#518 = EDGE_CURVE('',#486,#96,#519,.T.);
#519 = LINE('',#520,#521);
#520 = CARTESIAN_POINT('',(65.529998779297,-1.600000075996E-02,1.61544)
  );
#521 = VECTOR('',#522,1.);
#522 = DIRECTION('',(-1.,0.,0.));
#523 = ORIENTED_EDGE('',*,*,#93,.F.);
#524 = ORIENTED_EDGE('',*,*,#525,.F.);
#525 = EDGE_CURVE('',#495,#94,#526,.T.);
#526 = LINE('',#527,#528);
#527 = CARTESIAN_POINT('',(65.529998779297,-1.600000075996E-02,0.));
#528 = VECTOR('',#529,1.);
#529 = DIRECTION('',(-1.,0.,0.));
#530 = PLANE('',#531);
#531 = AXIS2_PLACEMENT_3D('',#532,#533,#534);
#532 = CARTESIAN_POINT('',(65.529998779297,-1.600000075996E-02,0.));
#533 = DIRECTION('',(0.,-1.,0.));
#534 = DIRECTION('',(-1.,0.,0.));
#535 = ADVANCED_FACE('',(#536),#552,.T.);
#536 = FACE_BOUND('',#537,.T.);
#537 = EDGE_LOOP('',(#538,#539,#540,#541,#542,#543,#544,#545,#546,#547,
    #548,#549,#550,#551));
#538 = ORIENTED_EDGE('',*,*,#120,.T.);
#539 = ORIENTED_EDGE('',*,*,#152,.T.);
#540 = ORIENTED_EDGE('',*,*,#184,.T.);
#541 = ORIENTED_EDGE('',*,*,#216,.T.);
#542 = ORIENTED_EDGE('',*,*,#248,.T.);
#543 = ORIENTED_EDGE('',*,*,#280,.T.);
#544 = ORIENTED_EDGE('',*,*,#311,.T.);
#545 = ORIENTED_EDGE('',*,*,#343,.T.);
#546 = ORIENTED_EDGE('',*,*,#375,.T.);
#547 = ORIENTED_EDGE('',*,*,#407,.T.);
#548 = ORIENTED_EDGE('',*,*,#439,.T.);
#549 = ORIENTED_EDGE('',*,*,#470,.T.);
#550 = ORIENTED_EDGE('',*,*,#502,.T.);
#551 = ORIENTED_EDGE('',*,*,#525,.T.);
#552 = PLANE('',#553);
#553 = AXIS2_PLACEMENT_3D('',#554,#555,#556);
#554 = CARTESIAN_POINT('',(33.694386889246,26.611454823315,0.));
#555 = DIRECTION('',(-0.,-0.,-1.));
#556 = DIRECTION('',(-1.,0.,0.));
#557 = ADVANCED_FACE('',(#558),#574,.F.);
#558 = FACE_BOUND('',#559,.F.);
#559 = EDGE_LOOP('',(#560,#561,#562,#563,#564,#565,#566,#567,#568,#569,
    #570,#571,#572,#573));
#560 = ORIENTED_EDGE('',*,*,#103,.T.);
#561 = ORIENTED_EDGE('',*,*,#136,.T.);
#562 = ORIENTED_EDGE('',*,*,#167,.T.);
#563 = ORIENTED_EDGE('',*,*,#200,.T.);
#564 = ORIENTED_EDGE('',*,*,#231,.T.);
#565 = ORIENTED_EDGE('',*,*,#264,.T.);
#566 = ORIENTED_EDGE('',*,*,#295,.T.);
#567 = ORIENTED_EDGE('',*,*,#326,.T.);
#568 = ORIENTED_EDGE('',*,*,#359,.T.);
#569 = ORIENTED_EDGE('',*,*,#390,.T.);
#570 = ORIENTED_EDGE('',*,*,#423,.T.);
#571 = ORIENTED_EDGE('',*,*,#454,.T.);
#572 = ORIENTED_EDGE('',*,*,#485,.T.);
#573 = ORIENTED_EDGE('',*,*,#518,.T.);
#574 = PLANE('',#575);
#575 = AXIS2_PLACEMENT_3D('',#576,#577,#578);
#576 = CARTESIAN_POINT('',(33.694386889246,26.611454823315,1.61544));
#577 = DIRECTION('',(-0.,-0.,-1.));
#578 = DIRECTION('',(-1.,0.,0.));
#579 = ( GEOMETRIC_REPRESENTATION_CONTEXT(3) 
GLOBAL_UNCERTAINTY_ASSIGNED_CONTEXT((#583)) GLOBAL_UNIT_ASSIGNED_CONTEXT
((#580,#581,#582)) REPRESENTATION_CONTEXT('Context #1',
  '3D Context with UNIT and UNCERTAINTY') );
#580 = ( LENGTH_UNIT() NAMED_UNIT(*) SI_UNIT(.MILLI.,.METRE.) );
#581 = ( NAMED_UNIT(*) PLANE_ANGLE_UNIT() SI_UNIT($,.RADIAN.) );
#582 = ( NAMED_UNIT(*) SI_UNIT($,.STERADIAN.) SOLID_ANGLE_UNIT() );
#583 = UNCERTAINTY_MEASURE_WITH_UNIT(LENGTH_MEASURE(1.E-07),#580,
  'distance_accuracy_value','confusion accuracy');
#584 = SHAPE_DEFINITION_REPRESENTATION(#585,#86);
#585 = PRODUCT_DEFINITION_SHAPE('','',#586);
#586 = PRODUCT_DEFINITION('design','',#587,#590);
#587 = PRODUCT_DEFINITION_FORMATION('','',#588);
#588 = PRODUCT('Open CASCADE STEP translator 7.5 1.1.1',
  'Open CASCADE STEP translator 7.5 1.1.1','',(#589));
#589 = PRODUCT_CONTEXT('',#2,'mechanical');
#590 = PRODUCT_DEFINITION_CONTEXT('part definition',#2,'design');
#591 = CONTEXT_DEPENDENT_SHAPE_REPRESENTATION(#592,#594);
#592 = ( REPRESENTATION_RELATIONSHIP('','',#86,#76) 
REPRESENTATION_RELATIONSHIP_WITH_TRANSFORMATION(#593) 
SHAPE_REPRESENTATION_RELATIONSHIP() );
#593 = ITEM_DEFINED_TRANSFORMATION('','',#11,#77);
#594 = PRODUCT_DEFINITION_SHAPE('Placement','Placement of an item',#595
  );
#595 = NEXT_ASSEMBLY_USAGE_OCCURRENCE('1','','',#71,#586,$);
#596 = PRODUCT_RELATED_PRODUCT_CATEGORY('part',$,(#588));
#597 = CONTEXT_DEPENDENT_SHAPE_REPRESENTATION(#598,#600);
#598 = ( REPRESENTATION_RELATIONSHIP('','',#76,#10) 
REPRESENTATION_RELATIONSHIP_WITH_TRANSFORMATION(#599) 
SHAPE_REPRESENTATION_RELATIONSHIP() );
#599 = ITEM_DEFINED_TRANSFORMATION('','',#11,#15);
#600 = PRODUCT_DEFINITION_SHAPE('Placement','Placement of an item',#601
  );
#601 = NEXT_ASSEMBLY_USAGE_OCCURRENCE('2','','',#5,#71,$);
#602 = PRODUCT_RELATED_PRODUCT_CATEGORY('part',$,(#73));
#603 = SHAPE_DEFINITION_REPRESENTATION(#604,#610);
#604 = PRODUCT_DEFINITION_SHAPE('','',#605);
#605 = PRODUCT_DEFINITION('design','',#606,#609);
#606 = PRODUCT_DEFINITION_FORMATION('','',#607);
#607 = PRODUCT('U1','U1','',(#608));
#608 = PRODUCT_CONTEXT('',#2,'mechanical');
#609 = PRODUCT_DEFINITION_CONTEXT('part definition',#2,'design');
#610 = SHAPE_REPRESENTATION('',(#11,#611),#615);
#611 = AXIS2_PLACEMENT_3D('',#612,#613,#614);
#612 = CARTESIAN_POINT('',(16.764000686646,14.572000297546,0.));
#613 = DIRECTION('',(0.,0.,1.));
#614 = DIRECTION('',(-4.371138828674E-08,1.,0.));
#615 = ( GEOMETRIC_REPRESENTATION_CONTEXT(3) 
GLOBAL_UNCERTAINTY_ASSIGNED_CONTEXT((#619)) GLOBAL_UNIT_ASSIGNED_CONTEXT
((#616,#617,#618)) REPRESENTATION_CONTEXT('Context #1',
  '3D Context with UNIT and UNCERTAINTY') );
#616 = ( LENGTH_UNIT() NAMED_UNIT(*) SI_UNIT(.MILLI.,.METRE.) );
#617 = ( NAMED_UNIT(*) PLANE_ANGLE_UNIT() SI_UNIT($,.RADIAN.) );
#618 = ( NAMED_UNIT(*) SI_UNIT($,.STERADIAN.) SOLID_ANGLE_UNIT() );
#619 = UNCERTAINTY_MEASURE_WITH_UNIT(LENGTH_MEASURE(1.E-07),#616,
  'distance_accuracy_value','confusion accuracy');
#620 = SHAPE_DEFINITION_REPRESENTATION(#621,#627);
#621 = PRODUCT_DEFINITION_SHAPE('','',#622);
#622 = PRODUCT_DEFINITION('design','',#623,#626);
#623 = PRODUCT_DEFINITION_FORMATION('','',#624);
#624 = PRODUCT('DDC0006A','DDC0006A','',(#625));
#625 = PRODUCT_CONTEXT('',#2,'mechanical');
#626 = PRODUCT_DEFINITION_CONTEXT('part definition',#2,'design');
#627 = SHAPE_REPRESENTATION('',(#11,#628,#632,#636,#640,#644,#648,#652),
  #656);
#628 = AXIS2_PLACEMENT_3D('',#629,#630,#631);
#629 = CARTESIAN_POINT('',(0.,0.,0.73));
#630 = DIRECTION('',(1.,0.,0.));
#631 = DIRECTION('',(0.,1.,0.));
#632 = AXIS2_PLACEMENT_3D('',#633,#634,#635);
#633 = CARTESIAN_POINT('',(0.940931658413,0.95,0.25));
#634 = DIRECTION('',(1.,0.,0.));
#635 = DIRECTION('',(0.,1.,0.));
#636 = AXIS2_PLACEMENT_3D('',#637,#638,#639);
#637 = CARTESIAN_POINT('',(0.940931658413,0.,0.25));
#638 = DIRECTION('',(1.,0.,0.));
#639 = DIRECTION('',(0.,1.,0.));
#640 = AXIS2_PLACEMENT_3D('',#641,#642,#643);
#641 = CARTESIAN_POINT('',(0.940931658413,-0.95,0.25));
#642 = DIRECTION('',(1.,0.,0.));
#643 = DIRECTION('',(0.,1.,0.));
#644 = AXIS2_PLACEMENT_3D('',#645,#646,#647);
#645 = CARTESIAN_POINT('',(-0.940931658413,0.95,0.25));
#646 = DIRECTION('',(-1.,0.,0.));
#647 = DIRECTION('',(0.,-1.,0.));
#648 = AXIS2_PLACEMENT_3D('',#649,#650,#651);
#649 = CARTESIAN_POINT('',(-0.940931658413,0.,0.25));
#650 = DIRECTION('',(-1.,0.,0.));
#651 = DIRECTION('',(0.,-1.,0.));
#652 = AXIS2_PLACEMENT_3D('',#653,#654,#655);
#653 = CARTESIAN_POINT('',(-0.940931658413,-0.95,0.25));
#654 = DIRECTION('',(-1.,0.,0.));
#655 = DIRECTION('',(0.,-1.,0.));
#656 = ( GEOMETRIC_REPRESENTATION_CONTEXT(3) 
GLOBAL_UNCERTAINTY_ASSIGNED_CONTEXT((#660)) GLOBAL_UNIT_ASSIGNED_CONTEXT
((#657,#658,#659)) REPRESENTATION_CONTEXT('Context #1',
  '3D Context with UNIT and UNCERTAINTY') );
#657 = ( LENGTH_UNIT() NAMED_UNIT(*) SI_UNIT(.MILLI.,.METRE.) );
#658 = ( NAMED_UNIT(*) PLANE_ANGLE_UNIT() SI_UNIT($,.RADIAN.) );
#659 = ( NAMED_UNIT(*) SI_UNIT($,.STERADIAN.) SOLID_ANGLE_UNIT() );
#660 = UNCERTAINTY_MEASURE_WITH_UNIT(LENGTH_MEASURE(1.E-07),#657,
  'distance_accuracy_value','confusion accuracy');
#661 = ADVANCED_BREP_SHAPE_REPRESENTATION('',(#11,#662),#1004);
#662 = MANIFOLD_SOLID_BREP('',#663);
#663 = CLOSED_SHELL('',(#664,#704,#735,#766,#797,#814,#838,#862,#884,
    #896,#927,#951,#975,#992));
#664 = ADVANCED_FACE('',(#665),#699,.T.);
#665 = FACE_BOUND('',#666,.F.);
#666 = EDGE_LOOP('',(#667,#677,#685,#693));
#667 = ORIENTED_EDGE('',*,*,#668,.F.);
#668 = EDGE_CURVE('',#669,#671,#673,.T.);
#669 = VERTEX_POINT('',#670);
#670 = CARTESIAN_POINT('',(-1.420531705383,0.24,-0.75768152463));
#671 = VERTEX_POINT('',#672);
#672 = CARTESIAN_POINT('',(-1.420531705383,0.24,0.75768152463));
#673 = LINE('',#674,#675);
#674 = CARTESIAN_POINT('',(-1.420531705383,0.24,-0.75768152463));
#675 = VECTOR('',#676,1.);
#676 = DIRECTION('',(0.,0.,1.));
#677 = ORIENTED_EDGE('',*,*,#678,.F.);
#678 = EDGE_CURVE('',#679,#669,#681,.T.);
#679 = VERTEX_POINT('',#680);
#680 = CARTESIAN_POINT('',(1.420531705383,0.24,-0.75768152463));
#681 = LINE('',#682,#683);
#682 = CARTESIAN_POINT('',(1.420531705383,0.24,-0.75768152463));
#683 = VECTOR('',#684,1.);
#684 = DIRECTION('',(-1.,0.,0.));
#685 = ORIENTED_EDGE('',*,*,#686,.F.);
#686 = EDGE_CURVE('',#687,#679,#689,.T.);
#687 = VERTEX_POINT('',#688);
#688 = CARTESIAN_POINT('',(1.420531705383,0.24,0.75768152463));
#689 = LINE('',#690,#691);
#690 = CARTESIAN_POINT('',(1.420531705383,0.24,0.75768152463));
#691 = VECTOR('',#692,1.);
#692 = DIRECTION('',(0.,0.,-1.));
#693 = ORIENTED_EDGE('',*,*,#694,.F.);
#694 = EDGE_CURVE('',#671,#687,#695,.T.);
#695 = LINE('',#696,#697);
#696 = CARTESIAN_POINT('',(-1.420531705383,0.24,0.75768152463));
#697 = VECTOR('',#698,1.);
#698 = DIRECTION('',(1.,0.,0.));
#699 = PLANE('',#700);
#700 = AXIS2_PLACEMENT_3D('',#701,#702,#703);
#701 = CARTESIAN_POINT('',(0.,0.24,0.));
#702 = DIRECTION('',(0.,1.,0.));
#703 = DIRECTION('',(1.,0.,0.));
#704 = ADVANCED_FACE('',(#705),#730,.T.);
#705 = FACE_BOUND('',#706,.F.);
#706 = EDGE_LOOP('',(#707,#717,#723,#724));
#707 = ORIENTED_EDGE('',*,*,#708,.T.);
#708 = EDGE_CURVE('',#709,#711,#713,.T.);
#709 = VERTEX_POINT('',#710);
#710 = CARTESIAN_POINT('',(-1.45,0.,0.8));
#711 = VERTEX_POINT('',#712);
#712 = CARTESIAN_POINT('',(-1.45,0.,-0.8));
#713 = LINE('',#714,#715);
#714 = CARTESIAN_POINT('',(-1.45,0.,0.8));
#715 = VECTOR('',#716,1.);
#716 = DIRECTION('',(0.,0.,-1.));
#717 = ORIENTED_EDGE('',*,*,#718,.T.);
#718 = EDGE_CURVE('',#711,#669,#719,.T.);
#719 = LINE('',#720,#721);
#720 = CARTESIAN_POINT('',(-1.45,0.,-0.8));
#721 = VECTOR('',#722,1.);
#722 = DIRECTION('',(0.120044758076,0.977686096634,0.1723924375));
#723 = ORIENTED_EDGE('',*,*,#668,.T.);
#724 = ORIENTED_EDGE('',*,*,#725,.F.);
#725 = EDGE_CURVE('',#709,#671,#726,.T.);
#726 = LINE('',#727,#728);
#727 = CARTESIAN_POINT('',(-1.45,0.,0.8));
#728 = VECTOR('',#729,1.);
#729 = DIRECTION('',(0.120044758076,0.977686096634,-0.1723924375));
#730 = PLANE('',#731);
#731 = AXIS2_PLACEMENT_3D('',#732,#733,#734);
#732 = CARTESIAN_POINT('',(-1.45,0.,-0.8));
#733 = DIRECTION('',(-0.992546151641,0.121869343405,0.));
#734 = DIRECTION('',(0.,0.,1.));
#735 = ADVANCED_FACE('',(#736),#761,.T.);
#736 = FACE_BOUND('',#737,.F.);
#737 = EDGE_LOOP('',(#738,#739,#747,#755));
#738 = ORIENTED_EDGE('',*,*,#708,.F.);
#739 = ORIENTED_EDGE('',*,*,#740,.T.);
#740 = EDGE_CURVE('',#709,#741,#743,.T.);
#741 = VERTEX_POINT('',#742);
#742 = CARTESIAN_POINT('',(-1.45,-0.13,0.8));
#743 = LINE('',#744,#745);
#744 = CARTESIAN_POINT('',(-1.45,0.,0.8));
#745 = VECTOR('',#746,1.);
#746 = DIRECTION('',(0.,-1.,0.));
#747 = ORIENTED_EDGE('',*,*,#748,.T.);
#748 = EDGE_CURVE('',#741,#749,#751,.T.);
#749 = VERTEX_POINT('',#750);
#750 = CARTESIAN_POINT('',(-1.45,-0.13,-0.8));
#751 = LINE('',#752,#753);
#752 = CARTESIAN_POINT('',(-1.45,-0.13,0.8));
#753 = VECTOR('',#754,1.);
#754 = DIRECTION('',(0.,0.,-1.));
#755 = ORIENTED_EDGE('',*,*,#756,.F.);
#756 = EDGE_CURVE('',#711,#749,#757,.T.);
#757 = LINE('',#758,#759);
#758 = CARTESIAN_POINT('',(-1.45,0.,-0.8));
#759 = VECTOR('',#760,1.);
#760 = DIRECTION('',(0.,-1.,0.));
#761 = PLANE('',#762);
#762 = AXIS2_PLACEMENT_3D('',#763,#764,#765);
#763 = CARTESIAN_POINT('',(-1.45,0.,-0.8));
#764 = DIRECTION('',(-1.,0.,0.));
#765 = DIRECTION('',(0.,0.,1.));
#766 = ADVANCED_FACE('',(#767),#792,.T.);
#767 = FACE_BOUND('',#768,.F.);
#768 = EDGE_LOOP('',(#769,#777,#785,#791));
#769 = ORIENTED_EDGE('',*,*,#770,.T.);
#770 = EDGE_CURVE('',#709,#771,#773,.T.);
#771 = VERTEX_POINT('',#772);
#772 = CARTESIAN_POINT('',(1.45,0.,0.8));
#773 = LINE('',#774,#775);
#774 = CARTESIAN_POINT('',(-1.45,0.,0.8));
#775 = VECTOR('',#776,1.);
#776 = DIRECTION('',(1.,0.,0.));
#777 = ORIENTED_EDGE('',*,*,#778,.T.);
#778 = EDGE_CURVE('',#771,#779,#781,.T.);
#779 = VERTEX_POINT('',#780);
#780 = CARTESIAN_POINT('',(1.45,-0.13,0.8));
#781 = LINE('',#782,#783);
#782 = CARTESIAN_POINT('',(1.45,0.,0.8));
#783 = VECTOR('',#784,1.);
#784 = DIRECTION('',(0.,-1.,0.));
#785 = ORIENTED_EDGE('',*,*,#786,.T.);
#786 = EDGE_CURVE('',#779,#741,#787,.T.);
#787 = LINE('',#788,#789);
#788 = CARTESIAN_POINT('',(1.45,-0.13,0.8));
#789 = VECTOR('',#790,1.);
#790 = DIRECTION('',(-1.,0.,0.));
#791 = ORIENTED_EDGE('',*,*,#740,.F.);
#792 = PLANE('',#793);
#793 = AXIS2_PLACEMENT_3D('',#794,#795,#796);
#794 = CARTESIAN_POINT('',(-1.45,0.,0.8));
#795 = DIRECTION('',(0.,0.,1.));
#796 = DIRECTION('',(1.,0.,-0.));
#797 = ADVANCED_FACE('',(#798),#809,.T.);
#798 = FACE_BOUND('',#799,.F.);
#799 = EDGE_LOOP('',(#800,#801,#802,#803));
#800 = ORIENTED_EDGE('',*,*,#770,.F.);
#801 = ORIENTED_EDGE('',*,*,#725,.T.);
#802 = ORIENTED_EDGE('',*,*,#694,.T.);
#803 = ORIENTED_EDGE('',*,*,#804,.F.);
#804 = EDGE_CURVE('',#771,#687,#805,.T.);
#805 = LINE('',#806,#807);
#806 = CARTESIAN_POINT('',(1.45,0.,0.8));
#807 = VECTOR('',#808,1.);
#808 = DIRECTION('',(-0.120044758076,0.977686096634,-0.1723924375));
#809 = PLANE('',#810);
#810 = AXIS2_PLACEMENT_3D('',#811,#812,#813);
#811 = CARTESIAN_POINT('',(-1.45,0.,0.8));
#812 = DIRECTION('',(0.,0.173648177667,0.984807753012));
#813 = DIRECTION('',(1.,0.,-0.));
#814 = ADVANCED_FACE('',(#815),#833,.T.);
#815 = FACE_BOUND('',#816,.F.);
#816 = EDGE_LOOP('',(#817,#825,#826,#827));
#817 = ORIENTED_EDGE('',*,*,#818,.F.);
#818 = EDGE_CURVE('',#771,#819,#821,.T.);
#819 = VERTEX_POINT('',#820);
#820 = CARTESIAN_POINT('',(1.45,0.,-0.8));
#821 = LINE('',#822,#823);
#822 = CARTESIAN_POINT('',(1.45,0.,0.8));
#823 = VECTOR('',#824,1.);
#824 = DIRECTION('',(0.,0.,-1.));
#825 = ORIENTED_EDGE('',*,*,#804,.T.);
#826 = ORIENTED_EDGE('',*,*,#686,.T.);
#827 = ORIENTED_EDGE('',*,*,#828,.F.);
#828 = EDGE_CURVE('',#819,#679,#829,.T.);
#829 = LINE('',#830,#831);
#830 = CARTESIAN_POINT('',(1.45,0.,-0.8));
#831 = VECTOR('',#832,1.);
#832 = DIRECTION('',(-0.120044758076,0.977686096634,0.1723924375));
#833 = PLANE('',#834);
#834 = AXIS2_PLACEMENT_3D('',#835,#836,#837);
#835 = CARTESIAN_POINT('',(1.45,0.,0.8));
#836 = DIRECTION('',(0.992546151641,0.121869343405,0.));
#837 = DIRECTION('',(0.,0.,-1.));
#838 = ADVANCED_FACE('',(#839),#857,.T.);
#839 = FACE_BOUND('',#840,.F.);
#840 = EDGE_LOOP('',(#841,#842,#850,#856));
#841 = ORIENTED_EDGE('',*,*,#818,.T.);
#842 = ORIENTED_EDGE('',*,*,#843,.T.);
#843 = EDGE_CURVE('',#819,#844,#846,.T.);
#844 = VERTEX_POINT('',#845);
#845 = CARTESIAN_POINT('',(1.45,-0.13,-0.8));
#846 = LINE('',#847,#848);
#847 = CARTESIAN_POINT('',(1.45,0.,-0.8));
#848 = VECTOR('',#849,1.);
#849 = DIRECTION('',(0.,-1.,0.));
#850 = ORIENTED_EDGE('',*,*,#851,.F.);
#851 = EDGE_CURVE('',#779,#844,#852,.T.);
#852 = LINE('',#853,#854);
#853 = CARTESIAN_POINT('',(1.45,-0.13,0.8));
#854 = VECTOR('',#855,1.);
#855 = DIRECTION('',(0.,0.,-1.));
#856 = ORIENTED_EDGE('',*,*,#778,.F.);
#857 = PLANE('',#858);
#858 = AXIS2_PLACEMENT_3D('',#859,#860,#861);
#859 = CARTESIAN_POINT('',(1.45,0.,0.8));
#860 = DIRECTION('',(1.,0.,0.));
#861 = DIRECTION('',(0.,0.,-1.));
#862 = ADVANCED_FACE('',(#863),#879,.T.);
#863 = FACE_BOUND('',#864,.F.);
#864 = EDGE_LOOP('',(#865,#871,#872,#878));
#865 = ORIENTED_EDGE('',*,*,#866,.F.);
#866 = EDGE_CURVE('',#711,#819,#867,.T.);
#867 = LINE('',#868,#869);
#868 = CARTESIAN_POINT('',(-1.45,0.,-0.8));
#869 = VECTOR('',#870,1.);
#870 = DIRECTION('',(1.,0.,0.));
#871 = ORIENTED_EDGE('',*,*,#756,.T.);
#872 = ORIENTED_EDGE('',*,*,#873,.F.);
#873 = EDGE_CURVE('',#844,#749,#874,.T.);
#874 = LINE('',#875,#876);
#875 = CARTESIAN_POINT('',(1.45,-0.13,-0.8));
#876 = VECTOR('',#877,1.);
#877 = DIRECTION('',(-1.,0.,0.));
#878 = ORIENTED_EDGE('',*,*,#843,.F.);
#879 = PLANE('',#880);
#880 = AXIS2_PLACEMENT_3D('',#881,#882,#883);
#881 = CARTESIAN_POINT('',(1.45,0.,-0.8));
#882 = DIRECTION('',(0.,0.,-1.));
#883 = DIRECTION('',(-1.,0.,0.));
#884 = ADVANCED_FACE('',(#885),#891,.T.);
#885 = FACE_BOUND('',#886,.F.);
#886 = EDGE_LOOP('',(#887,#888,#889,#890));
#887 = ORIENTED_EDGE('',*,*,#866,.T.);
#888 = ORIENTED_EDGE('',*,*,#828,.T.);
#889 = ORIENTED_EDGE('',*,*,#678,.T.);
#890 = ORIENTED_EDGE('',*,*,#718,.F.);
#891 = PLANE('',#892);
#892 = AXIS2_PLACEMENT_3D('',#893,#894,#895);
#893 = CARTESIAN_POINT('',(1.45,0.,-0.8));
#894 = DIRECTION('',(0.,0.173648177667,-0.984807753012));
#895 = DIRECTION('',(-1.,0.,0.));
#896 = ADVANCED_FACE('',(#897),#922,.T.);
#897 = FACE_BOUND('',#898,.F.);
#898 = EDGE_LOOP('',(#899,#900,#908,#916));
#899 = ORIENTED_EDGE('',*,*,#873,.T.);
#900 = ORIENTED_EDGE('',*,*,#901,.T.);
#901 = EDGE_CURVE('',#749,#902,#904,.T.);
#902 = VERTEX_POINT('',#903);
#903 = CARTESIAN_POINT('',(-1.388607719549,-0.63,-0.711836509646));
#904 = LINE('',#905,#906);
#905 = CARTESIAN_POINT('',(-1.45,-0.13,-0.8));
#906 = VECTOR('',#907,1.);
#907 = DIRECTION('',(0.120044758076,-0.977686096634,0.1723924375));
#908 = ORIENTED_EDGE('',*,*,#909,.T.);
#909 = EDGE_CURVE('',#902,#910,#912,.T.);
#910 = VERTEX_POINT('',#911);
#911 = CARTESIAN_POINT('',(1.388607719549,-0.63,-0.711836509646));
#912 = LINE('',#913,#914);
#913 = CARTESIAN_POINT('',(-1.388607719549,-0.63,-0.711836509646));
#914 = VECTOR('',#915,1.);
#915 = DIRECTION('',(1.,0.,0.));
#916 = ORIENTED_EDGE('',*,*,#917,.F.);
#917 = EDGE_CURVE('',#844,#910,#918,.T.);
#918 = LINE('',#919,#920);
#919 = CARTESIAN_POINT('',(1.45,-0.13,-0.8));
#920 = VECTOR('',#921,1.);
#921 = DIRECTION('',(-0.120044758076,-0.977686096634,0.1723924375));
#922 = PLANE('',#923);
#923 = AXIS2_PLACEMENT_3D('',#924,#925,#926);
#924 = CARTESIAN_POINT('',(-1.45,-0.13,-0.8));
#925 = DIRECTION('',(0.,-0.173648177667,-0.984807753012));
#926 = DIRECTION('',(1.,0.,0.));
#927 = ADVANCED_FACE('',(#928),#946,.T.);
#928 = FACE_BOUND('',#929,.F.);
#929 = EDGE_LOOP('',(#930,#931,#939,#945));
#930 = ORIENTED_EDGE('',*,*,#748,.F.);
#931 = ORIENTED_EDGE('',*,*,#932,.T.);
#932 = EDGE_CURVE('',#741,#933,#935,.T.);
#933 = VERTEX_POINT('',#934);
#934 = CARTESIAN_POINT('',(-1.388607719549,-0.63,0.711836509646));
#935 = LINE('',#936,#937);
#936 = CARTESIAN_POINT('',(-1.45,-0.13,0.8));
#937 = VECTOR('',#938,1.);
#938 = DIRECTION('',(0.120044758076,-0.977686096634,-0.1723924375));
#939 = ORIENTED_EDGE('',*,*,#940,.T.);
#940 = EDGE_CURVE('',#933,#902,#941,.T.);
#941 = LINE('',#942,#943);
#942 = CARTESIAN_POINT('',(-1.388607719549,-0.63,0.711836509646));
#943 = VECTOR('',#944,1.);
#944 = DIRECTION('',(0.,0.,-1.));
#945 = ORIENTED_EDGE('',*,*,#901,.F.);
#946 = PLANE('',#947);
#947 = AXIS2_PLACEMENT_3D('',#948,#949,#950);
#948 = CARTESIAN_POINT('',(-1.45,-0.13,0.8));
#949 = DIRECTION('',(-0.992546151641,-0.121869343405,0.));
#950 = DIRECTION('',(-0.,0.,-1.));
#951 = ADVANCED_FACE('',(#952),#970,.T.);
#952 = FACE_BOUND('',#953,.F.);
#953 = EDGE_LOOP('',(#954,#955,#963,#969));
#954 = ORIENTED_EDGE('',*,*,#786,.F.);
#955 = ORIENTED_EDGE('',*,*,#956,.T.);
#956 = EDGE_CURVE('',#779,#957,#959,.T.);
#957 = VERTEX_POINT('',#958);
#958 = CARTESIAN_POINT('',(1.388607719549,-0.63,0.711836509646));
#959 = LINE('',#960,#961);
#960 = CARTESIAN_POINT('',(1.45,-0.13,0.8));
#961 = VECTOR('',#962,1.);
#962 = DIRECTION('',(-0.120044758076,-0.977686096634,-0.1723924375));
#963 = ORIENTED_EDGE('',*,*,#964,.T.);
#964 = EDGE_CURVE('',#957,#933,#965,.T.);
#965 = LINE('',#966,#967);
#966 = CARTESIAN_POINT('',(1.388607719549,-0.63,0.711836509646));
#967 = VECTOR('',#968,1.);
#968 = DIRECTION('',(-1.,0.,0.));
#969 = ORIENTED_EDGE('',*,*,#932,.F.);
#970 = PLANE('',#971);
#971 = AXIS2_PLACEMENT_3D('',#972,#973,#974);
#972 = CARTESIAN_POINT('',(1.45,-0.13,0.8));
#973 = DIRECTION('',(0.,-0.173648177667,0.984807753012));
#974 = DIRECTION('',(-1.,0.,0.));
#975 = ADVANCED_FACE('',(#976),#987,.T.);
#976 = FACE_BOUND('',#977,.F.);
#977 = EDGE_LOOP('',(#978,#979,#980,#986));
#978 = ORIENTED_EDGE('',*,*,#851,.T.);
#979 = ORIENTED_EDGE('',*,*,#917,.T.);
#980 = ORIENTED_EDGE('',*,*,#981,.T.);
#981 = EDGE_CURVE('',#910,#957,#982,.T.);
#982 = LINE('',#983,#984);
#983 = CARTESIAN_POINT('',(1.388607719549,-0.63,-0.711836509646));
#984 = VECTOR('',#985,1.);
#985 = DIRECTION('',(0.,0.,1.));
#986 = ORIENTED_EDGE('',*,*,#956,.F.);
#987 = PLANE('',#988);
#988 = AXIS2_PLACEMENT_3D('',#989,#990,#991);
#989 = CARTESIAN_POINT('',(1.45,-0.13,-0.8));
#990 = DIRECTION('',(0.992546151641,-0.121869343405,0.));
#991 = DIRECTION('',(0.,0.,1.));
#992 = ADVANCED_FACE('',(#993),#999,.T.);
#993 = FACE_BOUND('',#994,.F.);
#994 = EDGE_LOOP('',(#995,#996,#997,#998));
#995 = ORIENTED_EDGE('',*,*,#981,.F.);
#996 = ORIENTED_EDGE('',*,*,#909,.F.);
#997 = ORIENTED_EDGE('',*,*,#940,.F.);
#998 = ORIENTED_EDGE('',*,*,#964,.F.);
#999 = PLANE('',#1000);
#1000 = AXIS2_PLACEMENT_3D('',#1001,#1002,#1003);
#1001 = CARTESIAN_POINT('',(0.,-0.63,0.));
#1002 = DIRECTION('',(0.,-1.,0.));
#1003 = DIRECTION('',(-1.,0.,0.));
#1004 = ( GEOMETRIC_REPRESENTATION_CONTEXT(3) 
GLOBAL_UNCERTAINTY_ASSIGNED_CONTEXT((#1008)) 
GLOBAL_UNIT_ASSIGNED_CONTEXT((#1005,#1006,#1007)) REPRESENTATION_CONTEXT
('Context #1','3D Context with UNIT and UNCERTAINTY') );
#1005 = ( LENGTH_UNIT() NAMED_UNIT(*) SI_UNIT(.MILLI.,.METRE.) );
#1006 = ( NAMED_UNIT(*) PLANE_ANGLE_UNIT() SI_UNIT($,.RADIAN.) );
#1007 = ( NAMED_UNIT(*) SI_UNIT($,.STERADIAN.) SOLID_ANGLE_UNIT() );
#1008 = UNCERTAINTY_MEASURE_WITH_UNIT(LENGTH_MEASURE(1.E-07),#1005,
  'distance_accuracy_value','confusion accuracy');
#1009 = SHAPE_DEFINITION_REPRESENTATION(#1010,#661);
#1010 = PRODUCT_DEFINITION_SHAPE('','',#1011);
#1011 = PRODUCT_DEFINITION('design','',#1012,#1015);
#1012 = PRODUCT_DEFINITION_FORMATION('','',#1013);
#1013 = PRODUCT('BODY-SOT','BODY-SOT','',(#1014));
#1014 = PRODUCT_CONTEXT('',#2,'mechanical');
#1015 = PRODUCT_DEFINITION_CONTEXT('part definition',#2,'design');
#1016 = CONTEXT_DEPENDENT_SHAPE_REPRESENTATION(#1017,#1019);
#1017 = ( REPRESENTATION_RELATIONSHIP('','',#661,#627) 
REPRESENTATION_RELATIONSHIP_WITH_TRANSFORMATION(#1018) 
SHAPE_REPRESENTATION_RELATIONSHIP() );
#1018 = ITEM_DEFINED_TRANSFORMATION('','',#11,#628);
#1019 = PRODUCT_DEFINITION_SHAPE('Placement','Placement of an item',
  #1020);
#1020 = NEXT_ASSEMBLY_USAGE_OCCURRENCE('3','D','',#622,#1011,$);
#1021 = PRODUCT_RELATED_PRODUCT_CATEGORY('part',$,(#1013));
#1022 = ADVANCED_BREP_SHAPE_REPRESENTATION('',(#11,#1023),#1445);
#1023 = MANIFOLD_SOLID_BREP('',#1024);
#1024 = CLOSED_SHELL('',(#1025,#1133,#1164,#1263,#1285,#1302,#1319,#1336
    ,#1353,#1365,#1382,#1399,#1416,#1433));
#1025 = ADVANCED_FACE('',(#1026),#1128,.F.);
#1026 = FACE_BOUND('',#1027,.F.);
#1027 = EDGE_LOOP('',(#1028,#1038,#1047,#1055,#1063,#1071,#1080,#1088,
    #1097,#1105,#1113,#1121));
#1028 = ORIENTED_EDGE('',*,*,#1029,.F.);
#1029 = EDGE_CURVE('',#1030,#1032,#1034,.T.);
#1030 = VERTEX_POINT('',#1031);
#1031 = CARTESIAN_POINT('',(-0.2,0.253717333154,-1.329676199623E-02));
#1032 = VERTEX_POINT('',#1033);
#1033 = CARTESIAN_POINT('',(-0.2,-1.47151802415E-02,7.711899182067E-04)
  );
#1034 = LINE('',#1035,#1036);
#1035 = CARTESIAN_POINT('',(-0.2,0.253717333154,-1.329676199623E-02));
#1036 = VECTOR('',#1037,1.);
#1037 = DIRECTION('',(0.,-0.998629534755,5.233595624294E-02));
#1038 = ORIENTED_EDGE('',*,*,#1039,.F.);
#1039 = EDGE_CURVE('',#1040,#1030,#1042,.T.);
#1040 = VERTEX_POINT('',#1041);
#1041 = CARTESIAN_POINT('',(-0.2,0.35,-0.114757522727));
#1042 = CIRCLE('',#1043,0.1016);
#1043 = AXIS2_PLACEMENT_3D('',#1044,#1045,#1046);
#1044 = CARTESIAN_POINT('',(-0.2,0.2484,-0.114757522727));
#1045 = DIRECTION('',(1.,0.,0.));
#1046 = DIRECTION('',(-0.,1.,0.));
#1047 = ORIENTED_EDGE('',*,*,#1048,.T.);
#1048 = EDGE_CURVE('',#1040,#1049,#1051,.T.);
#1049 = VERTEX_POINT('',#1050);
#1050 = CARTESIAN_POINT('',(-0.2,0.35,-0.140931658413));
#1051 = LINE('',#1052,#1053);
#1052 = CARTESIAN_POINT('',(-0.2,0.35,-0.114757522727));
#1053 = VECTOR('',#1054,1.);
#1054 = DIRECTION('',(0.,0.,-1.));
#1055 = ORIENTED_EDGE('',*,*,#1056,.T.);
#1056 = EDGE_CURVE('',#1049,#1057,#1059,.T.);
#1057 = VERTEX_POINT('',#1058);
#1058 = CARTESIAN_POINT('',(-0.2,0.48,-0.140931658413));
#1059 = LINE('',#1060,#1061);
#1060 = CARTESIAN_POINT('',(-0.2,0.35,-0.140931658413));
#1061 = VECTOR('',#1062,1.);
#1062 = DIRECTION('',(0.,1.,0.));
#1063 = ORIENTED_EDGE('',*,*,#1064,.T.);
#1064 = EDGE_CURVE('',#1057,#1065,#1067,.T.);
#1065 = VERTEX_POINT('',#1066);
#1066 = CARTESIAN_POINT('',(-0.2,0.48,-0.114757522727));
#1067 = LINE('',#1068,#1069);
#1068 = CARTESIAN_POINT('',(-0.2,0.48,-0.140931658413));
#1069 = VECTOR('',#1070,1.);
#1070 = DIRECTION('',(0.,0.,1.));
#1071 = ORIENTED_EDGE('',*,*,#1072,.F.);
#1072 = EDGE_CURVE('',#1073,#1065,#1075,.T.);
#1073 = VERTEX_POINT('',#1074);
#1074 = CARTESIAN_POINT('',(-0.2,0.260521007466,0.116525077522));
#1075 = CIRCLE('',#1076,0.2316);
#1076 = AXIS2_PLACEMENT_3D('',#1077,#1078,#1079);
#1077 = CARTESIAN_POINT('',(-0.2,0.2484,-0.114757522727));
#1078 = DIRECTION('',(-1.,0.,0.));
#1079 = DIRECTION('',(0.,5.233595624294E-02,0.998629534755));
#1080 = ORIENTED_EDGE('',*,*,#1081,.F.);
#1081 = EDGE_CURVE('',#1082,#1073,#1084,.T.);
#1082 = VERTEX_POINT('',#1083);
#1083 = CARTESIAN_POINT('',(-0.2,-7.911505929916E-03,0.130593029436));
#1084 = LINE('',#1085,#1086);
#1085 = CARTESIAN_POINT('',(-0.2,-7.911505929916E-03,0.130593029436));
#1086 = VECTOR('',#1087,1.);
#1087 = DIRECTION('',(0.,0.998629534755,-5.233595624294E-02));
#1088 = ORIENTED_EDGE('',*,*,#1089,.F.);
#1089 = EDGE_CURVE('',#1090,#1082,#1092,.T.);
#1090 = VERTEX_POINT('',#1091);
#1091 = CARTESIAN_POINT('',(-0.2,-0.103946680282,0.224966532435));
#1092 = CIRCLE('',#1093,0.1016);
#1093 = AXIS2_PLACEMENT_3D('',#1094,#1095,#1096);
#1094 = CARTESIAN_POINT('',(-0.2,-2.594172775633E-03,0.232053790167));
#1095 = DIRECTION('',(1.,0.,0.));
#1096 = DIRECTION('',(0.,-0.99756405026,-6.975647374413E-02));
#1097 = ORIENTED_EDGE('',*,*,#1098,.T.);
#1098 = EDGE_CURVE('',#1090,#1099,#1101,.T.);
#1099 = VERTEX_POINT('',#1100);
#1100 = CARTESIAN_POINT('',(-0.2,-0.120316673466,0.459068341587));
#1101 = LINE('',#1102,#1103);
#1102 = CARTESIAN_POINT('',(-0.2,-0.103946680282,0.224966532435));
#1103 = VECTOR('',#1104,1.);
#1104 = DIRECTION('',(0.,-6.975647374413E-02,0.99756405026));
#1105 = ORIENTED_EDGE('',*,*,#1106,.T.);
#1106 = EDGE_CURVE('',#1099,#1107,#1109,.T.);
#1107 = VERTEX_POINT('',#1108);
#1108 = CARTESIAN_POINT('',(-0.2,-0.25,0.45));
#1109 = LINE('',#1110,#1111);
#1110 = CARTESIAN_POINT('',(-0.2,-0.120316673466,0.459068341587));
#1111 = VECTOR('',#1112,1.);
#1112 = DIRECTION('',(0.,-0.99756405026,-6.975647374413E-02));
#1113 = ORIENTED_EDGE('',*,*,#1114,.T.);
#1114 = EDGE_CURVE('',#1107,#1115,#1117,.T.);
#1115 = VERTEX_POINT('',#1116);
#1116 = CARTESIAN_POINT('',(-0.2,-0.233630006816,0.215898190848));
#1117 = LINE('',#1118,#1119);
#1118 = CARTESIAN_POINT('',(-0.2,-0.25,0.45));
#1119 = VECTOR('',#1120,1.);
#1120 = DIRECTION('',(0.,6.975647374413E-02,-0.99756405026));
#1121 = ORIENTED_EDGE('',*,*,#1122,.F.);
#1122 = EDGE_CURVE('',#1032,#1115,#1123,.T.);
#1123 = CIRCLE('',#1124,0.2316);
#1124 = AXIS2_PLACEMENT_3D('',#1125,#1126,#1127);
#1125 = CARTESIAN_POINT('',(-0.2,-2.594172775633E-03,0.232053790167));
#1126 = DIRECTION('',(-1.,0.,0.));
#1127 = DIRECTION('',(-0.,-5.233595624294E-02,-0.998629534755));
#1128 = PLANE('',#1129);
#1129 = AXIS2_PLACEMENT_3D('',#1130,#1131,#1132);
#1130 = CARTESIAN_POINT('',(-0.2,0.,0.));
#1131 = DIRECTION('',(1.,0.,0.));
#1132 = DIRECTION('',(0.,0.,-1.));
#1133 = ADVANCED_FACE('',(#1134),#1159,.T.);
#1134 = FACE_BOUND('',#1135,.F.);
#1135 = EDGE_LOOP('',(#1136,#1146,#1152,#1153));
#1136 = ORIENTED_EDGE('',*,*,#1137,.T.);
#1137 = EDGE_CURVE('',#1138,#1140,#1142,.T.);
#1138 = VERTEX_POINT('',#1139);
#1139 = CARTESIAN_POINT('',(0.2,-1.47151802415E-02,7.711899182067E-04));
#1140 = VERTEX_POINT('',#1141);
#1141 = CARTESIAN_POINT('',(0.2,0.253717333154,-1.329676199623E-02));
#1142 = LINE('',#1143,#1144);
#1143 = CARTESIAN_POINT('',(0.2,-1.47151802415E-02,7.711899182067E-04));
#1144 = VECTOR('',#1145,1.);
#1145 = DIRECTION('',(0.,0.998629534755,-5.233595624294E-02));
#1146 = ORIENTED_EDGE('',*,*,#1147,.F.);
#1147 = EDGE_CURVE('',#1030,#1140,#1148,.T.);
#1148 = LINE('',#1149,#1150);
#1149 = CARTESIAN_POINT('',(-0.2,0.253717333154,-1.329676199623E-02));
#1150 = VECTOR('',#1151,1.);
#1151 = DIRECTION('',(1.,0.,0.));
#1152 = ORIENTED_EDGE('',*,*,#1029,.T.);
#1153 = ORIENTED_EDGE('',*,*,#1154,.T.);
#1154 = EDGE_CURVE('',#1032,#1138,#1155,.T.);
#1155 = LINE('',#1156,#1157);
#1156 = CARTESIAN_POINT('',(-0.2,-1.47151802415E-02,7.711899182067E-04)
  );
#1157 = VECTOR('',#1158,1.);
#1158 = DIRECTION('',(1.,0.,0.));
#1159 = PLANE('',#1160);
#1160 = AXIS2_PLACEMENT_3D('',#1161,#1162,#1163);
#1161 = CARTESIAN_POINT('',(-0.2,-0.219336739934,1.149495145513E-02));
#1162 = DIRECTION('',(0.,-5.233595624294E-02,-0.998629534755));
#1163 = DIRECTION('',(0.,0.998629534755,-5.233595624294E-02));
#1164 = ADVANCED_FACE('',(#1165),#1258,.T.);
#1165 = FACE_BOUND('',#1166,.F.);
#1166 = EDGE_LOOP('',(#1167,#1177,#1186,#1194,#1202,#1210,#1217,#1218,
    #1227,#1235,#1243,#1251));
#1167 = ORIENTED_EDGE('',*,*,#1168,.F.);
#1168 = EDGE_CURVE('',#1169,#1171,#1173,.T.);
#1169 = VERTEX_POINT('',#1170);
#1170 = CARTESIAN_POINT('',(0.2,0.260521007466,0.116525077522));
#1171 = VERTEX_POINT('',#1172);
#1172 = CARTESIAN_POINT('',(0.2,-7.911505929916E-03,0.130593029436));
#1173 = LINE('',#1174,#1175);
#1174 = CARTESIAN_POINT('',(0.2,0.260521007466,0.116525077522));
#1175 = VECTOR('',#1176,1.);
#1176 = DIRECTION('',(0.,-0.998629534755,5.233595624294E-02));
#1177 = ORIENTED_EDGE('',*,*,#1178,.T.);
#1178 = EDGE_CURVE('',#1169,#1179,#1181,.T.);
#1179 = VERTEX_POINT('',#1180);
#1180 = CARTESIAN_POINT('',(0.2,0.48,-0.114757522727));
#1181 = CIRCLE('',#1182,0.2316);
#1182 = AXIS2_PLACEMENT_3D('',#1183,#1184,#1185);
#1183 = CARTESIAN_POINT('',(0.2,0.2484,-0.114757522727));
#1184 = DIRECTION('',(-1.,0.,0.));
#1185 = DIRECTION('',(0.,5.233595624294E-02,0.998629534755));
#1186 = ORIENTED_EDGE('',*,*,#1187,.F.);
#1187 = EDGE_CURVE('',#1188,#1179,#1190,.T.);
#1188 = VERTEX_POINT('',#1189);
#1189 = CARTESIAN_POINT('',(0.2,0.48,-0.140931658413));
#1190 = LINE('',#1191,#1192);
#1191 = CARTESIAN_POINT('',(0.2,0.48,-0.140931658413));
#1192 = VECTOR('',#1193,1.);
#1193 = DIRECTION('',(0.,0.,1.));
#1194 = ORIENTED_EDGE('',*,*,#1195,.F.);
#1195 = EDGE_CURVE('',#1196,#1188,#1198,.T.);
#1196 = VERTEX_POINT('',#1197);
#1197 = CARTESIAN_POINT('',(0.2,0.35,-0.140931658413));
#1198 = LINE('',#1199,#1200);
#1199 = CARTESIAN_POINT('',(0.2,0.35,-0.140931658413));
#1200 = VECTOR('',#1201,1.);
#1201 = DIRECTION('',(0.,1.,0.));
#1202 = ORIENTED_EDGE('',*,*,#1203,.F.);
#1203 = EDGE_CURVE('',#1204,#1196,#1206,.T.);
#1204 = VERTEX_POINT('',#1205);
#1205 = CARTESIAN_POINT('',(0.2,0.35,-0.114757522727));
#1206 = LINE('',#1207,#1208);
#1207 = CARTESIAN_POINT('',(0.2,0.35,-0.114757522727));
#1208 = VECTOR('',#1209,1.);
#1209 = DIRECTION('',(0.,0.,-1.));
#1210 = ORIENTED_EDGE('',*,*,#1211,.T.);
#1211 = EDGE_CURVE('',#1204,#1140,#1212,.T.);
#1212 = CIRCLE('',#1213,0.1016);
#1213 = AXIS2_PLACEMENT_3D('',#1214,#1215,#1216);
#1214 = CARTESIAN_POINT('',(0.2,0.2484,-0.114757522727));
#1215 = DIRECTION('',(1.,0.,0.));
#1216 = DIRECTION('',(-0.,1.,0.));
#1217 = ORIENTED_EDGE('',*,*,#1137,.F.);
#1218 = ORIENTED_EDGE('',*,*,#1219,.T.);
#1219 = EDGE_CURVE('',#1138,#1220,#1222,.T.);
#1220 = VERTEX_POINT('',#1221);
#1221 = CARTESIAN_POINT('',(0.2,-0.233630006816,0.215898190848));
#1222 = CIRCLE('',#1223,0.2316);
#1223 = AXIS2_PLACEMENT_3D('',#1224,#1225,#1226);
#1224 = CARTESIAN_POINT('',(0.2,-2.594172775633E-03,0.232053790167));
#1225 = DIRECTION('',(-1.,0.,0.));
#1226 = DIRECTION('',(-0.,-5.233595624294E-02,-0.998629534755));
#1227 = ORIENTED_EDGE('',*,*,#1228,.F.);
#1228 = EDGE_CURVE('',#1229,#1220,#1231,.T.);
#1229 = VERTEX_POINT('',#1230);
#1230 = CARTESIAN_POINT('',(0.2,-0.25,0.45));
#1231 = LINE('',#1232,#1233);
#1232 = CARTESIAN_POINT('',(0.2,-0.25,0.45));
#1233 = VECTOR('',#1234,1.);
#1234 = DIRECTION('',(0.,6.975647374413E-02,-0.99756405026));
#1235 = ORIENTED_EDGE('',*,*,#1236,.F.);
#1236 = EDGE_CURVE('',#1237,#1229,#1239,.T.);
#1237 = VERTEX_POINT('',#1238);
#1238 = CARTESIAN_POINT('',(0.2,-0.120316673466,0.459068341587));
#1239 = LINE('',#1240,#1241);
#1240 = CARTESIAN_POINT('',(0.2,-0.120316673466,0.459068341587));
#1241 = VECTOR('',#1242,1.);
#1242 = DIRECTION('',(0.,-0.99756405026,-6.975647374413E-02));
#1243 = ORIENTED_EDGE('',*,*,#1244,.F.);
#1244 = EDGE_CURVE('',#1245,#1237,#1247,.T.);
#1245 = VERTEX_POINT('',#1246);
#1246 = CARTESIAN_POINT('',(0.2,-0.103946680282,0.224966532435));
#1247 = LINE('',#1248,#1249);
#1248 = CARTESIAN_POINT('',(0.2,-0.103946680282,0.224966532435));
#1249 = VECTOR('',#1250,1.);
#1250 = DIRECTION('',(0.,-6.975647374413E-02,0.99756405026));
#1251 = ORIENTED_EDGE('',*,*,#1252,.T.);
#1252 = EDGE_CURVE('',#1245,#1171,#1253,.T.);
#1253 = CIRCLE('',#1254,0.1016);
#1254 = AXIS2_PLACEMENT_3D('',#1255,#1256,#1257);
#1255 = CARTESIAN_POINT('',(0.2,-2.594172775633E-03,0.232053790167));
#1256 = DIRECTION('',(1.,0.,0.));
#1257 = DIRECTION('',(0.,-0.99756405026,-6.975647374413E-02));
#1258 = PLANE('',#1259);
#1259 = AXIS2_PLACEMENT_3D('',#1260,#1261,#1262);
#1260 = CARTESIAN_POINT('',(0.2,0.,0.));
#1261 = DIRECTION('',(1.,0.,0.));
#1262 = DIRECTION('',(0.,0.,-1.));
#1263 = ADVANCED_FACE('',(#1264),#1280,.T.);
#1264 = FACE_BOUND('',#1265,.F.);
#1265 = EDGE_LOOP('',(#1266,#1267,#1273,#1274));
#1266 = ORIENTED_EDGE('',*,*,#1081,.T.);
#1267 = ORIENTED_EDGE('',*,*,#1268,.T.);
#1268 = EDGE_CURVE('',#1073,#1169,#1269,.T.);
#1269 = LINE('',#1270,#1271);
#1270 = CARTESIAN_POINT('',(-0.2,0.260521007466,0.116525077522));
#1271 = VECTOR('',#1272,1.);
#1272 = DIRECTION('',(1.,0.,0.));
#1273 = ORIENTED_EDGE('',*,*,#1168,.T.);
#1274 = ORIENTED_EDGE('',*,*,#1275,.F.);
#1275 = EDGE_CURVE('',#1082,#1171,#1276,.T.);
#1276 = LINE('',#1277,#1278);
#1277 = CARTESIAN_POINT('',(-0.2,-7.911505929916E-03,0.130593029436));
#1278 = VECTOR('',#1279,1.);
#1279 = DIRECTION('',(1.,0.,0.));
#1280 = PLANE('',#1281);
#1281 = AXIS2_PLACEMENT_3D('',#1282,#1283,#1284);
#1282 = CARTESIAN_POINT('',(-0.2,6.803674311583E-03,0.129821839518));
#1283 = DIRECTION('',(0.,5.233595624294E-02,0.998629534755));
#1284 = DIRECTION('',(0.,-0.998629534755,5.233595624294E-02));
#1285 = ADVANCED_FACE('',(#1286),#1297,.T.);
#1286 = FACE_BOUND('',#1287,.T.);
#1287 = EDGE_LOOP('',(#1288,#1289,#1295,#1296));
#1288 = ORIENTED_EDGE('',*,*,#1178,.T.);
#1289 = ORIENTED_EDGE('',*,*,#1290,.F.);
#1290 = EDGE_CURVE('',#1065,#1179,#1291,.T.);
#1291 = LINE('',#1292,#1293);
#1292 = CARTESIAN_POINT('',(-0.2,0.48,-0.114757522727));
#1293 = VECTOR('',#1294,1.);
#1294 = DIRECTION('',(1.,0.,0.));
#1295 = ORIENTED_EDGE('',*,*,#1072,.F.);
#1296 = ORIENTED_EDGE('',*,*,#1268,.T.);
#1297 = CYLINDRICAL_SURFACE('',#1298,0.2316);
#1298 = AXIS2_PLACEMENT_3D('',#1299,#1300,#1301);
#1299 = CARTESIAN_POINT('',(-0.2,0.2484,-0.114757522727));
#1300 = DIRECTION('',(-1.,0.,0.));
#1301 = DIRECTION('',(0.,5.233595624294E-02,0.998629534755));
#1302 = ADVANCED_FACE('',(#1303),#1314,.T.);
#1303 = FACE_BOUND('',#1304,.F.);
#1304 = EDGE_LOOP('',(#1305,#1306,#1312,#1313));
#1305 = ORIENTED_EDGE('',*,*,#1064,.F.);
#1306 = ORIENTED_EDGE('',*,*,#1307,.T.);
#1307 = EDGE_CURVE('',#1057,#1188,#1308,.T.);
#1308 = LINE('',#1309,#1310);
#1309 = CARTESIAN_POINT('',(-0.2,0.48,-0.140931658413));
#1310 = VECTOR('',#1311,1.);
#1311 = DIRECTION('',(1.,0.,0.));
#1312 = ORIENTED_EDGE('',*,*,#1187,.T.);
#1313 = ORIENTED_EDGE('',*,*,#1290,.F.);
#1314 = PLANE('',#1315);
#1315 = AXIS2_PLACEMENT_3D('',#1316,#1317,#1318);
#1316 = CARTESIAN_POINT('',(-0.2,0.48,-0.140931658413));
#1317 = DIRECTION('',(0.,1.,0.));
#1318 = DIRECTION('',(0.,-0.,1.));
#1319 = ADVANCED_FACE('',(#1320),#1331,.T.);
#1320 = FACE_BOUND('',#1321,.F.);
#1321 = EDGE_LOOP('',(#1322,#1323,#1329,#1330));
#1322 = ORIENTED_EDGE('',*,*,#1056,.F.);
#1323 = ORIENTED_EDGE('',*,*,#1324,.T.);
#1324 = EDGE_CURVE('',#1049,#1196,#1325,.T.);
#1325 = LINE('',#1326,#1327);
#1326 = CARTESIAN_POINT('',(-0.2,0.35,-0.140931658413));
#1327 = VECTOR('',#1328,1.);
#1328 = DIRECTION('',(1.,0.,0.));
#1329 = ORIENTED_EDGE('',*,*,#1195,.T.);
#1330 = ORIENTED_EDGE('',*,*,#1307,.F.);
#1331 = PLANE('',#1332);
#1332 = AXIS2_PLACEMENT_3D('',#1333,#1334,#1335);
#1333 = CARTESIAN_POINT('',(-0.2,0.35,-0.140931658413));
#1334 = DIRECTION('',(0.,0.,-1.));
#1335 = DIRECTION('',(0.,1.,0.));
#1336 = ADVANCED_FACE('',(#1337),#1348,.T.);
#1337 = FACE_BOUND('',#1338,.F.);
#1338 = EDGE_LOOP('',(#1339,#1340,#1346,#1347));
#1339 = ORIENTED_EDGE('',*,*,#1048,.F.);
#1340 = ORIENTED_EDGE('',*,*,#1341,.T.);
#1341 = EDGE_CURVE('',#1040,#1204,#1342,.T.);
#1342 = LINE('',#1343,#1344);
#1343 = CARTESIAN_POINT('',(-0.2,0.35,-0.114757522727));
#1344 = VECTOR('',#1345,1.);
#1345 = DIRECTION('',(1.,0.,0.));
#1346 = ORIENTED_EDGE('',*,*,#1203,.T.);
#1347 = ORIENTED_EDGE('',*,*,#1324,.F.);
#1348 = PLANE('',#1349);
#1349 = AXIS2_PLACEMENT_3D('',#1350,#1351,#1352);
#1350 = CARTESIAN_POINT('',(-0.2,0.35,-1.834272274906E-02));
#1351 = DIRECTION('',(0.,-1.,0.));
#1352 = DIRECTION('',(0.,0.,-1.));
#1353 = ADVANCED_FACE('',(#1354),#1360,.F.);
#1354 = FACE_BOUND('',#1355,.F.);
#1355 = EDGE_LOOP('',(#1356,#1357,#1358,#1359));
#1356 = ORIENTED_EDGE('',*,*,#1341,.F.);
#1357 = ORIENTED_EDGE('',*,*,#1039,.T.);
#1358 = ORIENTED_EDGE('',*,*,#1147,.T.);
#1359 = ORIENTED_EDGE('',*,*,#1211,.F.);
#1360 = CYLINDRICAL_SURFACE('',#1361,0.1016);
#1361 = AXIS2_PLACEMENT_3D('',#1362,#1363,#1364);
#1362 = CARTESIAN_POINT('',(-0.2,0.2484,-0.114757522727));
#1363 = DIRECTION('',(1.,0.,0.));
#1364 = DIRECTION('',(-0.,1.,0.));
#1365 = ADVANCED_FACE('',(#1366),#1377,.F.);
#1366 = FACE_BOUND('',#1367,.F.);
#1367 = EDGE_LOOP('',(#1368,#1374,#1375,#1376));
#1368 = ORIENTED_EDGE('',*,*,#1369,.F.);
#1369 = EDGE_CURVE('',#1090,#1245,#1370,.T.);
#1370 = LINE('',#1371,#1372);
#1371 = CARTESIAN_POINT('',(-0.2,-0.103946680282,0.224966532435));
#1372 = VECTOR('',#1373,1.);
#1373 = DIRECTION('',(1.,0.,0.));
#1374 = ORIENTED_EDGE('',*,*,#1089,.T.);
#1375 = ORIENTED_EDGE('',*,*,#1275,.T.);
#1376 = ORIENTED_EDGE('',*,*,#1252,.F.);
#1377 = CYLINDRICAL_SURFACE('',#1378,0.1016);
#1378 = AXIS2_PLACEMENT_3D('',#1379,#1380,#1381);
#1379 = CARTESIAN_POINT('',(-0.2,-2.594172775633E-03,0.232053790167));
#1380 = DIRECTION('',(1.,0.,0.));
#1381 = DIRECTION('',(0.,-0.99756405026,-6.975647374412E-02));
#1382 = ADVANCED_FACE('',(#1383),#1394,.T.);
#1383 = FACE_BOUND('',#1384,.F.);
#1384 = EDGE_LOOP('',(#1385,#1386,#1387,#1388));
#1385 = ORIENTED_EDGE('',*,*,#1098,.F.);
#1386 = ORIENTED_EDGE('',*,*,#1369,.T.);
#1387 = ORIENTED_EDGE('',*,*,#1244,.T.);
#1388 = ORIENTED_EDGE('',*,*,#1389,.F.);
#1389 = EDGE_CURVE('',#1099,#1237,#1390,.T.);
#1390 = LINE('',#1391,#1392);
#1391 = CARTESIAN_POINT('',(-0.2,-0.120316673466,0.459068341587));
#1392 = VECTOR('',#1393,1.);
#1393 = DIRECTION('',(1.,0.,0.));
#1394 = PLANE('',#1395);
#1395 = AXIS2_PLACEMENT_3D('',#1396,#1397,#1398);
#1396 = CARTESIAN_POINT('',(-0.2,-9.767640430975E-02,0.135297408418));
#1397 = DIRECTION('',(0.,0.99756405026,6.975647374413E-02));
#1398 = DIRECTION('',(0.,-6.975647374413E-02,0.99756405026));
#1399 = ADVANCED_FACE('',(#1400),#1411,.T.);
#1400 = FACE_BOUND('',#1401,.F.);
#1401 = EDGE_LOOP('',(#1402,#1403,#1404,#1405));
#1402 = ORIENTED_EDGE('',*,*,#1106,.F.);
#1403 = ORIENTED_EDGE('',*,*,#1389,.T.);
#1404 = ORIENTED_EDGE('',*,*,#1236,.T.);
#1405 = ORIENTED_EDGE('',*,*,#1406,.F.);
#1406 = EDGE_CURVE('',#1107,#1229,#1407,.T.);
#1407 = LINE('',#1408,#1409);
#1408 = CARTESIAN_POINT('',(-0.2,-0.25,0.45));
#1409 = VECTOR('',#1410,1.);
#1410 = DIRECTION('',(1.,0.,0.));
#1411 = PLANE('',#1412);
#1412 = AXIS2_PLACEMENT_3D('',#1413,#1414,#1415);
#1413 = CARTESIAN_POINT('',(-0.2,-0.120316673466,0.459068341587));
#1414 = DIRECTION('',(0.,-6.975647374413E-02,0.99756405026));
#1415 = DIRECTION('',(0.,-0.99756405026,-6.975647374413E-02));
#1416 = ADVANCED_FACE('',(#1417),#1428,.T.);
#1417 = FACE_BOUND('',#1418,.F.);
#1418 = EDGE_LOOP('',(#1419,#1420,#1421,#1422));
#1419 = ORIENTED_EDGE('',*,*,#1114,.F.);
#1420 = ORIENTED_EDGE('',*,*,#1406,.T.);
#1421 = ORIENTED_EDGE('',*,*,#1228,.T.);
#1422 = ORIENTED_EDGE('',*,*,#1423,.F.);
#1423 = EDGE_CURVE('',#1115,#1220,#1424,.T.);
#1424 = LINE('',#1425,#1426);
#1425 = CARTESIAN_POINT('',(-0.2,-0.233630006816,0.215898190848));
#1426 = VECTOR('',#1427,1.);
#1427 = DIRECTION('',(1.,0.,0.));
#1428 = PLANE('',#1429);
#1429 = AXIS2_PLACEMENT_3D('',#1430,#1431,#1432);
#1430 = CARTESIAN_POINT('',(-0.2,-0.25,0.45));
#1431 = DIRECTION('',(0.,-0.99756405026,-6.975647374413E-02));
#1432 = DIRECTION('',(0.,6.975647374413E-02,-0.99756405026));
#1433 = ADVANCED_FACE('',(#1434),#1440,.T.);
#1434 = FACE_BOUND('',#1435,.T.);
#1435 = EDGE_LOOP('',(#1436,#1437,#1438,#1439));
#1436 = ORIENTED_EDGE('',*,*,#1219,.T.);
#1437 = ORIENTED_EDGE('',*,*,#1423,.F.);
#1438 = ORIENTED_EDGE('',*,*,#1122,.F.);
#1439 = ORIENTED_EDGE('',*,*,#1154,.T.);
#1440 = CYLINDRICAL_SURFACE('',#1441,0.2316);
#1441 = AXIS2_PLACEMENT_3D('',#1442,#1443,#1444);
#1442 = CARTESIAN_POINT('',(-0.2,-2.594172775633E-03,0.232053790167));
#1443 = DIRECTION('',(-1.,0.,0.));
#1444 = DIRECTION('',(-0.,-5.233595624294E-02,-0.998629534755));
#1445 = ( GEOMETRIC_REPRESENTATION_CONTEXT(3) 
GLOBAL_UNCERTAINTY_ASSIGNED_CONTEXT((#1449)) 
GLOBAL_UNIT_ASSIGNED_CONTEXT((#1446,#1447,#1448)) REPRESENTATION_CONTEXT
('Context #1','3D Context with UNIT and UNCERTAINTY') );
#1446 = ( LENGTH_UNIT() NAMED_UNIT(*) SI_UNIT(.MILLI.,.METRE.) );
#1447 = ( NAMED_UNIT(*) PLANE_ANGLE_UNIT() SI_UNIT($,.RADIAN.) );
#1448 = ( NAMED_UNIT(*) SI_UNIT($,.STERADIAN.) SOLID_ANGLE_UNIT() );
#1449 = UNCERTAINTY_MEASURE_WITH_UNIT(LENGTH_MEASURE(1.E-07),#1446,
  'distance_accuracy_value','confusion accuracy');
#1450 = SHAPE_DEFINITION_REPRESENTATION(#1451,#1022);
#1451 = PRODUCT_DEFINITION_SHAPE('','',#1452);
#1452 = PRODUCT_DEFINITION('design','',#1453,#1456);
#1453 = PRODUCT_DEFINITION_FORMATION('','',#1454);
#1454 = PRODUCT('LEAD-SOT','LEAD-SOT','',(#1455));
#1455 = PRODUCT_CONTEXT('',#2,'mechanical');
#1456 = PRODUCT_DEFINITION_CONTEXT('part definition',#2,'design');
#1457 = CONTEXT_DEPENDENT_SHAPE_REPRESENTATION(#1458,#1460);
#1458 = ( REPRESENTATION_RELATIONSHIP('','',#1022,#627) 
REPRESENTATION_RELATIONSHIP_WITH_TRANSFORMATION(#1459) 
SHAPE_REPRESENTATION_RELATIONSHIP() );
#1459 = ITEM_DEFINED_TRANSFORMATION('','',#11,#632);
#1460 = PRODUCT_DEFINITION_SHAPE('Placement','Placement of an item',
  #1461);
#1461 = NEXT_ASSEMBLY_USAGE_OCCURRENCE('4','LEAD-SOT','',#622,#1452,$);
#1462 = PRODUCT_RELATED_PRODUCT_CATEGORY('part',$,(#1454));
#1463 = CONTEXT_DEPENDENT_SHAPE_REPRESENTATION(#1464,#1466);
#1464 = ( REPRESENTATION_RELATIONSHIP('','',#1022,#627) 
REPRESENTATION_RELATIONSHIP_WITH_TRANSFORMATION(#1465) 
SHAPE_REPRESENTATION_RELATIONSHIP() );
#1465 = ITEM_DEFINED_TRANSFORMATION('','',#11,#636);
#1466 = PRODUCT_DEFINITION_SHAPE('Placement','Placement of an item',
  #1467);
#1467 = NEXT_ASSEMBLY_USAGE_OCCURRENCE('5','LEAD-SOT','',#622,#1452,$);
#1468 = CONTEXT_DEPENDENT_SHAPE_REPRESENTATION(#1469,#1471);
#1469 = ( REPRESENTATION_RELATIONSHIP('','',#1022,#627) 
REPRESENTATION_RELATIONSHIP_WITH_TRANSFORMATION(#1470) 
SHAPE_REPRESENTATION_RELATIONSHIP() );
#1470 = ITEM_DEFINED_TRANSFORMATION('','',#11,#640);
#1471 = PRODUCT_DEFINITION_SHAPE('Placement','Placement of an item',
  #1472);
#1472 = NEXT_ASSEMBLY_USAGE_OCCURRENCE('6','LEAD-SOT','',#622,#1452,$);
#1473 = CONTEXT_DEPENDENT_SHAPE_REPRESENTATION(#1474,#1476);
#1474 = ( REPRESENTATION_RELATIONSHIP('','',#1022,#627) 
REPRESENTATION_RELATIONSHIP_WITH_TRANSFORMATION(#1475) 
SHAPE_REPRESENTATION_RELATIONSHIP() );
#1475 = ITEM_DEFINED_TRANSFORMATION('','',#11,#644);
#1476 = PRODUCT_DEFINITION_SHAPE('Placement','Placement of an item',
  #1477);
#1477 = NEXT_ASSEMBLY_USAGE_OCCURRENCE('7','LEAD-SOT','',#622,#1452,$);
#1478 = CONTEXT_DEPENDENT_SHAPE_REPRESENTATION(#1479,#1481);
#1479 = ( REPRESENTATION_RELATIONSHIP('','',#1022,#627) 
REPRESENTATION_RELATIONSHIP_WITH_TRANSFORMATION(#1480) 
SHAPE_REPRESENTATION_RELATIONSHIP() );
#1480 = ITEM_DEFINED_TRANSFORMATION('','',#11,#648);
#1481 = PRODUCT_DEFINITION_SHAPE('Placement','Placement of an item',
  #1482);
#1482 = NEXT_ASSEMBLY_USAGE_OCCURRENCE('8','LEAD-SOT','',#622,#1452,$);
#1483 = CONTEXT_DEPENDENT_SHAPE_REPRESENTATION(#1484,#1486);
#1484 = ( REPRESENTATION_RELATIONSHIP('','',#1022,#627) 
REPRESENTATION_RELATIONSHIP_WITH_TRANSFORMATION(#1485) 
SHAPE_REPRESENTATION_RELATIONSHIP() );
#1485 = ITEM_DEFINED_TRANSFORMATION('','',#11,#652);
#1486 = PRODUCT_DEFINITION_SHAPE('Placement','Placement of an item',
  #1487);
#1487 = NEXT_ASSEMBLY_USAGE_OCCURRENCE('9','LEAD-SOT','',#622,#1452,$);
#1488 = CONTEXT_DEPENDENT_SHAPE_REPRESENTATION(#1489,#1491);
#1489 = ( REPRESENTATION_RELATIONSHIP('','',#627,#610) 
REPRESENTATION_RELATIONSHIP_WITH_TRANSFORMATION(#1490) 
SHAPE_REPRESENTATION_RELATIONSHIP() );
#1490 = ITEM_DEFINED_TRANSFORMATION('','',#11,#611);
#1491 = PRODUCT_DEFINITION_SHAPE('Placement','Placement of an item',
  #1492);
#1492 = NEXT_ASSEMBLY_USAGE_OCCURRENCE('10','','',#605,#622,$);
#1493 = PRODUCT_RELATED_PRODUCT_CATEGORY('part',$,(#624));
#1494 = CONTEXT_DEPENDENT_SHAPE_REPRESENTATION(#1495,#1497);
#1495 = ( REPRESENTATION_RELATIONSHIP('','',#610,#10) 
REPRESENTATION_RELATIONSHIP_WITH_TRANSFORMATION(#1496) 
SHAPE_REPRESENTATION_RELATIONSHIP() );
#1496 = ITEM_DEFINED_TRANSFORMATION('','',#11,#19);
#1497 = PRODUCT_DEFINITION_SHAPE('Placement','Placement of an item',
  #1498);
#1498 = NEXT_ASSEMBLY_USAGE_OCCURRENCE('11','','',#5,#605,$);
#1499 = PRODUCT_RELATED_PRODUCT_CATEGORY('part',$,(#607));
#1500 = SHAPE_DEFINITION_REPRESENTATION(#1501,#1507);
#1501 = PRODUCT_DEFINITION_SHAPE('','',#1502);
#1502 = PRODUCT_DEFINITION('design','',#1503,#1506);
#1503 = PRODUCT_DEFINITION_FORMATION('','',#1504);
#1504 = PRODUCT('R2','R2','',(#1505));
#1505 = PRODUCT_CONTEXT('',#2,'mechanical');
#1506 = PRODUCT_DEFINITION_CONTEXT('part definition',#2,'design');
#1507 = SHAPE_REPRESENTATION('',(#11,#1508),#1512);
#1508 = AXIS2_PLACEMENT_3D('',#1509,#1510,#1511);
#1509 = CARTESIAN_POINT('',(24.765000137329,15.875000747681,0.));
#1510 = DIRECTION('',(0.,0.,1.));
#1511 = DIRECTION('',(1.,0.,0.));
#1512 = ( GEOMETRIC_REPRESENTATION_CONTEXT(3) 
GLOBAL_UNCERTAINTY_ASSIGNED_CONTEXT((#1516)) 
GLOBAL_UNIT_ASSIGNED_CONTEXT((#1513,#1514,#1515)) REPRESENTATION_CONTEXT
('Context #1','3D Context with UNIT and UNCERTAINTY') );
#1513 = ( LENGTH_UNIT() NAMED_UNIT(*) SI_UNIT(.MILLI.,.METRE.) );
#1514 = ( NAMED_UNIT(*) PLANE_ANGLE_UNIT() SI_UNIT($,.RADIAN.) );
#1515 = ( NAMED_UNIT(*) SI_UNIT($,.STERADIAN.) SOLID_ANGLE_UNIT() );
#1516 = UNCERTAINTY_MEASURE_WITH_UNIT(LENGTH_MEASURE(1.E-07),#1513,
  'distance_accuracy_value','confusion accuracy');
#1517 = SHAPE_DEFINITION_REPRESENTATION(#1518,#1524);
#1518 = PRODUCT_DEFINITION_SHAPE('','',#1519);
#1519 = PRODUCT_DEFINITION('design','',#1520,#1523);
#1520 = PRODUCT_DEFINITION_FORMATION('','',#1521);
#1521 = PRODUCT('6503690160','6503690160','',(#1522));
#1522 = PRODUCT_CONTEXT('',#2,'mechanical');
#1523 = PRODUCT_DEFINITION_CONTEXT('part definition',#2,'design');
#1524 = SHAPE_REPRESENTATION('',(#11,#1525),#1529);
#1525 = AXIS2_PLACEMENT_3D('',#1526,#1527,#1528);
#1526 = CARTESIAN_POINT('',(0.,0.,0.));
#1527 = DIRECTION('',(0.,0.,1.));
#1528 = DIRECTION('',(1.,0.,0.));
#1529 = ( GEOMETRIC_REPRESENTATION_CONTEXT(3) 
GLOBAL_UNCERTAINTY_ASSIGNED_CONTEXT((#1533)) 
GLOBAL_UNIT_ASSIGNED_CONTEXT((#1530,#1531,#1532)) REPRESENTATION_CONTEXT
('Context #1','3D Context with UNIT and UNCERTAINTY') );
#1530 = ( LENGTH_UNIT() NAMED_UNIT(*) SI_UNIT(.MILLI.,.METRE.) );
#1531 = ( NAMED_UNIT(*) PLANE_ANGLE_UNIT() SI_UNIT($,.RADIAN.) );
#1532 = ( NAMED_UNIT(*) SI_UNIT($,.STERADIAN.) SOLID_ANGLE_UNIT() );
#1533 = UNCERTAINTY_MEASURE_WITH_UNIT(LENGTH_MEASURE(1.E-07),#1530,
  'distance_accuracy_value','confusion accuracy');
#1534 = ADVANCED_BREP_SHAPE_REPRESENTATION('',(#11,#1535),#1685);
#1535 = MANIFOLD_SOLID_BREP('',#1536);
#1536 = CLOSED_SHELL('',(#1537,#1577,#1608,#1639,#1661,#1673));
#1537 = ADVANCED_FACE('',(#1538),#1572,.F.);
#1538 = FACE_BOUND('',#1539,.F.);
#1539 = EDGE_LOOP('',(#1540,#1550,#1558,#1566));
#1540 = ORIENTED_EDGE('',*,*,#1541,.T.);
#1541 = EDGE_CURVE('',#1542,#1544,#1546,.T.);
#1542 = VERTEX_POINT('',#1543);
#1543 = CARTESIAN_POINT('',(-0.17500092,0.32500062,0.));
#1544 = VERTEX_POINT('',#1545);
#1545 = CARTESIAN_POINT('',(-0.17500092,0.32500062,0.5499989));
#1546 = LINE('',#1547,#1548);
#1547 = CARTESIAN_POINT('',(-0.17500092,0.32500062,0.));
#1548 = VECTOR('',#1549,1.);
#1549 = DIRECTION('',(0.,0.,1.));
#1550 = ORIENTED_EDGE('',*,*,#1551,.T.);
#1551 = EDGE_CURVE('',#1544,#1552,#1554,.T.);
#1552 = VERTEX_POINT('',#1553);
#1553 = CARTESIAN_POINT('',(-0.17500092,-0.32500062,0.5499989));
#1554 = LINE('',#1555,#1556);
#1555 = CARTESIAN_POINT('',(-0.17500092,0.32500062,0.5499989));
#1556 = VECTOR('',#1557,1.);
#1557 = DIRECTION('',(0.,-1.,0.));
#1558 = ORIENTED_EDGE('',*,*,#1559,.F.);
#1559 = EDGE_CURVE('',#1560,#1552,#1562,.T.);
#1560 = VERTEX_POINT('',#1561);
#1561 = CARTESIAN_POINT('',(-0.17500092,-0.32500062,0.));
#1562 = LINE('',#1563,#1564);
#1563 = CARTESIAN_POINT('',(-0.17500092,-0.32500062,0.));
#1564 = VECTOR('',#1565,1.);
#1565 = DIRECTION('',(0.,0.,1.));
#1566 = ORIENTED_EDGE('',*,*,#1567,.F.);
#1567 = EDGE_CURVE('',#1542,#1560,#1568,.T.);
#1568 = LINE('',#1569,#1570);
#1569 = CARTESIAN_POINT('',(-0.17500092,0.32500062,0.));
#1570 = VECTOR('',#1571,1.);
#1571 = DIRECTION('',(0.,-1.,0.));
#1572 = PLANE('',#1573);
#1573 = AXIS2_PLACEMENT_3D('',#1574,#1575,#1576);
#1574 = CARTESIAN_POINT('',(-0.17500092,0.32500062,0.));
#1575 = DIRECTION('',(1.,0.,-0.));
#1576 = DIRECTION('',(0.,-1.,0.));
#1577 = ADVANCED_FACE('',(#1578),#1603,.F.);
#1578 = FACE_BOUND('',#1579,.F.);
#1579 = EDGE_LOOP('',(#1580,#1581,#1589,#1597));
#1580 = ORIENTED_EDGE('',*,*,#1559,.T.);
#1581 = ORIENTED_EDGE('',*,*,#1582,.T.);
#1582 = EDGE_CURVE('',#1552,#1583,#1585,.T.);
#1583 = VERTEX_POINT('',#1584);
#1584 = CARTESIAN_POINT('',(0.17500092,-0.32500062,0.5499989));
#1585 = LINE('',#1586,#1587);
#1586 = CARTESIAN_POINT('',(-0.17500092,-0.32500062,0.5499989));
#1587 = VECTOR('',#1588,1.);
#1588 = DIRECTION('',(1.,0.,0.));
#1589 = ORIENTED_EDGE('',*,*,#1590,.F.);
#1590 = EDGE_CURVE('',#1591,#1583,#1593,.T.);
#1591 = VERTEX_POINT('',#1592);
#1592 = CARTESIAN_POINT('',(0.17500092,-0.32500062,0.));
#1593 = LINE('',#1594,#1595);
#1594 = CARTESIAN_POINT('',(0.17500092,-0.32500062,0.));
#1595 = VECTOR('',#1596,1.);
#1596 = DIRECTION('',(0.,0.,1.));
#1597 = ORIENTED_EDGE('',*,*,#1598,.F.);
#1598 = EDGE_CURVE('',#1560,#1591,#1599,.T.);
#1599 = LINE('',#1600,#1601);
#1600 = CARTESIAN_POINT('',(-0.17500092,-0.32500062,0.));
#1601 = VECTOR('',#1602,1.);
#1602 = DIRECTION('',(1.,0.,0.));
#1603 = PLANE('',#1604);
#1604 = AXIS2_PLACEMENT_3D('',#1605,#1606,#1607);
#1605 = CARTESIAN_POINT('',(-0.17500092,-0.32500062,0.));
#1606 = DIRECTION('',(0.,1.,0.));
#1607 = DIRECTION('',(1.,0.,0.));
#1608 = ADVANCED_FACE('',(#1609),#1634,.F.);
#1609 = FACE_BOUND('',#1610,.F.);
#1610 = EDGE_LOOP('',(#1611,#1612,#1620,#1628));
#1611 = ORIENTED_EDGE('',*,*,#1590,.T.);
#1612 = ORIENTED_EDGE('',*,*,#1613,.T.);
#1613 = EDGE_CURVE('',#1583,#1614,#1616,.T.);
#1614 = VERTEX_POINT('',#1615);
#1615 = CARTESIAN_POINT('',(0.17500092,0.32500062,0.5499989));
#1616 = LINE('',#1617,#1618);
#1617 = CARTESIAN_POINT('',(0.17500092,-0.32500062,0.5499989));
#1618 = VECTOR('',#1619,1.);
#1619 = DIRECTION('',(0.,1.,0.));
#1620 = ORIENTED_EDGE('',*,*,#1621,.F.);
#1621 = EDGE_CURVE('',#1622,#1614,#1624,.T.);
#1622 = VERTEX_POINT('',#1623);
#1623 = CARTESIAN_POINT('',(0.17500092,0.32500062,0.));
#1624 = LINE('',#1625,#1626);
#1625 = CARTESIAN_POINT('',(0.17500092,0.32500062,0.));
#1626 = VECTOR('',#1627,1.);
#1627 = DIRECTION('',(0.,0.,1.));
#1628 = ORIENTED_EDGE('',*,*,#1629,.F.);
#1629 = EDGE_CURVE('',#1591,#1622,#1630,.T.);
#1630 = LINE('',#1631,#1632);
#1631 = CARTESIAN_POINT('',(0.17500092,-0.32500062,0.));
#1632 = VECTOR('',#1633,1.);
#1633 = DIRECTION('',(0.,1.,0.));
#1634 = PLANE('',#1635);
#1635 = AXIS2_PLACEMENT_3D('',#1636,#1637,#1638);
#1636 = CARTESIAN_POINT('',(0.17500092,-0.32500062,0.));
#1637 = DIRECTION('',(-1.,0.,0.));
#1638 = DIRECTION('',(0.,1.,0.));
#1639 = ADVANCED_FACE('',(#1640),#1656,.F.);
#1640 = FACE_BOUND('',#1641,.F.);
#1641 = EDGE_LOOP('',(#1642,#1643,#1649,#1650));
#1642 = ORIENTED_EDGE('',*,*,#1621,.T.);
#1643 = ORIENTED_EDGE('',*,*,#1644,.T.);
#1644 = EDGE_CURVE('',#1614,#1544,#1645,.T.);
#1645 = LINE('',#1646,#1647);
#1646 = CARTESIAN_POINT('',(0.17500092,0.32500062,0.5499989));
#1647 = VECTOR('',#1648,1.);
#1648 = DIRECTION('',(-1.,0.,0.));
#1649 = ORIENTED_EDGE('',*,*,#1541,.F.);
#1650 = ORIENTED_EDGE('',*,*,#1651,.F.);
#1651 = EDGE_CURVE('',#1622,#1542,#1652,.T.);
#1652 = LINE('',#1653,#1654);
#1653 = CARTESIAN_POINT('',(0.17500092,0.32500062,0.));
#1654 = VECTOR('',#1655,1.);
#1655 = DIRECTION('',(-1.,0.,0.));
#1656 = PLANE('',#1657);
#1657 = AXIS2_PLACEMENT_3D('',#1658,#1659,#1660);
#1658 = CARTESIAN_POINT('',(0.17500092,0.32500062,0.));
#1659 = DIRECTION('',(0.,-1.,0.));
#1660 = DIRECTION('',(-1.,0.,0.));
#1661 = ADVANCED_FACE('',(#1662),#1668,.F.);
#1662 = FACE_BOUND('',#1663,.F.);
#1663 = EDGE_LOOP('',(#1664,#1665,#1666,#1667));
#1664 = ORIENTED_EDGE('',*,*,#1567,.T.);
#1665 = ORIENTED_EDGE('',*,*,#1598,.T.);
#1666 = ORIENTED_EDGE('',*,*,#1629,.T.);
#1667 = ORIENTED_EDGE('',*,*,#1651,.T.);
#1668 = PLANE('',#1669);
#1669 = AXIS2_PLACEMENT_3D('',#1670,#1671,#1672);
#1670 = CARTESIAN_POINT('',(-5.330788822847E-15,1.790229113302E-15,0.));
#1671 = DIRECTION('',(0.,0.,1.));
#1672 = DIRECTION('',(1.,0.,-0.));
#1673 = ADVANCED_FACE('',(#1674),#1680,.T.);
#1674 = FACE_BOUND('',#1675,.T.);
#1675 = EDGE_LOOP('',(#1676,#1677,#1678,#1679));
#1676 = ORIENTED_EDGE('',*,*,#1551,.T.);
#1677 = ORIENTED_EDGE('',*,*,#1582,.T.);
#1678 = ORIENTED_EDGE('',*,*,#1613,.T.);
#1679 = ORIENTED_EDGE('',*,*,#1644,.T.);
#1680 = PLANE('',#1681);
#1681 = AXIS2_PLACEMENT_3D('',#1682,#1683,#1684);
#1682 = CARTESIAN_POINT('',(-5.330788822847E-15,1.790229113302E-15,
    0.5499989));
#1683 = DIRECTION('',(0.,0.,1.));
#1684 = DIRECTION('',(1.,0.,-0.));
#1685 = ( GEOMETRIC_REPRESENTATION_CONTEXT(3) 
GLOBAL_UNCERTAINTY_ASSIGNED_CONTEXT((#1689)) 
GLOBAL_UNIT_ASSIGNED_CONTEXT((#1686,#1687,#1688)) REPRESENTATION_CONTEXT
('Context #1','3D Context with UNIT and UNCERTAINTY') );
#1686 = ( LENGTH_UNIT() NAMED_UNIT(*) SI_UNIT(.MILLI.,.METRE.) );
#1687 = ( NAMED_UNIT(*) PLANE_ANGLE_UNIT() SI_UNIT($,.RADIAN.) );
#1688 = ( NAMED_UNIT(*) SI_UNIT($,.STERADIAN.) SOLID_ANGLE_UNIT() );
#1689 = UNCERTAINTY_MEASURE_WITH_UNIT(LENGTH_MEASURE(1.E-07),#1686,
  'distance_accuracy_value','confusion accuracy');
#1690 = SHAPE_DEFINITION_REPRESENTATION(#1691,#1534);
#1691 = PRODUCT_DEFINITION_SHAPE('','',#1692);
#1692 = PRODUCT_DEFINITION('design','',#1693,#1696);
#1693 = PRODUCT_DEFINITION_FORMATION('','',#1694);
#1694 = PRODUCT('Extruded','Extruded','',(#1695));
#1695 = PRODUCT_CONTEXT('',#2,'mechanical');
#1696 = PRODUCT_DEFINITION_CONTEXT('part definition',#2,'design');
#1697 = CONTEXT_DEPENDENT_SHAPE_REPRESENTATION(#1698,#1700);
#1698 = ( REPRESENTATION_RELATIONSHIP('','',#1534,#1524) 
REPRESENTATION_RELATIONSHIP_WITH_TRANSFORMATION(#1699) 
SHAPE_REPRESENTATION_RELATIONSHIP() );
#1699 = ITEM_DEFINED_TRANSFORMATION('','',#11,#1525);
#1700 = PRODUCT_DEFINITION_SHAPE('Placement','Placement of an item',
  #1701);
#1701 = NEXT_ASSEMBLY_USAGE_OCCURRENCE('12','2','',#1519,#1692,$);
#1702 = PRODUCT_RELATED_PRODUCT_CATEGORY('part',$,(#1694));
#1703 = CONTEXT_DEPENDENT_SHAPE_REPRESENTATION(#1704,#1706);
#1704 = ( REPRESENTATION_RELATIONSHIP('','',#1524,#1507) 
REPRESENTATION_RELATIONSHIP_WITH_TRANSFORMATION(#1705) 
SHAPE_REPRESENTATION_RELATIONSHIP() );
#1705 = ITEM_DEFINED_TRANSFORMATION('','',#11,#1508);
#1706 = PRODUCT_DEFINITION_SHAPE('Placement','Placement of an item',
  #1707);
#1707 = NEXT_ASSEMBLY_USAGE_OCCURRENCE('13','','',#1502,#1519,$);
#1708 = PRODUCT_RELATED_PRODUCT_CATEGORY('part',$,(#1521));
#1709 = CONTEXT_DEPENDENT_SHAPE_REPRESENTATION(#1710,#1712);
#1710 = ( REPRESENTATION_RELATIONSHIP('','',#1507,#10) 
REPRESENTATION_RELATIONSHIP_WITH_TRANSFORMATION(#1711) 
SHAPE_REPRESENTATION_RELATIONSHIP() );
#1711 = ITEM_DEFINED_TRANSFORMATION('','',#11,#23);
#1712 = PRODUCT_DEFINITION_SHAPE('Placement','Placement of an item',
  #1713);
#1713 = NEXT_ASSEMBLY_USAGE_OCCURRENCE('14','','',#5,#1502,$);
#1714 = PRODUCT_RELATED_PRODUCT_CATEGORY('part',$,(#1504));
#1715 = SHAPE_DEFINITION_REPRESENTATION(#1716,#1722);
#1716 = PRODUCT_DEFINITION_SHAPE('','',#1717);
#1717 = PRODUCT_DEFINITION('design','',#1718,#1721);
#1718 = PRODUCT_DEFINITION_FORMATION('','',#1719);
#1719 = PRODUCT('R1','R1','',(#1720));
#1720 = PRODUCT_CONTEXT('',#2,'mechanical');
#1721 = PRODUCT_DEFINITION_CONTEXT('part definition',#2,'design');
#1722 = SHAPE_REPRESENTATION('',(#11,#1723),#1727);
#1723 = AXIS2_PLACEMENT_3D('',#1724,#1725,#1726);
#1724 = CARTESIAN_POINT('',(28.574999603271,15.875000747681,0.));
#1725 = DIRECTION('',(0.,0.,1.));
#1726 = DIRECTION('',(1.,0.,0.));
#1727 = ( GEOMETRIC_REPRESENTATION_CONTEXT(3) 
GLOBAL_UNCERTAINTY_ASSIGNED_CONTEXT((#1731)) 
GLOBAL_UNIT_ASSIGNED_CONTEXT((#1728,#1729,#1730)) REPRESENTATION_CONTEXT
('Context #1','3D Context with UNIT and UNCERTAINTY') );
#1728 = ( LENGTH_UNIT() NAMED_UNIT(*) SI_UNIT(.MILLI.,.METRE.) );
#1729 = ( NAMED_UNIT(*) PLANE_ANGLE_UNIT() SI_UNIT($,.RADIAN.) );
#1730 = ( NAMED_UNIT(*) SI_UNIT($,.STERADIAN.) SOLID_ANGLE_UNIT() );
#1731 = UNCERTAINTY_MEASURE_WITH_UNIT(LENGTH_MEASURE(1.E-07),#1728,
  'distance_accuracy_value','confusion accuracy');
#1732 = CONTEXT_DEPENDENT_SHAPE_REPRESENTATION(#1733,#1735);
#1733 = ( REPRESENTATION_RELATIONSHIP('','',#1524,#1722) 
REPRESENTATION_RELATIONSHIP_WITH_TRANSFORMATION(#1734) 
SHAPE_REPRESENTATION_RELATIONSHIP() );
#1734 = ITEM_DEFINED_TRANSFORMATION('','',#11,#1723);
#1735 = PRODUCT_DEFINITION_SHAPE('Placement','Placement of an item',
  #1736);
#1736 = NEXT_ASSEMBLY_USAGE_OCCURRENCE('15','','',#1717,#1519,$);
#1737 = CONTEXT_DEPENDENT_SHAPE_REPRESENTATION(#1738,#1740);
#1738 = ( REPRESENTATION_RELATIONSHIP('','',#1722,#10) 
REPRESENTATION_RELATIONSHIP_WITH_TRANSFORMATION(#1739) 
SHAPE_REPRESENTATION_RELATIONSHIP() );
#1739 = ITEM_DEFINED_TRANSFORMATION('','',#11,#27);
#1740 = PRODUCT_DEFINITION_SHAPE('Placement','Placement of an item',
  #1741);
#1741 = NEXT_ASSEMBLY_USAGE_OCCURRENCE('16','','',#5,#1717,$);
#1742 = PRODUCT_RELATED_PRODUCT_CATEGORY('part',$,(#1719));
#1743 = SHAPE_DEFINITION_REPRESENTATION(#1744,#1750);
#1744 = PRODUCT_DEFINITION_SHAPE('','',#1745);
#1745 = PRODUCT_DEFINITION('design','',#1746,#1749);
#1746 = PRODUCT_DEFINITION_FORMATION('','',#1747);
#1747 = PRODUCT('L1','L1','',(#1748));
#1748 = PRODUCT_CONTEXT('',#2,'mechanical');
#1749 = PRODUCT_DEFINITION_CONTEXT('part definition',#2,'design');
#1750 = SHAPE_REPRESENTATION('',(#11,#1751),#1755);
#1751 = AXIS2_PLACEMENT_3D('',#1752,#1753,#1754);
#1752 = CARTESIAN_POINT('',(22.859999450684,10.7949998703,
    1.278127450496E-02));
#1753 = DIRECTION('',(-1.,-1.19248806385E-08,-4.371140912996E-08));
#1754 = DIRECTION('',(1.19248806385E-08,-1.,1.381291085557E-31));
#1755 = ( GEOMETRIC_REPRESENTATION_CONTEXT(3) 
GLOBAL_UNCERTAINTY_ASSIGNED_CONTEXT((#1759)) 
GLOBAL_UNIT_ASSIGNED_CONTEXT((#1756,#1757,#1758)) REPRESENTATION_CONTEXT
('Context #1','3D Context with UNIT and UNCERTAINTY') );
#1756 = ( LENGTH_UNIT() NAMED_UNIT(*) SI_UNIT(.MILLI.,.METRE.) );
#1757 = ( NAMED_UNIT(*) PLANE_ANGLE_UNIT() SI_UNIT($,.RADIAN.) );
#1758 = ( NAMED_UNIT(*) SI_UNIT($,.STERADIAN.) SOLID_ANGLE_UNIT() );
#1759 = UNCERTAINTY_MEASURE_WITH_UNIT(LENGTH_MEASURE(1.E-05),#1756,
  'distance_accuracy_value','confusion accuracy');
#1760 = ADVANCED_BREP_SHAPE_REPRESENTATION('',(#11,#1761),#4499);
#1761 = MANIFOLD_SOLID_BREP('',#1762);
#1762 = CLOSED_SHELL('',(#1763,#1805,#1847,#1958,#1989,#2091,#2128,#2168
    ,#2278,#2389,#2475,#2518,#2560,#2578,#2691,#2722,#2753,#2920,#2961,
    #3003,#3031,#3059,#3086,#3117,#3150,#3170,#3204,#3246,#3271,#3296,
    #3320,#3345,#3379,#3421,#3449,#3477,#3504,#3532,#3566,#3608,#3633,
    #3651,#3677,#3750,#3823,#3847,#3859,#3871,#3888,#3900,#3912,#3929,
    #3961,#3988,#4006,#4018,#4032,#4049,#4066,#4083,#4100,#4112,#4124,
    #4147,#4167,#4185,#4202,#4219,#4236,#4253,#4270,#4287,#4304,#4321,
    #4338,#4351,#4368,#4385,#4402,#4419,#4436,#4453,#4470,#4487));
#1763 = ADVANCED_FACE('',(#1764),#1800,.F.);
#1764 = FACE_BOUND('',#1765,.F.);
#1765 = EDGE_LOOP('',(#1766,#1776,#1785,#1793));
#1766 = ORIENTED_EDGE('',*,*,#1767,.T.);
#1767 = EDGE_CURVE('',#1768,#1770,#1772,.T.);
#1768 = VERTEX_POINT('',#1769);
#1769 = CARTESIAN_POINT('',(-3.,0.,-1.25));
#1770 = VERTEX_POINT('',#1771);
#1771 = CARTESIAN_POINT('',(3.,0.,-1.25));
#1772 = LINE('',#1773,#1774);
#1773 = CARTESIAN_POINT('',(-3.,0.,-1.25));
#1774 = VECTOR('',#1775,1.);
#1775 = DIRECTION('',(1.,0.,0.));
#1776 = ORIENTED_EDGE('',*,*,#1777,.T.);
#1777 = EDGE_CURVE('',#1770,#1778,#1780,.T.);
#1778 = VERTEX_POINT('',#1779);
#1779 = CARTESIAN_POINT('',(1.25,0.,-3.));
#1780 = CIRCLE('',#1781,3.25);
#1781 = AXIS2_PLACEMENT_3D('',#1782,#1783,#1784);
#1782 = CARTESIAN_POINT('',(0.,0.,0.));
#1783 = DIRECTION('',(0.,1.,0.));
#1784 = DIRECTION('',(0.923076923077,0.,-0.384615384615));
#1785 = ORIENTED_EDGE('',*,*,#1786,.T.);
#1786 = EDGE_CURVE('',#1778,#1787,#1789,.T.);
#1787 = VERTEX_POINT('',#1788);
#1788 = CARTESIAN_POINT('',(-1.25,0.,-3.));
#1789 = LINE('',#1790,#1791);
#1790 = CARTESIAN_POINT('',(1.25,0.,-3.));
#1791 = VECTOR('',#1792,1.);
#1792 = DIRECTION('',(-1.,0.,0.));
#1793 = ORIENTED_EDGE('',*,*,#1794,.T.);
#1794 = EDGE_CURVE('',#1787,#1768,#1795,.T.);
#1795 = CIRCLE('',#1796,3.25);
#1796 = AXIS2_PLACEMENT_3D('',#1797,#1798,#1799);
#1797 = CARTESIAN_POINT('',(0.,0.,0.));
#1798 = DIRECTION('',(0.,1.,0.));
#1799 = DIRECTION('',(-0.384615384615,0.,-0.923076923077));
#1800 = PLANE('',#1801);
#1801 = AXIS2_PLACEMENT_3D('',#1802,#1803,#1804);
#1802 = CARTESIAN_POINT('',(0.,0.,0.));
#1803 = DIRECTION('',(0.,1.,0.));
#1804 = DIRECTION('',(1.,0.,0.));
#1805 = ADVANCED_FACE('',(#1806),#1842,.F.);
#1806 = FACE_BOUND('',#1807,.F.);
#1807 = EDGE_LOOP('',(#1808,#1818,#1827,#1835));
#1808 = ORIENTED_EDGE('',*,*,#1809,.F.);
#1809 = EDGE_CURVE('',#1810,#1812,#1814,.T.);
#1810 = VERTEX_POINT('',#1811);
#1811 = CARTESIAN_POINT('',(-3.,0.,1.25));
#1812 = VERTEX_POINT('',#1813);
#1813 = CARTESIAN_POINT('',(3.,0.,1.25));
#1814 = LINE('',#1815,#1816);
#1815 = CARTESIAN_POINT('',(-3.,0.,1.25));
#1816 = VECTOR('',#1817,1.);
#1817 = DIRECTION('',(1.,0.,0.));
#1818 = ORIENTED_EDGE('',*,*,#1819,.T.);
#1819 = EDGE_CURVE('',#1810,#1820,#1822,.T.);
#1820 = VERTEX_POINT('',#1821);
#1821 = CARTESIAN_POINT('',(-1.25,0.,3.));
#1822 = CIRCLE('',#1823,3.25);
#1823 = AXIS2_PLACEMENT_3D('',#1824,#1825,#1826);
#1824 = CARTESIAN_POINT('',(0.,0.,0.));
#1825 = DIRECTION('',(0.,1.,0.));
#1826 = DIRECTION('',(-0.923076923077,0.,0.384615384615));
#1827 = ORIENTED_EDGE('',*,*,#1828,.T.);
#1828 = EDGE_CURVE('',#1820,#1829,#1831,.T.);
#1829 = VERTEX_POINT('',#1830);
#1830 = CARTESIAN_POINT('',(1.25,0.,3.));
#1831 = LINE('',#1832,#1833);
#1832 = CARTESIAN_POINT('',(-1.25,0.,3.));
#1833 = VECTOR('',#1834,1.);
#1834 = DIRECTION('',(1.,0.,0.));
#1835 = ORIENTED_EDGE('',*,*,#1836,.T.);
#1836 = EDGE_CURVE('',#1829,#1812,#1837,.T.);
#1837 = CIRCLE('',#1838,3.25);
#1838 = AXIS2_PLACEMENT_3D('',#1839,#1840,#1841);
#1839 = CARTESIAN_POINT('',(0.,0.,0.));
#1840 = DIRECTION('',(0.,1.,0.));
#1841 = DIRECTION('',(0.384615384615,-0.,0.923076923077));
#1842 = PLANE('',#1843);
#1843 = AXIS2_PLACEMENT_3D('',#1844,#1845,#1846);
#1844 = CARTESIAN_POINT('',(0.,0.,0.));
#1845 = DIRECTION('',(0.,1.,0.));
#1846 = DIRECTION('',(1.,0.,0.));
#1847 = ADVANCED_FACE('',(#1848),#1953,.F.);
#1848 = FACE_BOUND('',#1849,.F.);
#1849 = EDGE_LOOP('',(#1850,#1860,#1868,#1880,#1888,#1900,#1906,#1907,
    #1915,#1927,#1935,#1947));
#1850 = ORIENTED_EDGE('',*,*,#1851,.F.);
#1851 = EDGE_CURVE('',#1852,#1854,#1856,.T.);
#1852 = VERTEX_POINT('',#1853);
#1853 = CARTESIAN_POINT('',(2.7,0.444291398547,-0.139271503633));
#1854 = VERTEX_POINT('',#1855);
#1855 = CARTESIAN_POINT('',(-2.7,0.444291398547,-0.139271503633));
#1856 = LINE('',#1857,#1858);
#1857 = CARTESIAN_POINT('',(2.7,0.444291398547,-0.139271503633));
#1858 = VECTOR('',#1859,1.);
#1859 = DIRECTION('',(-1.,0.,0.));
#1860 = ORIENTED_EDGE('',*,*,#1861,.F.);
#1861 = EDGE_CURVE('',#1862,#1852,#1864,.T.);
#1862 = VERTEX_POINT('',#1863);
#1863 = CARTESIAN_POINT('',(2.7,0.332874044422,-0.417814888945));
#1864 = LINE('',#1865,#1866);
#1865 = CARTESIAN_POINT('',(2.7,0.332874044422,-0.417814888945));
#1866 = VECTOR('',#1867,1.);
#1867 = DIRECTION('',(0.,0.371390676354,0.928476690885));
#1868 = ORIENTED_EDGE('',*,*,#1869,.F.);
#1869 = EDGE_CURVE('',#1870,#1862,#1872,.T.);
#1870 = VERTEX_POINT('',#1871);
#1871 = CARTESIAN_POINT('',(2.782185111055,0.3,-0.5));
#1872 = B_SPLINE_CURVE_WITH_KNOTS('',3,(#1873,#1874,#1875,#1876,#1877,
    #1878,#1879),.UNSPECIFIED.,.F.,.F.,(4,1,1,1,4),(0.,0.25,0.5,0.75,1.)
  ,.QUASI_UNIFORM_KNOTS.);
#1873 = CARTESIAN_POINT('',(2.782185111055,0.3,-0.5));
#1874 = CARTESIAN_POINT('',(2.767960012339,0.3,-0.5));
#1875 = CARTESIAN_POINT('',(2.746282171148,0.302515189965,
    -0.493712025086));
#1876 = CARTESIAN_POINT('',(2.722188912144,0.309416385309,
    -0.476459036727));
#1877 = CARTESIAN_POINT('',(2.705624609827,0.319113764969,
    -0.452215587577));
#1878 = CARTESIAN_POINT('',(2.7,0.327590975389,-0.431022561529));
#1879 = CARTESIAN_POINT('',(2.7,0.332874044422,-0.417814888945));
#1880 = ORIENTED_EDGE('',*,*,#1881,.T.);
#1881 = EDGE_CURVE('',#1870,#1882,#1884,.T.);
#1882 = VERTEX_POINT('',#1883);
#1883 = CARTESIAN_POINT('',(2.92040601656,0.3,-0.5));
#1884 = LINE('',#1885,#1886);
#1885 = CARTESIAN_POINT('',(2.782185111055,0.3,-0.5));
#1886 = VECTOR('',#1887,1.);
#1887 = DIRECTION('',(1.,0.,0.));
#1888 = ORIENTED_EDGE('',*,*,#1889,.T.);
#1889 = EDGE_CURVE('',#1882,#1890,#1892,.T.);
#1890 = VERTEX_POINT('',#1891);
#1891 = CARTESIAN_POINT('',(3.,0.268162406624,-0.57959398344));
#1892 = B_SPLINE_CURVE_WITH_KNOTS('',3,(#1893,#1894,#1895,#1896,#1897,
    #1898,#1899),.UNSPECIFIED.,.F.,.F.,(4,1,1,1,4),(0.,0.25,0.5,0.75,1.)
  ,.QUASI_UNIFORM_KNOTS.);
#1893 = CARTESIAN_POINT('',(2.92040601656,0.3,-0.5));
#1894 = CARTESIAN_POINT('',(2.934182627155,0.3,-0.5));
#1895 = CARTESIAN_POINT('',(2.955177010573,0.297564108804,-0.50608972799
    ));
#1896 = CARTESIAN_POINT('',(2.978510658645,0.290880493964,
    -0.522798765091));
#1897 = CARTESIAN_POINT('',(2.994552722559,0.281488852751,
    -0.546277868123));
#1898 = CARTESIAN_POINT('',(3.,0.273278911351,-0.566802721623));
#1899 = CARTESIAN_POINT('',(3.,0.268162406624,-0.57959398344));
#1900 = ORIENTED_EDGE('',*,*,#1901,.T.);
#1901 = EDGE_CURVE('',#1890,#1770,#1902,.T.);
#1902 = LINE('',#1903,#1904);
#1903 = CARTESIAN_POINT('',(3.,0.268162406624,-0.57959398344));
#1904 = VECTOR('',#1905,1.);
#1905 = DIRECTION('',(0.,-0.371390676354,-0.928476690885));
#1906 = ORIENTED_EDGE('',*,*,#1767,.F.);
#1907 = ORIENTED_EDGE('',*,*,#1908,.F.);
#1908 = EDGE_CURVE('',#1909,#1768,#1911,.T.);
#1909 = VERTEX_POINT('',#1910);
#1910 = CARTESIAN_POINT('',(-3.,0.268162406624,-0.57959398344));
#1911 = LINE('',#1912,#1913);
#1912 = CARTESIAN_POINT('',(-3.,0.268162406624,-0.57959398344));
#1913 = VECTOR('',#1914,1.);
#1914 = DIRECTION('',(0.,-0.371390676354,-0.928476690885));
#1915 = ORIENTED_EDGE('',*,*,#1916,.T.);
#1916 = EDGE_CURVE('',#1909,#1917,#1919,.T.);
#1917 = VERTEX_POINT('',#1918);
#1918 = CARTESIAN_POINT('',(-2.92040601656,0.3,-0.5));
#1919 = B_SPLINE_CURVE_WITH_KNOTS('',3,(#1920,#1921,#1922,#1923,#1924,
    #1925,#1926),.UNSPECIFIED.,.F.,.F.,(4,1,1,1,4),(0.,0.25,0.5,0.75,1.)
  ,.QUASI_UNIFORM_KNOTS.);
#1920 = CARTESIAN_POINT('',(-3.,0.268162406624,-0.57959398344));
#1921 = CARTESIAN_POINT('',(-3.,0.273278911351,-0.566802721623));
#1922 = CARTESIAN_POINT('',(-2.994552722559,0.281488852751,
    -0.546277868123));
#1923 = CARTESIAN_POINT('',(-2.978510658645,0.290880493964,
    -0.522798765091));
#1924 = CARTESIAN_POINT('',(-2.955177010573,0.297564108804,
    -0.50608972799));
#1925 = CARTESIAN_POINT('',(-2.934182627155,0.3,-0.5));
#1926 = CARTESIAN_POINT('',(-2.92040601656,0.3,-0.5));
#1927 = ORIENTED_EDGE('',*,*,#1928,.T.);
#1928 = EDGE_CURVE('',#1917,#1929,#1931,.T.);
#1929 = VERTEX_POINT('',#1930);
#1930 = CARTESIAN_POINT('',(-2.782185111055,0.3,-0.5));
#1931 = LINE('',#1932,#1933);
#1932 = CARTESIAN_POINT('',(-2.92040601656,0.3,-0.5));
#1933 = VECTOR('',#1934,1.);
#1934 = DIRECTION('',(1.,0.,0.));
#1935 = ORIENTED_EDGE('',*,*,#1936,.F.);
#1936 = EDGE_CURVE('',#1937,#1929,#1939,.T.);
#1937 = VERTEX_POINT('',#1938);
#1938 = CARTESIAN_POINT('',(-2.7,0.332874044422,-0.417814888945));
#1939 = B_SPLINE_CURVE_WITH_KNOTS('',3,(#1940,#1941,#1942,#1943,#1944,
    #1945,#1946),.UNSPECIFIED.,.F.,.F.,(4,1,1,1,4),(0.,0.25,0.5,0.75,1.)
  ,.QUASI_UNIFORM_KNOTS.);
#1940 = CARTESIAN_POINT('',(-2.7,0.332874044422,-0.417814888945));
#1941 = CARTESIAN_POINT('',(-2.7,0.327590975389,-0.431022561529));
#1942 = CARTESIAN_POINT('',(-2.705624609827,0.319113764969,
    -0.452215587577));
#1943 = CARTESIAN_POINT('',(-2.722188912144,0.309416385309,
    -0.476459036727));
#1944 = CARTESIAN_POINT('',(-2.746282171148,0.302515189965,
    -0.493712025086));
#1945 = CARTESIAN_POINT('',(-2.767960012338,0.3,-0.5));
#1946 = CARTESIAN_POINT('',(-2.782185111055,0.3,-0.5));
#1947 = ORIENTED_EDGE('',*,*,#1948,.T.);
#1948 = EDGE_CURVE('',#1937,#1854,#1949,.T.);
#1949 = LINE('',#1950,#1951);
#1950 = CARTESIAN_POINT('',(-2.7,0.332874044422,-0.417814888945));
#1951 = VECTOR('',#1952,1.);
#1952 = DIRECTION('',(0.,0.371390676354,0.928476690885));
#1953 = PLANE('',#1954);
#1954 = AXIS2_PLACEMENT_3D('',#1955,#1956,#1957);
#1955 = CARTESIAN_POINT('',(-3.6,0.,-1.25));
#1956 = DIRECTION('',(0.,0.928476690885,-0.371390676354));
#1957 = DIRECTION('',(0.,0.371390676354,0.928476690885));
#1958 = ADVANCED_FACE('',(#1959),#1984,.T.);
#1959 = FACE_BOUND('',#1960,.F.);
#1960 = EDGE_LOOP('',(#1961,#1971,#1977,#1978));
#1961 = ORIENTED_EDGE('',*,*,#1962,.F.);
#1962 = EDGE_CURVE('',#1963,#1965,#1967,.T.);
#1963 = VERTEX_POINT('',#1964);
#1964 = CARTESIAN_POINT('',(2.7,0.444291398547,0.139271503633));
#1965 = VERTEX_POINT('',#1966);
#1966 = CARTESIAN_POINT('',(-2.7,0.444291398547,0.139271503633));
#1967 = LINE('',#1968,#1969);
#1968 = CARTESIAN_POINT('',(2.7,0.444291398547,0.139271503633));
#1969 = VECTOR('',#1970,1.);
#1970 = DIRECTION('',(-1.,0.,0.));
#1971 = ORIENTED_EDGE('',*,*,#1972,.T.);
#1972 = EDGE_CURVE('',#1963,#1852,#1973,.T.);
#1973 = LINE('',#1974,#1975);
#1974 = CARTESIAN_POINT('',(2.7,0.444291398547,0.139271503633));
#1975 = VECTOR('',#1976,1.);
#1976 = DIRECTION('',(0.,0.,-1.));
#1977 = ORIENTED_EDGE('',*,*,#1851,.T.);
#1978 = ORIENTED_EDGE('',*,*,#1979,.T.);
#1979 = EDGE_CURVE('',#1854,#1965,#1980,.T.);
#1980 = LINE('',#1981,#1982);
#1981 = CARTESIAN_POINT('',(-2.7,0.444291398547,-0.139271503633));
#1982 = VECTOR('',#1983,1.);
#1983 = DIRECTION('',(0.,0.,1.));
#1984 = PLANE('',#1985);
#1985 = AXIS2_PLACEMENT_3D('',#1986,#1987,#1988);
#1986 = CARTESIAN_POINT('',(0.,0.444291398547,0.));
#1987 = DIRECTION('',(0.,-1.,0.));
#1988 = DIRECTION('',(0.,0.,1.));
#1989 = ADVANCED_FACE('',(#1990),#2086,.F.);
#1990 = FACE_BOUND('',#1991,.F.);
#1991 = EDGE_LOOP('',(#1992,#1993,#2001,#2013,#2021,#2033,#2039,#2040,
    #2048,#2060,#2068,#2080));
#1992 = ORIENTED_EDGE('',*,*,#1962,.T.);
#1993 = ORIENTED_EDGE('',*,*,#1994,.F.);
#1994 = EDGE_CURVE('',#1995,#1965,#1997,.T.);
#1995 = VERTEX_POINT('',#1996);
#1996 = CARTESIAN_POINT('',(-2.7,0.347851038396,0.380372404009));
#1997 = LINE('',#1998,#1999);
#1998 = CARTESIAN_POINT('',(-2.7,0.347851038396,0.380372404009));
#1999 = VECTOR('',#2000,1.);
#2000 = DIRECTION('',(0.,0.371390676354,-0.928476690885));
#2001 = ORIENTED_EDGE('',*,*,#2002,.F.);
#2002 = EDGE_CURVE('',#2003,#1995,#2005,.T.);
#2003 = VERTEX_POINT('',#2004);
#2004 = CARTESIAN_POINT('',(-2.819627595991,0.3,0.5));
#2005 = B_SPLINE_CURVE_WITH_KNOTS('',3,(#2006,#2007,#2008,#2009,#2010,
    #2011,#2012),.UNSPECIFIED.,.F.,.F.,(4,1,1,1,4),(0.,0.25,0.5,0.75,1.)
  ,.QUASI_UNIFORM_KNOTS.);
#2006 = CARTESIAN_POINT('',(-2.819627595991,0.3,0.5));
#2007 = CARTESIAN_POINT('',(-2.798921724327,0.3,0.5));
#2008 = CARTESIAN_POINT('',(-2.767367736085,0.303661078329,
    0.490847304178));
#2009 = CARTESIAN_POINT('',(-2.732297896582,0.313706369962,
    0.465734075095));
#2010 = CARTESIAN_POINT('',(-2.70818711009,0.327821751705,0.430445620739
    ));
#2011 = CARTESIAN_POINT('',(-2.7,0.340161070714,0.399597323214));
#2012 = CARTESIAN_POINT('',(-2.7,0.347851038396,0.380372404009));
#2013 = ORIENTED_EDGE('',*,*,#2014,.T.);
#2014 = EDGE_CURVE('',#2003,#2015,#2017,.T.);
#2015 = VERTEX_POINT('',#2016);
#2016 = CARTESIAN_POINT('',(-2.924870380907,0.3,0.5));
#2017 = LINE('',#2018,#2019);
#2018 = CARTESIAN_POINT('',(-2.819627595991,0.3,0.5));
#2019 = VECTOR('',#2020,1.);
#2020 = DIRECTION('',(-1.,0.,0.));
#2021 = ORIENTED_EDGE('',*,*,#2022,.T.);
#2022 = EDGE_CURVE('',#2015,#2023,#2025,.T.);
#2023 = VERTEX_POINT('',#2024);
#2024 = CARTESIAN_POINT('',(-3.,0.269948152363,0.575129619093));
#2025 = B_SPLINE_CURVE_WITH_KNOTS('',3,(#2026,#2027,#2028,#2029,#2030,
    #2031,#2032),.UNSPECIFIED.,.F.,.F.,(4,1,1,1,4),(0.,0.25,0.5,0.75,1.)
  ,.QUASI_UNIFORM_KNOTS.);
#2026 = CARTESIAN_POINT('',(-2.924870380907,0.3,0.5));
#2027 = CARTESIAN_POINT('',(-2.937874272176,0.3,0.5));
#2028 = CARTESIAN_POINT('',(-2.957691097031,0.297700736038,
    0.505748159905));
#2029 = CARTESIAN_POINT('',(-2.979715979013,0.291391999932,
    0.521520000169));
#2030 = CARTESIAN_POINT('',(-2.994858256095,0.282527128538,
    0.543682178655));
#2031 = CARTESIAN_POINT('',(-3.,0.274777676337,0.563055809159));
#2032 = CARTESIAN_POINT('',(-3.,0.269948152363,0.575129619093));
#2033 = ORIENTED_EDGE('',*,*,#2034,.T.);
#2034 = EDGE_CURVE('',#2023,#1810,#2035,.T.);
#2035 = LINE('',#2036,#2037);
#2036 = CARTESIAN_POINT('',(-3.,0.269948152363,0.575129619093));
#2037 = VECTOR('',#2038,1.);
#2038 = DIRECTION('',(0.,-0.371390676354,0.928476690885));
#2039 = ORIENTED_EDGE('',*,*,#1809,.T.);
#2040 = ORIENTED_EDGE('',*,*,#2041,.F.);
#2041 = EDGE_CURVE('',#2042,#1812,#2044,.T.);
#2042 = VERTEX_POINT('',#2043);
#2043 = CARTESIAN_POINT('',(3.,0.269948152363,0.575129619093));
#2044 = LINE('',#2045,#2046);
#2045 = CARTESIAN_POINT('',(3.,0.269948152363,0.575129619093));
#2046 = VECTOR('',#2047,1.);
#2047 = DIRECTION('',(0.,-0.371390676354,0.928476690885));
#2048 = ORIENTED_EDGE('',*,*,#2049,.T.);
#2049 = EDGE_CURVE('',#2042,#2050,#2052,.T.);
#2050 = VERTEX_POINT('',#2051);
#2051 = CARTESIAN_POINT('',(2.924870380907,0.3,0.5));
#2052 = B_SPLINE_CURVE_WITH_KNOTS('',3,(#2053,#2054,#2055,#2056,#2057,
    #2058,#2059),.UNSPECIFIED.,.F.,.F.,(4,1,1,1,4),(0.,0.25,0.5,0.75,1.)
  ,.QUASI_UNIFORM_KNOTS.);
#2053 = CARTESIAN_POINT('',(3.,0.269948152363,0.575129619093));
#2054 = CARTESIAN_POINT('',(3.,0.274777676337,0.563055809159));
#2055 = CARTESIAN_POINT('',(2.994858256095,0.282527128538,0.543682178655
    ));
#2056 = CARTESIAN_POINT('',(2.979715979013,0.291391999932,0.521520000169
    ));
#2057 = CARTESIAN_POINT('',(2.957691097031,0.297700736038,0.505748159905
    ));
#2058 = CARTESIAN_POINT('',(2.937874272176,0.3,0.5));
#2059 = CARTESIAN_POINT('',(2.924870380907,0.3,0.5));
#2060 = ORIENTED_EDGE('',*,*,#2061,.T.);
#2061 = EDGE_CURVE('',#2050,#2062,#2064,.T.);
#2062 = VERTEX_POINT('',#2063);
#2063 = CARTESIAN_POINT('',(2.819627595991,0.3,0.5));
#2064 = LINE('',#2065,#2066);
#2065 = CARTESIAN_POINT('',(2.924870380907,0.3,0.5));
#2066 = VECTOR('',#2067,1.);
#2067 = DIRECTION('',(-1.,0.,0.));
#2068 = ORIENTED_EDGE('',*,*,#2069,.F.);
#2069 = EDGE_CURVE('',#2070,#2062,#2072,.T.);
#2070 = VERTEX_POINT('',#2071);
#2071 = CARTESIAN_POINT('',(2.7,0.347851038396,0.380372404009));
#2072 = B_SPLINE_CURVE_WITH_KNOTS('',3,(#2073,#2074,#2075,#2076,#2077,
    #2078,#2079),.UNSPECIFIED.,.F.,.F.,(4,1,1,1,4),(0.,0.25,0.5,0.75,1.)
  ,.QUASI_UNIFORM_KNOTS.);
#2073 = CARTESIAN_POINT('',(2.7,0.347851038396,0.380372404009));
#2074 = CARTESIAN_POINT('',(2.7,0.340161070714,0.399597323214));
#2075 = CARTESIAN_POINT('',(2.70818711009,0.327821751705,0.430445620739)
  );
#2076 = CARTESIAN_POINT('',(2.732297896582,0.313706369962,0.465734075095
    ));
#2077 = CARTESIAN_POINT('',(2.767367736085,0.303661078329,0.490847304178
    ));
#2078 = CARTESIAN_POINT('',(2.798921724327,0.3,0.5));
#2079 = CARTESIAN_POINT('',(2.819627595991,0.3,0.5));
#2080 = ORIENTED_EDGE('',*,*,#2081,.T.);
#2081 = EDGE_CURVE('',#2070,#1963,#2082,.T.);
#2082 = LINE('',#2083,#2084);
#2083 = CARTESIAN_POINT('',(2.7,0.347851038396,0.380372404009));
#2084 = VECTOR('',#2085,1.);
#2085 = DIRECTION('',(0.,0.371390676354,-0.928476690885));
#2086 = PLANE('',#2087);
#2087 = AXIS2_PLACEMENT_3D('',#2088,#2089,#2090);
#2088 = CARTESIAN_POINT('',(-3.6,0.5,0.));
#2089 = DIRECTION('',(0.,0.928476690885,0.371390676354));
#2090 = DIRECTION('',(0.,-0.371390676354,0.928476690885));
#2091 = ADVANCED_FACE('',(#2092),#2123,.T.);
#2092 = FACE_BOUND('',#2093,.F.);
#2093 = EDGE_LOOP('',(#2094,#2095,#2096,#2097,#2105,#2117));
#2094 = ORIENTED_EDGE('',*,*,#1994,.T.);
#2095 = ORIENTED_EDGE('',*,*,#1979,.F.);
#2096 = ORIENTED_EDGE('',*,*,#1948,.F.);
#2097 = ORIENTED_EDGE('',*,*,#2098,.T.);
#2098 = EDGE_CURVE('',#1937,#2099,#2101,.T.);
#2099 = VERTEX_POINT('',#2100);
#2100 = CARTESIAN_POINT('',(-2.7,1.012246991069,-0.417814888945));
#2101 = LINE('',#2102,#2103);
#2102 = CARTESIAN_POINT('',(-2.7,0.332874044422,-0.417814888945));
#2103 = VECTOR('',#2104,1.);
#2104 = DIRECTION('',(0.,1.,0.));
#2105 = ORIENTED_EDGE('',*,*,#2106,.F.);
#2106 = EDGE_CURVE('',#2107,#2099,#2109,.T.);
#2107 = VERTEX_POINT('',#2108);
#2108 = CARTESIAN_POINT('',(-2.7,1.014096983287,0.380372404009));
#2109 = B_SPLINE_CURVE_WITH_KNOTS('',3,(#2110,#2111,#2112,#2113,#2114,
    #2115,#2116),.UNSPECIFIED.,.F.,.F.,(4,1,1,1,4),(0.,0.25,0.5,0.75,1.)
  ,.QUASI_UNIFORM_KNOTS.);
#2110 = CARTESIAN_POINT('',(-2.7,1.014096983287,0.380372404009));
#2111 = CARTESIAN_POINT('',(-2.7,1.017498717834,0.31086705051));
#2112 = CARTESIAN_POINT('',(-2.7,1.023545787802,0.174650074573));
#2113 = CARTESIAN_POINT('',(-2.7,1.026314239098,-1.673361956394E-02));
#2114 = CARTESIAN_POINT('',(-2.7,1.022359615876,-0.20950142232));
#2115 = CARTESIAN_POINT('',(-2.7,1.015754075302,-0.347268302538));
#2116 = CARTESIAN_POINT('',(-2.7,1.012246991069,-0.417814888945));
#2117 = ORIENTED_EDGE('',*,*,#2118,.F.);
#2118 = EDGE_CURVE('',#1995,#2107,#2119,.T.);
#2119 = LINE('',#2120,#2121);
#2120 = CARTESIAN_POINT('',(-2.7,0.347851038396,0.380372404009));
#2121 = VECTOR('',#2122,1.);
#2122 = DIRECTION('',(0.,1.,0.));
#2123 = PLANE('',#2124);
#2124 = AXIS2_PLACEMENT_3D('',#2125,#2126,#2127);
#2125 = CARTESIAN_POINT('',(-2.7,0.,-0.417814888945));
#2126 = DIRECTION('',(-1.,0.,0.));
#2127 = DIRECTION('',(0.,0.,1.));
#2128 = ADVANCED_FACE('',(#2129),#2163,.F.);
#2129 = FACE_BOUND('',#2130,.F.);
#2130 = EDGE_LOOP('',(#2131,#2142,#2155,#2156,#2157));
#2131 = ORIENTED_EDGE('',*,*,#2132,.T.);
#2132 = EDGE_CURVE('',#2133,#2135,#2137,.T.);
#2133 = VERTEX_POINT('',#2134);
#2134 = CARTESIAN_POINT('',(-2.782185111055,1.,-0.5));
#2135 = VERTEX_POINT('',#2136);
#2136 = CARTESIAN_POINT('',(-2.764905381562,1.,-0.498162897787));
#2137 = CIRCLE('',#2138,8.218511105517E-02);
#2138 = AXIS2_PLACEMENT_3D('',#2139,#2140,#2141);
#2139 = CARTESIAN_POINT('',(-2.782185111055,1.,-0.417814888945));
#2140 = DIRECTION('',(0.,-1.,0.));
#2141 = DIRECTION('',(0.,0.,-1.));
#2142 = ORIENTED_EDGE('',*,*,#2143,.T.);
#2143 = EDGE_CURVE('',#2135,#2099,#2144,.T.);
#2144 = B_SPLINE_CURVE_WITH_KNOTS('',3,(#2145,#2146,#2147,#2148,#2149,
    #2150,#2151,#2152,#2153,#2154),.UNSPECIFIED.,.F.,.F.,(4,1,1,1,1,1,1,
    4),(0.,0.142857142857,0.285714285714,0.428571428571,0.571428571429,
    0.714285714286,0.857142857143,1.),.UNSPECIFIED.);
#2145 = CARTESIAN_POINT('',(-2.764905858811,1.,-0.49816079398));
#2146 = CARTESIAN_POINT('',(-2.759785984452,1.,-0.497059708287));
#2147 = CARTESIAN_POINT('',(-2.749665500506,1.000331306503,
    -0.493863436095));
#2148 = CARTESIAN_POINT('',(-2.735382826533,1.001802186322,
    -0.486029189269));
#2149 = CARTESIAN_POINT('',(-2.722870287001,1.004026919246,
    -0.475471329822));
#2150 = CARTESIAN_POINT('',(-2.712762752312,1.00661068423,
    -0.462787613963));
#2151 = CARTESIAN_POINT('',(-2.705354044411,1.009143269778,
    -0.448406415894));
#2152 = CARTESIAN_POINT('',(-2.70097891713,1.011157513397,
    -0.433334866679));
#2153 = CARTESIAN_POINT('',(-2.7,1.011990849211,-0.422967298342));
#2154 = CARTESIAN_POINT('',(-2.7,1.012246991069,-0.417814888945));
#2155 = ORIENTED_EDGE('',*,*,#2098,.F.);
#2156 = ORIENTED_EDGE('',*,*,#1936,.T.);
#2157 = ORIENTED_EDGE('',*,*,#2158,.T.);
#2158 = EDGE_CURVE('',#1929,#2133,#2159,.T.);
#2159 = LINE('',#2160,#2161);
#2160 = CARTESIAN_POINT('',(-2.782185111055,0.3,-0.5));
#2161 = VECTOR('',#2162,1.);
#2162 = DIRECTION('',(0.,1.,0.));
#2163 = CYLINDRICAL_SURFACE('',#2164,8.218511105517E-02);
#2164 = AXIS2_PLACEMENT_3D('',#2165,#2166,#2167);
#2165 = CARTESIAN_POINT('',(-2.782185111055,0.,-0.417814888945));
#2166 = DIRECTION('',(0.,1.,0.));
#2167 = DIRECTION('',(1.,0.,0.));
#2168 = ADVANCED_FACE('',(#2169),#2273,.T.);
#2169 = FACE_BOUND('',#2170,.F.);
#2170 = EDGE_LOOP('',(#2171,#2180,#2181,#2189,#2198,#2206,#2215,#2223,
    #2232,#2240,#2249,#2257,#2266));
#2171 = ORIENTED_EDGE('',*,*,#2172,.T.);
#2172 = EDGE_CURVE('',#2173,#2135,#2175,.T.);
#2173 = VERTEX_POINT('',#2174);
#2174 = CARTESIAN_POINT('',(0.,1.,-2.809424859597));
#2175 = CIRCLE('',#2176,2.809424859597);
#2176 = AXIS2_PLACEMENT_3D('',#2177,#2178,#2179);
#2177 = CARTESIAN_POINT('',(0.,1.,0.));
#2178 = DIRECTION('',(0.,1.,0.));
#2179 = DIRECTION('',(0.,0.,-1.));
#2180 = ORIENTED_EDGE('',*,*,#2132,.F.);
#2181 = ORIENTED_EDGE('',*,*,#2182,.F.);
#2182 = EDGE_CURVE('',#2183,#2133,#2185,.T.);
#2183 = VERTEX_POINT('',#2184);
#2184 = CARTESIAN_POINT('',(-2.92040601656,1.,-0.5));
#2185 = LINE('',#2186,#2187);
#2186 = CARTESIAN_POINT('',(-2.92040601656,1.,-0.5));
#2187 = VECTOR('',#2188,1.);
#2188 = DIRECTION('',(1.,0.,0.));
#2189 = ORIENTED_EDGE('',*,*,#2190,.F.);
#2190 = EDGE_CURVE('',#2191,#2183,#2193,.T.);
#2191 = VERTEX_POINT('',#2192);
#2192 = CARTESIAN_POINT('',(-3.,1.,-0.57959398344));
#2193 = CIRCLE('',#2194,7.959398343967E-02);
#2194 = AXIS2_PLACEMENT_3D('',#2195,#2196,#2197);
#2195 = CARTESIAN_POINT('',(-2.92040601656,1.,-0.57959398344));
#2196 = DIRECTION('',(0.,1.,0.));
#2197 = DIRECTION('',(-1.,0.,0.));
#2198 = ORIENTED_EDGE('',*,*,#2199,.F.);
#2199 = EDGE_CURVE('',#2200,#2191,#2202,.T.);
#2200 = VERTEX_POINT('',#2201);
#2201 = CARTESIAN_POINT('',(-3.,1.,-1.25));
#2202 = LINE('',#2203,#2204);
#2203 = CARTESIAN_POINT('',(-3.,1.,-1.25));
#2204 = VECTOR('',#2205,1.);
#2205 = DIRECTION('',(0.,0.,1.));
#2206 = ORIENTED_EDGE('',*,*,#2207,.F.);
#2207 = EDGE_CURVE('',#2208,#2200,#2210,.T.);
#2208 = VERTEX_POINT('',#2209);
#2209 = CARTESIAN_POINT('',(-1.25,1.,-3.));
#2210 = CIRCLE('',#2211,3.25);
#2211 = AXIS2_PLACEMENT_3D('',#2212,#2213,#2214);
#2212 = CARTESIAN_POINT('',(0.,1.,0.));
#2213 = DIRECTION('',(0.,1.,0.));
#2214 = DIRECTION('',(-0.384615384615,0.,-0.923076923077));
#2215 = ORIENTED_EDGE('',*,*,#2216,.F.);
#2216 = EDGE_CURVE('',#2217,#2208,#2219,.T.);
#2217 = VERTEX_POINT('',#2218);
#2218 = CARTESIAN_POINT('',(1.25,1.,-3.));
#2219 = LINE('',#2220,#2221);
#2220 = CARTESIAN_POINT('',(1.25,1.,-3.));
#2221 = VECTOR('',#2222,1.);
#2222 = DIRECTION('',(-1.,0.,0.));
#2223 = ORIENTED_EDGE('',*,*,#2224,.F.);
#2224 = EDGE_CURVE('',#2225,#2217,#2227,.T.);
#2225 = VERTEX_POINT('',#2226);
#2226 = CARTESIAN_POINT('',(3.,1.,-1.25));
#2227 = CIRCLE('',#2228,3.25);
#2228 = AXIS2_PLACEMENT_3D('',#2229,#2230,#2231);
#2229 = CARTESIAN_POINT('',(0.,1.,0.));
#2230 = DIRECTION('',(0.,1.,0.));
#2231 = DIRECTION('',(0.923076923077,0.,-0.384615384615));
#2232 = ORIENTED_EDGE('',*,*,#2233,.F.);
#2233 = EDGE_CURVE('',#2234,#2225,#2236,.T.);
#2234 = VERTEX_POINT('',#2235);
#2235 = CARTESIAN_POINT('',(3.,1.,-0.57959398344));
#2236 = LINE('',#2237,#2238);
#2237 = CARTESIAN_POINT('',(3.,1.,-0.57959398344));
#2238 = VECTOR('',#2239,1.);
#2239 = DIRECTION('',(0.,0.,-1.));
#2240 = ORIENTED_EDGE('',*,*,#2241,.F.);
#2241 = EDGE_CURVE('',#2242,#2234,#2244,.T.);
#2242 = VERTEX_POINT('',#2243);
#2243 = CARTESIAN_POINT('',(2.92040601656,1.,-0.5));
#2244 = CIRCLE('',#2245,7.959398343967E-02);
#2245 = AXIS2_PLACEMENT_3D('',#2246,#2247,#2248);
#2246 = CARTESIAN_POINT('',(2.92040601656,1.,-0.57959398344));
#2247 = DIRECTION('',(0.,1.,0.));
#2248 = DIRECTION('',(-1.115886378992E-14,0.,1.));
#2249 = ORIENTED_EDGE('',*,*,#2250,.F.);
#2250 = EDGE_CURVE('',#2251,#2242,#2253,.T.);
#2251 = VERTEX_POINT('',#2252);
#2252 = CARTESIAN_POINT('',(2.782185111055,1.,-0.5));
#2253 = LINE('',#2254,#2255);
#2254 = CARTESIAN_POINT('',(2.782185111055,1.,-0.5));
#2255 = VECTOR('',#2256,1.);
#2256 = DIRECTION('',(1.,0.,0.));
#2257 = ORIENTED_EDGE('',*,*,#2258,.F.);
#2258 = EDGE_CURVE('',#2259,#2251,#2261,.T.);
#2259 = VERTEX_POINT('',#2260);
#2260 = CARTESIAN_POINT('',(2.764905381711,1.,-0.498162896958));
#2261 = CIRCLE('',#2262,8.218511105517E-02);
#2262 = AXIS2_PLACEMENT_3D('',#2263,#2264,#2265);
#2263 = CARTESIAN_POINT('',(2.782185111055,1.,-0.417814888945));
#2264 = DIRECTION('',(0.,-1.,0.));
#2265 = DIRECTION('',(-0.210249810015,-0.,-0.977647695946));
#2266 = ORIENTED_EDGE('',*,*,#2267,.T.);
#2267 = EDGE_CURVE('',#2259,#2173,#2268,.T.);
#2268 = CIRCLE('',#2269,2.809424859597);
#2269 = AXIS2_PLACEMENT_3D('',#2270,#2271,#2272);
#2270 = CARTESIAN_POINT('',(0.,1.,0.));
#2271 = DIRECTION('',(0.,1.,0.));
#2272 = DIRECTION('',(0.984153526038,0.,-0.177318462623));
#2273 = PLANE('',#2274);
#2274 = AXIS2_PLACEMENT_3D('',#2275,#2276,#2277);
#2275 = CARTESIAN_POINT('',(0.,1.,0.));
#2276 = DIRECTION('',(0.,1.,0.));
#2277 = DIRECTION('',(1.,0.,0.));
#2278 = ADVANCED_FACE('',(#2279),#2384,.T.);
#2279 = FACE_BOUND('',#2280,.F.);
#2280 = EDGE_LOOP('',(#2281,#2292,#2301,#2309,#2318,#2326,#2335,#2343,
    #2352,#2360,#2369,#2377));
#2281 = ORIENTED_EDGE('',*,*,#2282,.F.);
#2282 = EDGE_CURVE('',#2283,#2285,#2287,.T.);
#2283 = VERTEX_POINT('',#2284);
#2284 = CARTESIAN_POINT('',(2.766772215413,1.,0.487690018903));
#2285 = VERTEX_POINT('',#2286);
#2286 = CARTESIAN_POINT('',(-2.766772242608,1.,0.487690032297));
#2287 = CIRCLE('',#2288,2.809424859597);
#2288 = AXIS2_PLACEMENT_3D('',#2289,#2290,#2291);
#2289 = CARTESIAN_POINT('',(0.,1.,0.));
#2290 = DIRECTION('',(0.,-1.,0.));
#2291 = DIRECTION('',(0.984817892287,0.,0.173590665162));
#2292 = ORIENTED_EDGE('',*,*,#2293,.F.);
#2293 = EDGE_CURVE('',#2294,#2283,#2296,.T.);
#2294 = VERTEX_POINT('',#2295);
#2295 = CARTESIAN_POINT('',(2.819627595991,1.,0.5));
#2296 = CIRCLE('',#2297,0.119627595991);
#2297 = AXIS2_PLACEMENT_3D('',#2298,#2299,#2300);
#2298 = CARTESIAN_POINT('',(2.819627595991,1.,0.380372404009));
#2299 = DIRECTION('',(0.,-1.,0.));
#2300 = DIRECTION('',(0.,0.,1.));
#2301 = ORIENTED_EDGE('',*,*,#2302,.F.);
#2302 = EDGE_CURVE('',#2303,#2294,#2305,.T.);
#2303 = VERTEX_POINT('',#2304);
#2304 = CARTESIAN_POINT('',(2.924870380907,1.,0.5));
#2305 = LINE('',#2306,#2307);
#2306 = CARTESIAN_POINT('',(2.924870380907,1.,0.5));
#2307 = VECTOR('',#2308,1.);
#2308 = DIRECTION('',(-1.,0.,0.));
#2309 = ORIENTED_EDGE('',*,*,#2310,.F.);
#2310 = EDGE_CURVE('',#2311,#2303,#2313,.T.);
#2311 = VERTEX_POINT('',#2312);
#2312 = CARTESIAN_POINT('',(3.,1.,0.575129619093));
#2313 = CIRCLE('',#2314,7.51296190933E-02);
#2314 = AXIS2_PLACEMENT_3D('',#2315,#2316,#2317);
#2315 = CARTESIAN_POINT('',(2.924870380907,1.,0.575129619093));
#2316 = DIRECTION('',(-0.,1.,0.));
#2317 = DIRECTION('',(1.,0.,0.));
#2318 = ORIENTED_EDGE('',*,*,#2319,.F.);
#2319 = EDGE_CURVE('',#2320,#2311,#2322,.T.);
#2320 = VERTEX_POINT('',#2321);
#2321 = CARTESIAN_POINT('',(3.,1.,1.25));
#2322 = LINE('',#2323,#2324);
#2323 = CARTESIAN_POINT('',(3.,1.,1.25));
#2324 = VECTOR('',#2325,1.);
#2325 = DIRECTION('',(0.,0.,-1.));
#2326 = ORIENTED_EDGE('',*,*,#2327,.F.);
#2327 = EDGE_CURVE('',#2328,#2320,#2330,.T.);
#2328 = VERTEX_POINT('',#2329);
#2329 = CARTESIAN_POINT('',(1.25,1.,3.));
#2330 = CIRCLE('',#2331,3.25);
#2331 = AXIS2_PLACEMENT_3D('',#2332,#2333,#2334);
#2332 = CARTESIAN_POINT('',(0.,1.,0.));
#2333 = DIRECTION('',(0.,1.,0.));
#2334 = DIRECTION('',(0.384615384615,-0.,0.923076923077));
#2335 = ORIENTED_EDGE('',*,*,#2336,.F.);
#2336 = EDGE_CURVE('',#2337,#2328,#2339,.T.);
#2337 = VERTEX_POINT('',#2338);
#2338 = CARTESIAN_POINT('',(-1.25,1.,3.));
#2339 = LINE('',#2340,#2341);
#2340 = CARTESIAN_POINT('',(-1.25,1.,3.));
#2341 = VECTOR('',#2342,1.);
#2342 = DIRECTION('',(1.,0.,0.));
#2343 = ORIENTED_EDGE('',*,*,#2344,.F.);
#2344 = EDGE_CURVE('',#2345,#2337,#2347,.T.);
#2345 = VERTEX_POINT('',#2346);
#2346 = CARTESIAN_POINT('',(-3.,1.,1.25));
#2347 = CIRCLE('',#2348,3.25);
#2348 = AXIS2_PLACEMENT_3D('',#2349,#2350,#2351);
#2349 = CARTESIAN_POINT('',(0.,1.,0.));
#2350 = DIRECTION('',(0.,1.,0.));
#2351 = DIRECTION('',(-0.923076923077,0.,0.384615384615));
#2352 = ORIENTED_EDGE('',*,*,#2353,.F.);
#2353 = EDGE_CURVE('',#2354,#2345,#2356,.T.);
#2354 = VERTEX_POINT('',#2355);
#2355 = CARTESIAN_POINT('',(-3.,1.,0.575129619093));
#2356 = LINE('',#2357,#2358);
#2357 = CARTESIAN_POINT('',(-3.,1.,0.575129619093));
#2358 = VECTOR('',#2359,1.);
#2359 = DIRECTION('',(0.,0.,1.));
#2360 = ORIENTED_EDGE('',*,*,#2361,.F.);
#2361 = EDGE_CURVE('',#2362,#2354,#2364,.T.);
#2362 = VERTEX_POINT('',#2363);
#2363 = CARTESIAN_POINT('',(-2.924870380907,1.,0.5));
#2364 = CIRCLE('',#2365,7.51296190933E-02);
#2365 = AXIS2_PLACEMENT_3D('',#2366,#2367,#2368);
#2366 = CARTESIAN_POINT('',(-2.924870380907,1.,0.575129619093));
#2367 = DIRECTION('',(0.,1.,0.));
#2368 = DIRECTION('',(0.,0.,-1.));
#2369 = ORIENTED_EDGE('',*,*,#2370,.F.);
#2370 = EDGE_CURVE('',#2371,#2362,#2373,.T.);
#2371 = VERTEX_POINT('',#2372);
#2372 = CARTESIAN_POINT('',(-2.819627595991,1.,0.5));
#2373 = LINE('',#2374,#2375);
#2374 = CARTESIAN_POINT('',(-2.819627595991,1.,0.5));
#2375 = VECTOR('',#2376,1.);
#2376 = DIRECTION('',(-1.,0.,0.));
#2377 = ORIENTED_EDGE('',*,*,#2378,.F.);
#2378 = EDGE_CURVE('',#2285,#2371,#2379,.T.);
#2379 = CIRCLE('',#2380,0.119627595991);
#2380 = AXIS2_PLACEMENT_3D('',#2381,#2382,#2383);
#2381 = CARTESIAN_POINT('',(-2.819627595991,1.,0.380372404009));
#2382 = DIRECTION('',(0.,-1.,0.));
#2383 = DIRECTION('',(0.441832446312,0.,0.897097591896));
#2384 = PLANE('',#2385);
#2385 = AXIS2_PLACEMENT_3D('',#2386,#2387,#2388);
#2386 = CARTESIAN_POINT('',(0.,1.,0.));
#2387 = DIRECTION('',(0.,1.,0.));
#2388 = DIRECTION('',(1.,0.,0.));
#2389 = ADVANCED_FACE('',(#2390),#2470,.F.);
#2390 = FACE_BOUND('',#2391,.F.);
#2391 = EDGE_LOOP('',(#2392,#2393,#2394,#2395,#2404,#2413,#2422,#2431,
    #2443,#2456,#2457));
#2392 = ORIENTED_EDGE('',*,*,#2106,.T.);
#2393 = ORIENTED_EDGE('',*,*,#2143,.F.);
#2394 = ORIENTED_EDGE('',*,*,#2172,.F.);
#2395 = ORIENTED_EDGE('',*,*,#2396,.T.);
#2396 = EDGE_CURVE('',#2173,#2397,#2399,.T.);
#2397 = VERTEX_POINT('',#2398);
#2398 = CARTESIAN_POINT('',(0.,1.25,-2.559424859597));
#2399 = CIRCLE('',#2400,0.25);
#2400 = AXIS2_PLACEMENT_3D('',#2401,#2402,#2403);
#2401 = CARTESIAN_POINT('',(0.,1.25,-2.809424859597));
#2402 = DIRECTION('',(-1.,0.,0.));
#2403 = DIRECTION('',(0.,-1.,0.));
#2404 = ORIENTED_EDGE('',*,*,#2405,.T.);
#2405 = EDGE_CURVE('',#2397,#2406,#2408,.T.);
#2406 = VERTEX_POINT('',#2407);
#2407 = CARTESIAN_POINT('',(0.,1.25,2.559424859597));
#2408 = CIRCLE('',#2409,2.559424859597);
#2409 = AXIS2_PLACEMENT_3D('',#2410,#2411,#2412);
#2410 = CARTESIAN_POINT('',(0.,1.25,0.));
#2411 = DIRECTION('',(0.,1.,0.));
#2412 = DIRECTION('',(0.,0.,-1.));
#2413 = ORIENTED_EDGE('',*,*,#2414,.T.);
#2414 = EDGE_CURVE('',#2406,#2415,#2417,.T.);
#2415 = VERTEX_POINT('',#2416);
#2416 = CARTESIAN_POINT('',(2.559420263052,1.25,-4.850669915694E-03));
#2417 = CIRCLE('',#2418,2.559424859597);
#2418 = AXIS2_PLACEMENT_3D('',#2419,#2420,#2421);
#2419 = CARTESIAN_POINT('',(0.,1.25,0.));
#2420 = DIRECTION('',(0.,1.,0.));
#2421 = DIRECTION('',(0.,-0.,1.));
#2422 = ORIENTED_EDGE('',*,*,#2423,.F.);
#2423 = EDGE_CURVE('',#2424,#2415,#2426,.T.);
#2424 = VERTEX_POINT('',#2425);
#2425 = CARTESIAN_POINT('',(2.7,1.025217316606,-5.101329504659E-03));
#2426 = CIRCLE('',#2427,0.25);
#2427 = AXIS2_PLACEMENT_3D('',#2428,#2429,#2430);
#2428 = CARTESIAN_POINT('',(2.809419845122,1.25,-5.308065313665E-03));
#2429 = DIRECTION('',(-1.889377925711E-03,1.084202172486E-19,
    -0.999998215124));
#2430 = DIRECTION('',(-0.437679380486,-0.899130733577,8.269432360205E-04
    ));
#2431 = ORIENTED_EDGE('',*,*,#2432,.F.);
#2432 = EDGE_CURVE('',#2433,#2424,#2435,.T.);
#2433 = VERTEX_POINT('',#2434);
#2434 = CARTESIAN_POINT('',(2.7,1.014096983287,0.380372404009));
#2435 = B_SPLINE_CURVE_WITH_KNOTS('',3,(#2436,#2437,#2438,#2439,#2440,
    #2441,#2442),.UNSPECIFIED.,.F.,.F.,(4,1,1,1,4),(0.,0.25,0.5,0.75,1.)
  ,.QUASI_UNIFORM_KNOTS.);
#2436 = CARTESIAN_POINT('',(2.7,1.014096983287,0.380372404009));
#2437 = CARTESIAN_POINT('',(2.7,1.015522165553,0.351252613567));
#2438 = CARTESIAN_POINT('',(2.7,1.018333304726,0.292021920423));
#2439 = CARTESIAN_POINT('',(2.7,1.021891241602,0.202000505294));
#2440 = CARTESIAN_POINT('',(2.7,1.024526160706,0.105315747387));
#2441 = CARTESIAN_POINT('',(2.7,1.02525221361,3.284198655381E-02));
#2442 = CARTESIAN_POINT('',(2.7,1.025217316606,-5.101329504659E-03));
#2443 = ORIENTED_EDGE('',*,*,#2444,.F.);
#2444 = EDGE_CURVE('',#2283,#2433,#2445,.T.);
#2445 = B_SPLINE_CURVE_WITH_KNOTS('',3,(#2446,#2447,#2448,#2449,#2450,
    #2451,#2452,#2453,#2454,#2455),.UNSPECIFIED.,.F.,.F.,(4,1,1,1,1,1,1,
    4),(0.,0.142857142857,0.285714285714,0.428571428571,0.571428571429,
    0.714285714286,0.857142857143,1.),.UNSPECIFIED.);
#2446 = CARTESIAN_POINT('',(2.766772350235,1.,0.487687898987));
#2447 = CARTESIAN_POINT('',(2.761146065807,1.,0.484916855897));
#2448 = CARTESIAN_POINT('',(2.750220252484,1.000433611253,0.478453865494
    ));
#2449 = CARTESIAN_POINT('',(2.735106767922,1.00227742867,0.465780874127)
  );
#2450 = CARTESIAN_POINT('',(2.722499176135,1.004879929749,0.451095119524
    ));
#2451 = CARTESIAN_POINT('',(2.712388122652,1.007836934919,0.434529613008
    ));
#2452 = CARTESIAN_POINT('',(2.705261470807,1.010606832405,0.417070379836
    ));
#2453 = CARTESIAN_POINT('',(2.700967824055,1.012843253625,0.398971492906
    ));
#2454 = CARTESIAN_POINT('',(2.7,1.01379371198,0.386568942603));
#2455 = CARTESIAN_POINT('',(2.7,1.014096983287,0.380372404009));
#2456 = ORIENTED_EDGE('',*,*,#2282,.T.);
#2457 = ORIENTED_EDGE('',*,*,#2458,.F.);
#2458 = EDGE_CURVE('',#2107,#2285,#2459,.T.);
#2459 = B_SPLINE_CURVE_WITH_KNOTS('',3,(#2460,#2461,#2462,#2463,#2464,
    #2465,#2466,#2467,#2468,#2469),.UNSPECIFIED.,.F.,.F.,(4,1,1,1,1,1,1,
    4),(0.,0.142857142857,0.285714285714,0.428571428571,0.571428571429,
    0.714285714286,0.857142857143,1.),.UNSPECIFIED.);
#2460 = CARTESIAN_POINT('',(-2.7,1.014096983287,0.380372404009));
#2461 = CARTESIAN_POINT('',(-2.7,1.01379376685,0.38656782148));
#2462 = CARTESIAN_POINT('',(-2.700967471483,1.012843507095,
    0.398968846988));
#2463 = CARTESIAN_POINT('',(-2.70526060519,1.010607201068,0.417067918951
    ));
#2464 = CARTESIAN_POINT('',(-2.712387659805,1.007837081202,
    0.434528786703));
#2465 = CARTESIAN_POINT('',(-2.72249875577,1.004880019693,0.451094684841
    ));
#2466 = CARTESIAN_POINT('',(-2.735106405843,1.002277535018,
    0.465779996442));
#2467 = CARTESIAN_POINT('',(-2.750217641551,1.000433816558,
    0.478453382331));
#2468 = CARTESIAN_POINT('',(-2.761145426928,1.,0.484913624343));
#2469 = CARTESIAN_POINT('',(-2.766772832574,1.,0.487685219653));
#2470 = TOROIDAL_SURFACE('',#2471,2.809424859597,0.25);
#2471 = AXIS2_PLACEMENT_3D('',#2472,#2473,#2474);
#2472 = CARTESIAN_POINT('',(0.,1.25,0.));
#2473 = DIRECTION('',(0.,1.,0.));
#2474 = DIRECTION('',(-2.404239549434E-03,0.,0.999997109812));
#2475 = ADVANCED_FACE('',(#2476),#2513,.F.);
#2476 = FACE_BOUND('',#2477,.F.);
#2477 = EDGE_LOOP('',(#2478,#2485,#2486,#2487,#2502,#2512));
#2478 = ORIENTED_EDGE('',*,*,#2479,.T.);
#2479 = EDGE_CURVE('',#2415,#2397,#2480,.T.);
#2480 = CIRCLE('',#2481,2.559424859597);
#2481 = AXIS2_PLACEMENT_3D('',#2482,#2483,#2484);
#2482 = CARTESIAN_POINT('',(0.,1.25,0.));
#2483 = DIRECTION('',(0.,1.,0.));
#2484 = DIRECTION('',(0.999998204071,0.,-1.895218723654E-03));
#2485 = ORIENTED_EDGE('',*,*,#2396,.F.);
#2486 = ORIENTED_EDGE('',*,*,#2267,.F.);
#2487 = ORIENTED_EDGE('',*,*,#2488,.F.);
#2488 = EDGE_CURVE('',#2489,#2259,#2491,.T.);
#2489 = VERTEX_POINT('',#2490);
#2490 = CARTESIAN_POINT('',(2.7,1.012246991069,-0.417814888945));
#2491 = B_SPLINE_CURVE_WITH_KNOTS('',3,(#2492,#2493,#2494,#2495,#2496,
    #2497,#2498,#2499,#2500,#2501),.UNSPECIFIED.,.F.,.F.,(4,1,1,1,1,1,1,
    4),(0.,0.142857142857,0.285714285714,0.428571428571,0.571428571429,
    0.714285714286,0.857142857143,1.),.UNSPECIFIED.);
#2492 = CARTESIAN_POINT('',(2.7,1.012246991069,-0.417814888945));
#2493 = CARTESIAN_POINT('',(2.7,1.01199062662,-0.422971775855));
#2494 = CARTESIAN_POINT('',(2.70098058748,1.011156400217,-0.433346405511
    ));
#2495 = CARTESIAN_POINT('',(2.70536032593,1.009140735376,-0.448422696152
    ));
#2496 = CARTESIAN_POINT('',(2.712772014634,1.006608007054,
    -0.462801234024));
#2497 = CARTESIAN_POINT('',(2.722877234645,1.004025484563,
    -0.475478151226));
#2498 = CARTESIAN_POINT('',(2.735389339031,1.001801337301,
    -0.486033068764));
#2499 = CARTESIAN_POINT('',(2.749668372392,1.000331188857,
    -0.493865713393));
#2500 = CARTESIAN_POINT('',(2.759787543218,1.,-0.497057207729));
#2501 = CARTESIAN_POINT('',(2.764906365157,1.,-0.498158067087));
#2502 = ORIENTED_EDGE('',*,*,#2503,.F.);
#2503 = EDGE_CURVE('',#2424,#2489,#2504,.T.);
#2504 = B_SPLINE_CURVE_WITH_KNOTS('',3,(#2505,#2506,#2507,#2508,#2509,
    #2510,#2511),.UNSPECIFIED.,.F.,.F.,(4,1,1,1,4),(0.,0.25,0.5,0.75,1.)
  ,.QUASI_UNIFORM_KNOTS.);
#2505 = CARTESIAN_POINT('',(2.7,1.025217316606,-5.101329504659E-03));
#2506 = CARTESIAN_POINT('',(2.7,1.025178970019,-4.679535804642E-02));
#2507 = CARTESIAN_POINT('',(2.7,1.024147787862,-0.125907348783));
#2508 = CARTESIAN_POINT('',(2.7,1.020932106265,-0.229450134454));
#2509 = CARTESIAN_POINT('',(2.7,1.016850452226,-0.324769168251));
#2510 = CARTESIAN_POINT('',(2.7,1.01376788564,-0.387221406407));
#2511 = CARTESIAN_POINT('',(2.7,1.012246991069,-0.417814888945));
#2512 = ORIENTED_EDGE('',*,*,#2423,.T.);
#2513 = TOROIDAL_SURFACE('',#2514,2.809424859597,0.25);
#2514 = AXIS2_PLACEMENT_3D('',#2515,#2516,#2517);
#2515 = CARTESIAN_POINT('',(0.,1.25,0.));
#2516 = DIRECTION('',(0.,1.,0.));
#2517 = DIRECTION('',(-0.999998895961,0.,1.48595964286E-03));
#2518 = ADVANCED_FACE('',(#2519),#2555,.T.);
#2519 = FACE_BOUND('',#2520,.T.);
#2520 = EDGE_LOOP('',(#2521,#2529,#2538,#2547,#2553,#2554));
#2521 = ORIENTED_EDGE('',*,*,#2522,.T.);
#2522 = EDGE_CURVE('',#2397,#2523,#2525,.T.);
#2523 = VERTEX_POINT('',#2524);
#2524 = CARTESIAN_POINT('',(0.,3.5,-2.559424859597));
#2525 = LINE('',#2526,#2527);
#2526 = CARTESIAN_POINT('',(-3.002382671072E-14,1.25,-2.559424859597));
#2527 = VECTOR('',#2528,1.);
#2528 = DIRECTION('',(1.090656532266E-14,1.,0.));
#2529 = ORIENTED_EDGE('',*,*,#2530,.T.);
#2530 = EDGE_CURVE('',#2523,#2531,#2533,.T.);
#2531 = VERTEX_POINT('',#2532);
#2532 = CARTESIAN_POINT('',(2.559420303597,3.5,-4.829229196603E-03));
#2533 = CIRCLE('',#2534,2.559424859597);
#2534 = AXIS2_PLACEMENT_3D('',#2535,#2536,#2537);
#2535 = CARTESIAN_POINT('',(0.,3.5,0.));
#2536 = DIRECTION('',(0.,-1.,0.));
#2537 = DIRECTION('',(0.,0.,-1.));
#2538 = ORIENTED_EDGE('',*,*,#2539,.T.);
#2539 = EDGE_CURVE('',#2531,#2540,#2542,.T.);
#2540 = VERTEX_POINT('',#2541);
#2541 = CARTESIAN_POINT('',(0.,3.5,2.559424859597));
#2542 = CIRCLE('',#2543,2.559424859597);
#2543 = AXIS2_PLACEMENT_3D('',#2544,#2545,#2546);
#2544 = CARTESIAN_POINT('',(0.,3.5,0.));
#2545 = DIRECTION('',(0.,-1.,0.));
#2546 = DIRECTION('',(0.999998219913,0.,-1.886841560711E-03));
#2547 = ORIENTED_EDGE('',*,*,#2548,.F.);
#2548 = EDGE_CURVE('',#2406,#2540,#2549,.T.);
#2549 = LINE('',#2550,#2551);
#2550 = CARTESIAN_POINT('',(1.951687033511E-14,1.25,2.559424859597));
#2551 = VECTOR('',#2552,1.);
#2552 = DIRECTION('',(0.,1.,0.));
#2553 = ORIENTED_EDGE('',*,*,#2414,.T.);
#2554 = ORIENTED_EDGE('',*,*,#2479,.T.);
#2555 = CYLINDRICAL_SURFACE('',#2556,2.559424859597);
#2556 = AXIS2_PLACEMENT_3D('',#2557,#2558,#2559);
#2557 = CARTESIAN_POINT('',(0.,1.,0.));
#2558 = DIRECTION('',(0.,1.,0.));
#2559 = DIRECTION('',(0.,0.,-1.));
#2560 = ADVANCED_FACE('',(#2561),#2573,.T.);
#2561 = FACE_BOUND('',#2562,.T.);
#2562 = EDGE_LOOP('',(#2563,#2564,#2571,#2572));
#2563 = ORIENTED_EDGE('',*,*,#2548,.T.);
#2564 = ORIENTED_EDGE('',*,*,#2565,.T.);
#2565 = EDGE_CURVE('',#2540,#2523,#2566,.T.);
#2566 = CIRCLE('',#2567,2.559424859597);
#2567 = AXIS2_PLACEMENT_3D('',#2568,#2569,#2570);
#2568 = CARTESIAN_POINT('',(0.,3.5,0.));
#2569 = DIRECTION('',(0.,-1.,0.));
#2570 = DIRECTION('',(0.,0.,1.));
#2571 = ORIENTED_EDGE('',*,*,#2522,.F.);
#2572 = ORIENTED_EDGE('',*,*,#2405,.T.);
#2573 = CYLINDRICAL_SURFACE('',#2574,2.559424859597);
#2574 = AXIS2_PLACEMENT_3D('',#2575,#2576,#2577);
#2575 = CARTESIAN_POINT('',(0.,1.,0.));
#2576 = DIRECTION('',(0.,1.,0.));
#2577 = DIRECTION('',(0.,0.,-1.));
#2578 = ADVANCED_FACE('',(#2579),#2686,.F.);
#2579 = FACE_BOUND('',#2580,.F.);
#2580 = EDGE_LOOP('',(#2581,#2595,#2610,#2619,#2626,#2627,#2628,#2637,
    #2649,#2664,#2673));
#2581 = ORIENTED_EDGE('',*,*,#2582,.T.);
#2582 = EDGE_CURVE('',#2583,#2585,#2587,.T.);
#2583 = VERTEX_POINT('',#2584);
#2584 = CARTESIAN_POINT('',(-2.7,3.737753008931,-0.417814888945));
#2585 = VERTEX_POINT('',#2586);
#2586 = CARTESIAN_POINT('',(-2.7,3.735903016713,0.380372404009));
#2587 = B_SPLINE_CURVE_WITH_KNOTS('',3,(#2588,#2589,#2590,#2591,#2592,
    #2593,#2594),.UNSPECIFIED.,.F.,.F.,(4,1,1,1,4),(0.,0.25,0.5,0.75,1.)
  ,.QUASI_UNIFORM_KNOTS.);
#2588 = CARTESIAN_POINT('',(-2.7,3.737753008931,-0.417814888945));
#2589 = CARTESIAN_POINT('',(-2.7,3.734245925262,-0.347268313881));
#2590 = CARTESIAN_POINT('',(-2.7,3.727640386209,-0.209501441743));
#2591 = CARTESIAN_POINT('',(-2.7,3.723685760434,-1.673375644265E-02));
#2592 = CARTESIAN_POINT('',(-2.7,3.72645421345,0.174650161845));
#2593 = CARTESIAN_POINT('',(-2.7,3.732501284045,0.310867088898));
#2594 = CARTESIAN_POINT('',(-2.7,3.735903016713,0.380372404009));
#2595 = ORIENTED_EDGE('',*,*,#2596,.F.);
#2596 = EDGE_CURVE('',#2597,#2585,#2599,.T.);
#2597 = VERTEX_POINT('',#2598);
#2598 = CARTESIAN_POINT('',(-2.76677186946,3.75,0.487689926168));
#2599 = B_SPLINE_CURVE_WITH_KNOTS('',3,(#2600,#2601,#2602,#2603,#2604,
    #2605,#2606,#2607,#2608,#2609),.UNSPECIFIED.,.F.,.F.,(4,1,1,1,1,1,1,
    4),(0.,0.142857142857,0.285714285714,0.428571428571,0.571428571429,
    0.714285714286,0.857142857143,1.),.UNSPECIFIED.);
#2600 = CARTESIAN_POINT('',(-2.766772336201,3.75,0.487687942082));
#2601 = CARTESIAN_POINT('',(-2.761146757316,3.75,0.484917246483));
#2602 = CARTESIAN_POINT('',(-2.750221681094,3.749566518403,
    0.478454889894));
#2603 = CARTESIAN_POINT('',(-2.73510657103,3.747722578157,0.46578084414)
  );
#2604 = CARTESIAN_POINT('',(-2.722498771021,3.745119951242,0.45109444831
    ));
#2605 = CARTESIAN_POINT('',(-2.712388218066,3.742163113556,
    0.434529962641));
#2606 = CARTESIAN_POINT('',(-2.705260477717,3.73939275452,0.417067643397
    ));
#2607 = CARTESIAN_POINT('',(-2.700967556398,3.737156534192,
    0.398969188151));
#2608 = CARTESIAN_POINT('',(-2.7,3.736206238534,0.386567931504));
#2609 = CARTESIAN_POINT('',(-2.7,3.735903016713,0.380372404009));
#2610 = ORIENTED_EDGE('',*,*,#2611,.F.);
#2611 = EDGE_CURVE('',#2612,#2597,#2614,.T.);
#2612 = VERTEX_POINT('',#2613);
#2613 = CARTESIAN_POINT('',(0.,3.75,2.809424859597));
#2614 = CIRCLE('',#2615,2.809424859597);
#2615 = AXIS2_PLACEMENT_3D('',#2616,#2617,#2618);
#2616 = CARTESIAN_POINT('',(0.,3.75,0.));
#2617 = DIRECTION('',(0.,-1.,0.));
#2618 = DIRECTION('',(0.,0.,1.));
#2619 = ORIENTED_EDGE('',*,*,#2620,.T.);
#2620 = EDGE_CURVE('',#2612,#2540,#2621,.T.);
#2621 = CIRCLE('',#2622,0.25);
#2622 = AXIS2_PLACEMENT_3D('',#2623,#2624,#2625);
#2623 = CARTESIAN_POINT('',(0.,3.5,2.809424859597));
#2624 = DIRECTION('',(-1.,0.,0.));
#2625 = DIRECTION('',(0.,1.,0.));
#2626 = ORIENTED_EDGE('',*,*,#2565,.T.);
#2627 = ORIENTED_EDGE('',*,*,#2530,.T.);
#2628 = ORIENTED_EDGE('',*,*,#2629,.F.);
#2629 = EDGE_CURVE('',#2630,#2531,#2632,.T.);
#2630 = VERTEX_POINT('',#2631);
#2631 = CARTESIAN_POINT('',(2.7,3.724782692342,-5.111049608574E-03));
#2632 = CIRCLE('',#2633,0.25);
#2633 = AXIS2_PLACEMENT_3D('',#2634,#2635,#2636);
#2634 = CARTESIAN_POINT('',(2.809419825994,3.5,-5.318179297024E-03));
#2635 = DIRECTION('',(1.892977944884E-03,0.,0.999998208316));
#2636 = DIRECTION('',(-0.437679303977,0.89913076937,8.28518753804E-04));
#2637 = ORIENTED_EDGE('',*,*,#2638,.F.);
#2638 = EDGE_CURVE('',#2639,#2630,#2641,.T.);
#2639 = VERTEX_POINT('',#2640);
#2640 = CARTESIAN_POINT('',(2.7,3.737753008931,-0.417814888945));
#2641 = B_SPLINE_CURVE_WITH_KNOTS('',3,(#2642,#2643,#2644,#2645,#2646,
    #2647,#2648),.UNSPECIFIED.,.F.,.F.,(4,1,1,1,4),(0.,0.25,0.5,0.75,1.)
  ,.QUASI_UNIFORM_KNOTS.);
#2642 = CARTESIAN_POINT('',(2.7,3.737753008931,-0.417814888945));
#2643 = CARTESIAN_POINT('',(2.7,3.736232906332,-0.387237337267));
#2644 = CARTESIAN_POINT('',(2.7,3.73315158358,-0.324810874193));
#2645 = CARTESIAN_POINT('',(2.7,3.729070477366,-0.229516936995));
#2646 = CARTESIAN_POINT('',(2.7,3.725853523521,-0.125971671265));
#2647 = CARTESIAN_POINT('',(2.7,3.724821132809,-4.682767467636E-02));
#2648 = CARTESIAN_POINT('',(2.7,3.724782692342,-5.111049608574E-03));
#2649 = ORIENTED_EDGE('',*,*,#2650,.F.);
#2650 = EDGE_CURVE('',#2651,#2639,#2653,.T.);
#2651 = VERTEX_POINT('',#2652);
#2652 = CARTESIAN_POINT('',(2.764905663987,3.75,-0.498162964144));
#2653 = B_SPLINE_CURVE_WITH_KNOTS('',3,(#2654,#2655,#2656,#2657,#2658,
    #2659,#2660,#2661,#2662,#2663),.UNSPECIFIED.,.F.,.F.,(4,1,1,1,1,1,1,
    4),(0.,0.142857142857,0.285714285714,0.428571428571,0.571428571429,
    0.714285714286,0.857142857143,1.),.UNSPECIFIED.);
#2654 = CARTESIAN_POINT('',(2.764905850578,3.75,-0.498160840221));
#2655 = CARTESIAN_POINT('',(2.759787577462,3.75,-0.497060098893));
#2656 = CARTESIAN_POINT('',(2.749669178915,3.749668964473,
    -0.493865073644));
#2657 = CARTESIAN_POINT('',(2.735383534755,3.748197930627,
    -0.486029715727));
#2658 = CARTESIAN_POINT('',(2.722872472661,3.745973541887,
    -0.475473555452));
#2659 = CARTESIAN_POINT('',(2.712762851286,3.743389385408,
    -0.462788003177));
#2660 = CARTESIAN_POINT('',(2.705354251501,3.740856804732,
    -0.448406937245));
#2661 = CARTESIAN_POINT('',(2.700978761804,3.738842417163,
    -0.433334325467));
#2662 = CARTESIAN_POINT('',(2.7,3.738009137975,-0.422967040582));
#2663 = CARTESIAN_POINT('',(2.7,3.737753008931,-0.417814888945));
#2664 = ORIENTED_EDGE('',*,*,#2665,.T.);
#2665 = EDGE_CURVE('',#2651,#2666,#2668,.T.);
#2666 = VERTEX_POINT('',#2667);
#2667 = CARTESIAN_POINT('',(-2.764905713266,3.75,-0.498162974742));
#2668 = CIRCLE('',#2669,2.809424859597);
#2669 = AXIS2_PLACEMENT_3D('',#2670,#2671,#2672);
#2670 = CARTESIAN_POINT('',(0.,3.75,0.));
#2671 = DIRECTION('',(0.,1.,0.));
#2672 = DIRECTION('',(0.984153525985,0.,-0.177318462916));
#2673 = ORIENTED_EDGE('',*,*,#2674,.F.);
#2674 = EDGE_CURVE('',#2583,#2666,#2675,.T.);
#2675 = B_SPLINE_CURVE_WITH_KNOTS('',3,(#2676,#2677,#2678,#2679,#2680,
    #2681,#2682,#2683,#2684,#2685),.UNSPECIFIED.,.F.,.F.,(4,1,1,1,1,1,1,
    4),(0.,0.142857142857,0.285714285714,0.428571428571,0.571428571429,
    0.714285714286,0.857142857143,1.),.UNSPECIFIED.);
#2676 = CARTESIAN_POINT('',(-2.7,3.737753008931,-0.417814888945));
#2677 = CARTESIAN_POINT('',(-2.7,3.738009380915,-0.422971927436));
#2678 = CARTESIAN_POINT('',(-2.700980487301,3.738843595187,
    -0.433346596171));
#2679 = CARTESIAN_POINT('',(-2.705361145695,3.740859531025,
    -0.448424252404));
#2680 = CARTESIAN_POINT('',(-2.712770517038,3.743391581247,
    -0.462799026516));
#2681 = CARTESIAN_POINT('',(-2.722878445524,3.745974740009,
    -0.475479316104));
#2682 = CARTESIAN_POINT('',(-2.735386443835,3.748198271953,
    -0.486031080048));
#2683 = CARTESIAN_POINT('',(-2.749670935615,3.749669072677,
    -0.493867146176));
#2684 = CARTESIAN_POINT('',(-2.759788736898,3.75,-0.497057437311));
#2685 = CARTESIAN_POINT('',(-2.764906371932,3.75,-0.498158041412));
#2686 = TOROIDAL_SURFACE('',#2687,2.809424859597,0.25);
#2687 = AXIS2_PLACEMENT_3D('',#2688,#2689,#2690);
#2688 = CARTESIAN_POINT('',(0.,3.5,0.));
#2689 = DIRECTION('',(0.,1.,0.));
#2690 = DIRECTION('',(-3.415352707811E-03,0.,-0.999994167666));
#2691 = ADVANCED_FACE('',(#2692),#2717,.T.);
#2692 = FACE_BOUND('',#2693,.F.);
#2693 = EDGE_LOOP('',(#2694,#2704,#2710,#2711));
#2694 = ORIENTED_EDGE('',*,*,#2695,.T.);
#2695 = EDGE_CURVE('',#2696,#2698,#2700,.T.);
#2696 = VERTEX_POINT('',#2697);
#2697 = CARTESIAN_POINT('',(-2.700000000008,4.349999999992,
    -0.41781488906));
#2698 = VERTEX_POINT('',#2699);
#2699 = CARTESIAN_POINT('',(-2.7,4.35,0.380372404009));
#2700 = LINE('',#2701,#2702);
#2701 = CARTESIAN_POINT('',(-2.700000000008,4.349999999992,
    -0.41781488906));
#2702 = VECTOR('',#2703,1.);
#2703 = DIRECTION('',(-4.050389520423E-12,-4.049276776049E-12,1.));
#2704 = ORIENTED_EDGE('',*,*,#2705,.F.);
#2705 = EDGE_CURVE('',#2585,#2698,#2706,.T.);
#2706 = LINE('',#2707,#2708);
#2707 = CARTESIAN_POINT('',(-2.7,3.735903016713,0.380372404009));
#2708 = VECTOR('',#2709,1.);
#2709 = DIRECTION('',(-1.760022192531E-11,1.,2.117231561488E-10));
#2710 = ORIENTED_EDGE('',*,*,#2582,.F.);
#2711 = ORIENTED_EDGE('',*,*,#2712,.T.);
#2712 = EDGE_CURVE('',#2583,#2696,#2713,.T.);
#2713 = LINE('',#2714,#2715);
#2714 = CARTESIAN_POINT('',(-2.7,3.737753008931,-0.417814888945));
#2715 = VECTOR('',#2716,1.);
#2716 = DIRECTION('',(-1.237363015487E-11,1.,-1.875104729948E-10));
#2717 = PLANE('',#2718);
#2718 = AXIS2_PLACEMENT_3D('',#2719,#2720,#2721);
#2719 = CARTESIAN_POINT('',(-2.7,4.5,-0.417814888945));
#2720 = DIRECTION('',(-1.,0.,0.));
#2721 = DIRECTION('',(0.,0.,1.));
#2722 = ADVANCED_FACE('',(#2723),#2748,.T.);
#2723 = FACE_BOUND('',#2724,.F.);
#2724 = EDGE_LOOP('',(#2725,#2735,#2741,#2742));
#2725 = ORIENTED_EDGE('',*,*,#2726,.T.);
#2726 = EDGE_CURVE('',#2727,#2729,#2731,.T.);
#2727 = VERTEX_POINT('',#2728);
#2728 = CARTESIAN_POINT('',(-2.550000000029,4.499999999971,
    -0.417814889377));
#2729 = VERTEX_POINT('',#2730);
#2730 = CARTESIAN_POINT('',(-2.55,4.5,0.380372404009));
#2731 = LINE('',#2732,#2733);
#2732 = CARTESIAN_POINT('',(-2.550000000029,4.499999999971,
    -0.417814889377));
#2733 = VECTOR('',#2734,1.);
#2734 = DIRECTION('',(-4.943923248956E-12,-4.942810504583E-12,1.));
#2735 = ORIENTED_EDGE('',*,*,#2736,.T.);
#2736 = EDGE_CURVE('',#2729,#2698,#2737,.T.);
#2737 = LINE('',#2738,#2739);
#2738 = CARTESIAN_POINT('',(-2.550000000032,4.499999999968,0.3803724044)
  );
#2739 = VECTOR('',#2740,1.);
#2740 = DIRECTION('',(-0.707106781187,-0.707106781187,
    -1.229004788091E-09));
#2741 = ORIENTED_EDGE('',*,*,#2695,.F.);
#2742 = ORIENTED_EDGE('',*,*,#2743,.F.);
#2743 = EDGE_CURVE('',#2727,#2696,#2744,.T.);
#2744 = LINE('',#2745,#2746);
#2745 = CARTESIAN_POINT('',(-2.550000000029,4.499999999971,
    -0.417814889377));
#2746 = VECTOR('',#2747,1.);
#2747 = DIRECTION('',(-0.707106781187,-0.707106781186,1.497386972455E-09
    ));
#2748 = PLANE('',#2749);
#2749 = AXIS2_PLACEMENT_3D('',#2750,#2751,#2752);
#2750 = CARTESIAN_POINT('',(-2.625,4.425,-1.87212424677E-02));
#2751 = DIRECTION('',(-0.707106781187,0.707106781187,0.));
#2752 = DIRECTION('',(-0.707106781187,-0.707106781187,0.));
#2753 = ADVANCED_FACE('',(#2754),#2915,.T.);
#2754 = FACE_BOUND('',#2755,.F.);
#2755 = EDGE_LOOP('',(#2756,#2766,#2773,#2774,#2783,#2791,#2799,#2808,
    #2816,#2825,#2833,#2841,#2850,#2858,#2867,#2875,#2883,#2892,#2900,
    #2909));
#2756 = ORIENTED_EDGE('',*,*,#2757,.F.);
#2757 = EDGE_CURVE('',#2758,#2760,#2762,.T.);
#2758 = VERTEX_POINT('',#2759);
#2759 = CARTESIAN_POINT('',(-2.81962759607,4.499999999969,0.649999999969
    ));
#2760 = VERTEX_POINT('',#2761);
#2761 = CARTESIAN_POINT('',(-2.85,4.5,0.65));
#2762 = LINE('',#2763,#2764);
#2763 = CARTESIAN_POINT('',(-2.81962759607,4.499999999969,0.649999999969
    ));
#2764 = VECTOR('',#2765,1.);
#2765 = DIRECTION('',(-1.,1.017859051445E-09,1.017848085342E-09));
#2766 = ORIENTED_EDGE('',*,*,#2767,.F.);
#2767 = EDGE_CURVE('',#2729,#2758,#2768,.T.);
#2768 = CIRCLE('',#2769,0.269627595991);
#2769 = AXIS2_PLACEMENT_3D('',#2770,#2771,#2772);
#2770 = CARTESIAN_POINT('',(-2.819627595991,4.5,0.380372404009));
#2771 = DIRECTION('',(0.,-1.,0.));
#2772 = DIRECTION('',(1.,0.,0.));
#2773 = ORIENTED_EDGE('',*,*,#2726,.F.);
#2774 = ORIENTED_EDGE('',*,*,#2775,.F.);
#2775 = EDGE_CURVE('',#2776,#2727,#2778,.T.);
#2776 = VERTEX_POINT('',#2777);
#2777 = CARTESIAN_POINT('',(-2.782185111055,4.5,-0.65));
#2778 = CIRCLE('',#2779,0.232185111055);
#2779 = AXIS2_PLACEMENT_3D('',#2780,#2781,#2782);
#2780 = CARTESIAN_POINT('',(-2.782185111055,4.5,-0.417814888945));
#2781 = DIRECTION('',(0.,-1.,0.));
#2782 = DIRECTION('',(0.,0.,-1.));
#2783 = ORIENTED_EDGE('',*,*,#2784,.F.);
#2784 = EDGE_CURVE('',#2785,#2776,#2787,.T.);
#2785 = VERTEX_POINT('',#2786);
#2786 = CARTESIAN_POINT('',(-2.85,4.5,-0.65));
#2787 = LINE('',#2788,#2789);
#2788 = CARTESIAN_POINT('',(-2.85,4.5,-0.65));
#2789 = VECTOR('',#2790,1.);
#2790 = DIRECTION('',(1.,-3.572889027316E-11,3.572889027316E-11));
#2791 = ORIENTED_EDGE('',*,*,#2792,.F.);
#2792 = EDGE_CURVE('',#2793,#2785,#2795,.T.);
#2793 = VERTEX_POINT('',#2794);
#2794 = CARTESIAN_POINT('',(-2.849999841619,4.49999997073,
    -1.219631211682));
#2795 = LINE('',#2796,#2797);
#2796 = CARTESIAN_POINT('',(-2.849999841619,4.49999997073,
    -1.219631211682));
#2797 = VECTOR('',#2798,1.);
#2798 = DIRECTION('',(-2.780405093343E-07,5.138434822897E-08,1.));
#2799 = ORIENTED_EDGE('',*,*,#2800,.F.);
#2800 = EDGE_CURVE('',#2801,#2793,#2803,.T.);
#2801 = VERTEX_POINT('',#2802);
#2802 = CARTESIAN_POINT('',(-1.219631049984,4.499999984561,
    -2.849999985806));
#2803 = CIRCLE('',#2804,3.099999825019);
#2804 = AXIS2_PLACEMENT_3D('',#2805,#2806,#2807);
#2805 = CARTESIAN_POINT('',(2.669820902135E-07,4.5,-2.03823077527E-07));
#2806 = DIRECTION('',(0.,1.,0.));
#2807 = DIRECTION('',(-0.393429451808,0.,-0.91935480988));
#2808 = ORIENTED_EDGE('',*,*,#2809,.F.);
#2809 = EDGE_CURVE('',#2810,#2801,#2812,.T.);
#2810 = VERTEX_POINT('',#2811);
#2811 = CARTESIAN_POINT('',(1.219631211682,4.49999997073,-2.849999841619
    ));
#2812 = LINE('',#2813,#2814);
#2813 = CARTESIAN_POINT('',(1.219631211682,4.49999997073,-2.849999841619
    ));
#2814 = VECTOR('',#2815,1.);
#2815 = DIRECTION('',(-1.,5.670236888203E-09,-5.911073617155E-08));
#2816 = ORIENTED_EDGE('',*,*,#2817,.F.);
#2817 = EDGE_CURVE('',#2818,#2810,#2820,.T.);
#2818 = VERTEX_POINT('',#2819);
#2819 = CARTESIAN_POINT('',(2.849999985806,4.499999984561,
    -1.219631049984));
#2820 = CIRCLE('',#2821,3.099999825019);
#2821 = AXIS2_PLACEMENT_3D('',#2822,#2823,#2824);
#2822 = CARTESIAN_POINT('',(2.038231936563E-07,4.5,2.669820355905E-07));
#2823 = DIRECTION('',(0.,1.,0.));
#2824 = DIRECTION('',(0.91935480988,0.,-0.393429451808));
#2825 = ORIENTED_EDGE('',*,*,#2826,.F.);
#2826 = EDGE_CURVE('',#2827,#2818,#2829,.T.);
#2827 = VERTEX_POINT('',#2828);
#2828 = CARTESIAN_POINT('',(2.85,4.5,-0.65));
#2829 = LINE('',#2830,#2831);
#2830 = CARTESIAN_POINT('',(2.85,4.5,-0.65));
#2831 = VECTOR('',#2832,1.);
#2832 = DIRECTION('',(-2.491772845613E-08,-2.710352305143E-08,-1.));
#2833 = ORIENTED_EDGE('',*,*,#2834,.F.);
#2834 = EDGE_CURVE('',#2835,#2827,#2837,.T.);
#2835 = VERTEX_POINT('',#2836);
#2836 = CARTESIAN_POINT('',(2.782185110623,4.499999999971,
    -0.649999999972));
#2837 = LINE('',#2838,#2839);
#2838 = CARTESIAN_POINT('',(2.782185110623,4.499999999971,
    -0.649999999972));
#2839 = VECTOR('',#2840,1.);
#2840 = DIRECTION('',(1.,4.207705468774E-10,-4.207721840149E-10));
#2841 = ORIENTED_EDGE('',*,*,#2842,.F.);
#2842 = EDGE_CURVE('',#2843,#2835,#2845,.T.);
#2843 = VERTEX_POINT('',#2844);
#2844 = CARTESIAN_POINT('',(2.55,4.5,-0.417814888945));
#2845 = CIRCLE('',#2846,0.232185111055);
#2846 = AXIS2_PLACEMENT_3D('',#2847,#2848,#2849);
#2847 = CARTESIAN_POINT('',(2.782185111055,4.5,-0.417814888945));
#2848 = DIRECTION('',(0.,-1.,0.));
#2849 = DIRECTION('',(-1.,0.,0.));
#2850 = ORIENTED_EDGE('',*,*,#2851,.F.);
#2851 = EDGE_CURVE('',#2852,#2843,#2854,.T.);
#2852 = VERTEX_POINT('',#2853);
#2853 = CARTESIAN_POINT('',(2.550000000031,4.499999999969,0.38037240393)
  );
#2854 = LINE('',#2855,#2856);
#2855 = CARTESIAN_POINT('',(2.550000000031,4.499999999969,0.38037240393)
  );
#2856 = VECTOR('',#2857,1.);
#2857 = DIRECTION('',(-3.569517040391E-11,3.569572677609E-11,-1.));
#2858 = ORIENTED_EDGE('',*,*,#2859,.F.);
#2859 = EDGE_CURVE('',#2860,#2852,#2862,.T.);
#2860 = VERTEX_POINT('',#2861);
#2861 = CARTESIAN_POINT('',(2.819627595991,4.5,0.65));
#2862 = CIRCLE('',#2863,0.269627595991);
#2863 = AXIS2_PLACEMENT_3D('',#2864,#2865,#2866);
#2864 = CARTESIAN_POINT('',(2.819627595991,4.5,0.380372404009));
#2865 = DIRECTION('',(0.,-1.,0.));
#2866 = DIRECTION('',(0.,0.,1.));
#2867 = ORIENTED_EDGE('',*,*,#2868,.F.);
#2868 = EDGE_CURVE('',#2869,#2860,#2871,.T.);
#2869 = VERTEX_POINT('',#2870);
#2870 = CARTESIAN_POINT('',(2.85,4.5,0.65));
#2871 = LINE('',#2872,#2873);
#2872 = CARTESIAN_POINT('',(2.85,4.5,0.65));
#2873 = VECTOR('',#2874,1.);
#2874 = DIRECTION('',(-1.,-1.069414340087E-09,-1.069399718617E-09));
#2875 = ORIENTED_EDGE('',*,*,#2876,.F.);
#2876 = EDGE_CURVE('',#2877,#2869,#2879,.T.);
#2877 = VERTEX_POINT('',#2878);
#2878 = CARTESIAN_POINT('',(2.84999984162,4.49999997073,1.219631211682)
  );
#2879 = LINE('',#2880,#2881);
#2880 = CARTESIAN_POINT('',(2.84999984162,4.49999997073,1.219631211682)
  );
#2881 = VECTOR('',#2882,1.);
#2882 = DIRECTION('',(2.780402840275E-07,5.138467878287E-08,-1.));
#2883 = ORIENTED_EDGE('',*,*,#2884,.F.);
#2884 = EDGE_CURVE('',#2885,#2877,#2887,.T.);
#2885 = VERTEX_POINT('',#2886);
#2886 = CARTESIAN_POINT('',(1.219631049984,4.499999984561,2.849999985806
    ));
#2887 = CIRCLE('',#2888,3.099999825018);
#2888 = AXIS2_PLACEMENT_3D('',#2889,#2890,#2891);
#2889 = CARTESIAN_POINT('',(-2.669819106904E-07,4.5,2.038233868351E-07)
  );
#2890 = DIRECTION('',(0.,1.,0.));
#2891 = DIRECTION('',(0.393429451808,-0.,0.91935480988));
#2892 = ORIENTED_EDGE('',*,*,#2893,.F.);
#2893 = EDGE_CURVE('',#2894,#2885,#2896,.T.);
#2894 = VERTEX_POINT('',#2895);
#2895 = CARTESIAN_POINT('',(-1.219631211682,4.49999997073,2.849999841619
    ));
#2896 = LINE('',#2897,#2898);
#2897 = CARTESIAN_POINT('',(-1.219631211682,4.49999997073,2.849999841619
    ));
#2898 = VECTOR('',#2899,1.);
#2899 = DIRECTION('',(1.,5.670213948791E-09,5.91107536492E-08));
#2900 = ORIENTED_EDGE('',*,*,#2901,.F.);
#2901 = EDGE_CURVE('',#2902,#2894,#2904,.T.);
#2902 = VERTEX_POINT('',#2903);
#2903 = CARTESIAN_POINT('',(-2.849999985806,4.499999984561,
    1.219631049984));
#2904 = CIRCLE('',#2905,3.099999825019);
#2905 = AXIS2_PLACEMENT_3D('',#2906,#2907,#2908);
#2906 = CARTESIAN_POINT('',(-2.03823107281E-07,4.5,-2.669820574619E-07)
  );
#2907 = DIRECTION('',(0.,1.,0.));
#2908 = DIRECTION('',(-0.91935480988,0.,0.393429451808));
#2909 = ORIENTED_EDGE('',*,*,#2910,.F.);
#2910 = EDGE_CURVE('',#2760,#2902,#2911,.T.);
#2911 = LINE('',#2912,#2913);
#2912 = CARTESIAN_POINT('',(-2.85,4.5,0.65));
#2913 = VECTOR('',#2914,1.);
#2914 = DIRECTION('',(2.491772689691E-08,-2.710352305143E-08,1.));
#2915 = PLANE('',#2916);
#2916 = AXIS2_PLACEMENT_3D('',#2917,#2918,#2919);
#2917 = CARTESIAN_POINT('',(0.,4.5,0.));
#2918 = DIRECTION('',(0.,1.,0.));
#2919 = DIRECTION('',(1.,0.,0.));
#2920 = ADVANCED_FACE('',(#2921),#2956,.T.);
#2921 = FACE_BOUND('',#2922,.F.);
#2922 = EDGE_LOOP('',(#2923,#2935,#2943,#2949,#2950));
#2923 = ORIENTED_EDGE('',*,*,#2924,.T.);
#2924 = EDGE_CURVE('',#2925,#2927,#2929,.T.);
#2925 = VERTEX_POINT('',#2926);
#2926 = CARTESIAN_POINT('',(-2.977995044036,4.372004955964,
    0.522004955965));
#2927 = VERTEX_POINT('',#2928);
#2928 = CARTESIAN_POINT('',(-2.924870380907,4.35,0.5));
#2929 = B_SPLINE_CURVE_WITH_KNOTS('',3,(#2930,#2931,#2932,#2933,#2934),
  .UNSPECIFIED.,.F.,.F.,(4,1,4),(0.,0.5,1.),.QUASI_UNIFORM_KNOTS.);
#2930 = CARTESIAN_POINT('',(-2.977995044036,4.372004955964,
    0.522004955965));
#2931 = CARTESIAN_POINT('',(-2.971333056157,4.365342968086,
    0.515342968086));
#2932 = CARTESIAN_POINT('',(-2.955932810972,4.354855229111,
    0.504855229111));
#2933 = CARTESIAN_POINT('',(-2.936409282392,4.35,0.5));
#2934 = CARTESIAN_POINT('',(-2.924870380907,4.35,0.5));
#2935 = ORIENTED_EDGE('',*,*,#2936,.F.);
#2936 = EDGE_CURVE('',#2937,#2927,#2939,.T.);
#2937 = VERTEX_POINT('',#2938);
#2938 = CARTESIAN_POINT('',(-2.819627596017,4.34999999999,0.49999999999)
  );
#2939 = LINE('',#2940,#2941);
#2940 = CARTESIAN_POINT('',(-2.819627596017,4.34999999999,0.49999999999)
  );
#2941 = VECTOR('',#2942,1.);
#2942 = DIRECTION('',(-1.,9.773586179159E-11,9.774113637182E-11));
#2943 = ORIENTED_EDGE('',*,*,#2944,.F.);
#2944 = EDGE_CURVE('',#2758,#2937,#2945,.T.);
#2945 = LINE('',#2946,#2947);
#2946 = CARTESIAN_POINT('',(-2.81962759607,4.499999999969,0.649999999969
    ));
#2947 = VECTOR('',#2948,1.);
#2948 = DIRECTION('',(2.491024957026E-10,-0.707106781187,-0.707106781187
    ));
#2949 = ORIENTED_EDGE('',*,*,#2757,.T.);
#2950 = ORIENTED_EDGE('',*,*,#2951,.F.);
#2951 = EDGE_CURVE('',#2925,#2760,#2952,.T.);
#2952 = LINE('',#2953,#2954);
#2953 = CARTESIAN_POINT('',(-2.977995044036,4.372004955964,
    0.522004955965));
#2954 = VECTOR('',#2955,1.);
#2955 = DIRECTION('',(0.57735026919,0.57735026919,0.57735026919));
#2956 = PLANE('',#2957);
#2957 = AXIS2_PLACEMENT_3D('',#2958,#2959,#2960);
#2958 = CARTESIAN_POINT('',(-2.872248988449,4.424999999979,
    0.574999999979));
#2959 = DIRECTION('',(0.,0.707106781187,-0.707106781187));
#2960 = DIRECTION('',(0.,-0.707106781187,-0.707106781187));
#2961 = ADVANCED_FACE('',(#2962),#2998,.T.);
#2962 = FACE_BOUND('',#2963,.T.);
#2963 = EDGE_LOOP('',(#2964,#2972,#2981,#2989,#2997));
#2964 = ORIENTED_EDGE('',*,*,#2965,.T.);
#2965 = EDGE_CURVE('',#2927,#2966,#2968,.T.);
#2966 = VERTEX_POINT('',#2967);
#2967 = CARTESIAN_POINT('',(-2.924870380907,3.75,0.5));
#2968 = LINE('',#2969,#2970);
#2969 = CARTESIAN_POINT('',(-2.924870380907,4.35,0.5));
#2970 = VECTOR('',#2971,1.);
#2971 = DIRECTION('',(0.,-1.,0.));
#2972 = ORIENTED_EDGE('',*,*,#2973,.T.);
#2973 = EDGE_CURVE('',#2966,#2974,#2976,.T.);
#2974 = VERTEX_POINT('',#2975);
#2975 = CARTESIAN_POINT('',(-3.,3.75,0.575129619093));
#2976 = CIRCLE('',#2977,7.51296190933E-02);
#2977 = AXIS2_PLACEMENT_3D('',#2978,#2979,#2980);
#2978 = CARTESIAN_POINT('',(-2.924870380907,3.75,0.575129619093));
#2979 = DIRECTION('',(0.,1.,0.));
#2980 = DIRECTION('',(1.182194759429E-14,0.,-1.));
#2981 = ORIENTED_EDGE('',*,*,#2982,.F.);
#2982 = EDGE_CURVE('',#2983,#2974,#2985,.T.);
#2983 = VERTEX_POINT('',#2984);
#2984 = CARTESIAN_POINT('',(-3.,4.35,0.575129619093));
#2985 = LINE('',#2986,#2987);
#2986 = CARTESIAN_POINT('',(-3.,4.35,0.575129619093));
#2987 = VECTOR('',#2988,1.);
#2988 = DIRECTION('',(0.,-1.,0.));
#2989 = ORIENTED_EDGE('',*,*,#2990,.T.);
#2990 = EDGE_CURVE('',#2983,#2925,#2991,.T.);
#2991 = B_SPLINE_CURVE_WITH_KNOTS('',3,(#2992,#2993,#2994,#2995,#2996),
  .UNSPECIFIED.,.F.,.F.,(4,1,4),(0.,0.5,1.),.QUASI_UNIFORM_KNOTS.);
#2992 = CARTESIAN_POINT('',(-3.,4.35,0.575129619093));
#2993 = CARTESIAN_POINT('',(-3.,4.35,0.563590717608));
#2994 = CARTESIAN_POINT('',(-2.995144770889,4.354855229111,
    0.544067189028));
#2995 = CARTESIAN_POINT('',(-2.984657031914,4.365342968086,
    0.528666943843));
#2996 = CARTESIAN_POINT('',(-2.977995044036,4.372004955964,
    0.522004955965));
#2997 = ORIENTED_EDGE('',*,*,#2924,.T.);
#2998 = CYLINDRICAL_SURFACE('',#2999,7.51296190933E-02);
#2999 = AXIS2_PLACEMENT_3D('',#3000,#3001,#3002);
#3000 = CARTESIAN_POINT('',(-2.924870380907,4.5,0.575129619093));
#3001 = DIRECTION('',(0.,1.,0.));
#3002 = DIRECTION('',(1.,0.,0.));
#3003 = ADVANCED_FACE('',(#3004),#3026,.T.);
#3004 = FACE_BOUND('',#3005,.F.);
#3005 = EDGE_LOOP('',(#3006,#3007,#3008,#3009,#3020));
#3006 = ORIENTED_EDGE('',*,*,#2990,.T.);
#3007 = ORIENTED_EDGE('',*,*,#2951,.T.);
#3008 = ORIENTED_EDGE('',*,*,#2910,.T.);
#3009 = ORIENTED_EDGE('',*,*,#3010,.F.);
#3010 = EDGE_CURVE('',#3011,#2902,#3013,.T.);
#3011 = VERTEX_POINT('',#3012);
#3012 = CARTESIAN_POINT('',(-3.000000007507,4.350000008132,
    1.250000003128));
#3013 = B_SPLINE_CURVE_WITH_KNOTS('',3,(#3014,#3015,#3016,#3017,#3018,
    #3019),.UNSPECIFIED.,.F.,.F.,(4,1,1,4),(0.,0.333333333333,
    0.666666666667,1.),.UNSPECIFIED.);
#3014 = CARTESIAN_POINT('',(-3.000000007507,4.350000008132,
    1.250000003128));
#3015 = CARTESIAN_POINT('',(-2.983003356662,4.366996658977,
    1.246600626535));
#3016 = CARTESIAN_POINT('',(-2.949230094417,4.400769894334,1.23981841737
    ));
#3017 = CARTESIAN_POINT('',(-2.899234233902,4.450765782012,
    1.229695314615));
#3018 = CARTESIAN_POINT('',(-2.866338487153,4.483661483214,
    1.222980159932));
#3019 = CARTESIAN_POINT('',(-2.849999985806,4.499999984561,
    1.219631049984));
#3020 = ORIENTED_EDGE('',*,*,#3021,.F.);
#3021 = EDGE_CURVE('',#2983,#3011,#3022,.T.);
#3022 = LINE('',#3023,#3024);
#3023 = CARTESIAN_POINT('',(-3.,4.35,0.575129619093));
#3024 = VECTOR('',#3025,1.);
#3025 = DIRECTION('',(-1.112324884633E-08,1.20502173424E-08,1.));
#3026 = PLANE('',#3027);
#3027 = AXIS2_PLACEMENT_3D('',#3028,#3029,#3030);
#3028 = CARTESIAN_POINT('',(-2.925,4.425,0.912564809547));
#3029 = DIRECTION('',(-0.707106781187,0.707106781187,0.));
#3030 = DIRECTION('',(-0.707106781187,-0.707106781187,0.));
#3031 = ADVANCED_FACE('',(#3032),#3054,.T.);
#3032 = FACE_BOUND('',#3033,.T.);
#3033 = EDGE_LOOP('',(#3034,#3035,#3044,#3053));
#3034 = ORIENTED_EDGE('',*,*,#3010,.F.);
#3035 = ORIENTED_EDGE('',*,*,#3036,.F.);
#3036 = EDGE_CURVE('',#3037,#3011,#3039,.T.);
#3037 = VERTEX_POINT('',#3038);
#3038 = CARTESIAN_POINT('',(-1.250000124855,4.349999997759,
    2.999999899366));
#3039 = CIRCLE('',#3040,3.250000043782);
#3040 = AXIS2_PLACEMENT_3D('',#3041,#3042,#3043);
#3041 = CARTESIAN_POINT('',(-2.03823107281E-07,4.349999935818,
    -2.669820574619E-07));
#3042 = DIRECTION('',(0.,-1.,0.));
#3043 = DIRECTION('',(-0.384615302013,0.,0.923076957495));
#3044 = ORIENTED_EDGE('',*,*,#3045,.T.);
#3045 = EDGE_CURVE('',#3037,#2894,#3046,.T.);
#3046 = B_SPLINE_CURVE_WITH_KNOTS('',3,(#3047,#3048,#3049,#3050,#3051,
    #3052),.UNSPECIFIED.,.F.,.F.,(4,1,1,4),(0.,0.333333333333,
    0.666666666667,1.),.UNSPECIFIED.);
#3047 = CARTESIAN_POINT('',(-1.250000124855,4.349999997759,
    2.999999899366));
#3048 = CARTESIAN_POINT('',(-1.246600748262,4.3669966486,2.983003248525)
  );
#3049 = CARTESIAN_POINT('',(-1.239818376838,4.400769896794,
    2.949230126195));
#3050 = CARTESIAN_POINT('',(-1.229695250177,4.450765786546,
    2.899234287307));
#3051 = CARTESIAN_POINT('',(-1.22298032163,4.483661469382,2.866338342967
    ));
#3052 = CARTESIAN_POINT('',(-1.219631211682,4.49999997073,2.849999841619
    ));
#3053 = ORIENTED_EDGE('',*,*,#2901,.F.);
#3054 = CONICAL_SURFACE('',#3055,3.174999983412,0.785398678666);
#3055 = AXIS2_PLACEMENT_3D('',#3056,#3057,#3058);
#3056 = CARTESIAN_POINT('',(-2.03823107281E-07,4.424999918898,
    -2.669820574619E-07));
#3057 = DIRECTION('',(0.,-1.,0.));
#3058 = DIRECTION('',(0.,0.,-1.));
#3059 = ADVANCED_FACE('',(#3060),#3081,.T.);
#3060 = FACE_BOUND('',#3061,.F.);
#3061 = EDGE_LOOP('',(#3062,#3070,#3071,#3072));
#3062 = ORIENTED_EDGE('',*,*,#3063,.F.);
#3063 = EDGE_CURVE('',#3037,#3064,#3066,.T.);
#3064 = VERTEX_POINT('',#3065);
#3065 = CARTESIAN_POINT('',(1.250000003128,4.350000008132,3.000000007507
    ));
#3066 = LINE('',#3067,#3068);
#3067 = CARTESIAN_POINT('',(-1.250000124855,4.349999997759,
    2.999999899366));
#3068 = VECTOR('',#3069,1.);
#3069 = DIRECTION('',(1.,4.149353714701E-09,4.325630867433E-08));
#3070 = ORIENTED_EDGE('',*,*,#3045,.T.);
#3071 = ORIENTED_EDGE('',*,*,#2893,.T.);
#3072 = ORIENTED_EDGE('',*,*,#3073,.F.);
#3073 = EDGE_CURVE('',#3064,#2885,#3074,.T.);
#3074 = B_SPLINE_CURVE_WITH_KNOTS('',3,(#3075,#3076,#3077,#3078,#3079,
    #3080),.UNSPECIFIED.,.F.,.F.,(4,1,1,4),(0.,0.333333333333,
    0.666666666667,1.),.UNSPECIFIED.);
#3075 = CARTESIAN_POINT('',(1.250000003128,4.350000008132,3.000000007507
    ));
#3076 = CARTESIAN_POINT('',(1.246600626535,4.366996658977,2.983003356662
    ));
#3077 = CARTESIAN_POINT('',(1.23981841737,4.400769894334,2.949230094417)
  );
#3078 = CARTESIAN_POINT('',(1.229695314615,4.450765782012,2.899234233902
    ));
#3079 = CARTESIAN_POINT('',(1.222980159932,4.483661483214,2.866338487153
    ));
#3080 = CARTESIAN_POINT('',(1.219631049984,4.499999984561,2.849999985806
    ));
#3081 = PLANE('',#3082);
#3082 = AXIS2_PLACEMENT_3D('',#3083,#3084,#3085);
#3083 = CARTESIAN_POINT('',(0.,4.425,2.925));
#3084 = DIRECTION('',(0.,0.707106781187,0.707106781187));
#3085 = DIRECTION('',(0.,-0.707106781187,0.707106781187));
#3086 = ADVANCED_FACE('',(#3087),#3112,.T.);
#3087 = FACE_BOUND('',#3088,.F.);
#3088 = EDGE_LOOP('',(#3089,#3090,#3098,#3106));
#3089 = ORIENTED_EDGE('',*,*,#3063,.T.);
#3090 = ORIENTED_EDGE('',*,*,#3091,.T.);
#3091 = EDGE_CURVE('',#3064,#3092,#3094,.T.);
#3092 = VERTEX_POINT('',#3093);
#3093 = CARTESIAN_POINT('',(1.25,3.75,3.));
#3094 = LINE('',#3095,#3096);
#3095 = CARTESIAN_POINT('',(1.250000003128,4.350000008132,3.000000007507
    ));
#3096 = VECTOR('',#3097,1.);
#3097 = DIRECTION('',(-5.213023645746E-09,-1.,-1.251125186481E-08));
#3098 = ORIENTED_EDGE('',*,*,#3099,.F.);
#3099 = EDGE_CURVE('',#3100,#3092,#3102,.T.);
#3100 = VERTEX_POINT('',#3101);
#3101 = CARTESIAN_POINT('',(-1.25,3.75,3.));
#3102 = LINE('',#3103,#3104);
#3103 = CARTESIAN_POINT('',(-1.25,3.75,3.));
#3104 = VECTOR('',#3105,1.);
#3105 = DIRECTION('',(1.,0.,0.));
#3106 = ORIENTED_EDGE('',*,*,#3107,.F.);
#3107 = EDGE_CURVE('',#3037,#3100,#3108,.T.);
#3108 = LINE('',#3109,#3110);
#3109 = CARTESIAN_POINT('',(-1.250000124855,4.349999997759,
    2.999999899366));
#3110 = VECTOR('',#3111,1.);
#3111 = DIRECTION('',(2.080911517544E-07,-1.,1.677233780353E-07));
#3112 = PLANE('',#3113);
#3113 = AXIS2_PLACEMENT_3D('',#3114,#3115,#3116);
#3114 = CARTESIAN_POINT('',(-1.25,4.5,3.));
#3115 = DIRECTION('',(0.,0.,1.));
#3116 = DIRECTION('',(1.,0.,-0.));
#3117 = ADVANCED_FACE('',(#3118),#3145,.T.);
#3118 = FACE_BOUND('',#3119,.T.);
#3119 = EDGE_LOOP('',(#3120,#3121,#3130,#3138));
#3120 = ORIENTED_EDGE('',*,*,#3091,.T.);
#3121 = ORIENTED_EDGE('',*,*,#3122,.T.);
#3122 = EDGE_CURVE('',#3092,#3123,#3125,.T.);
#3123 = VERTEX_POINT('',#3124);
#3124 = CARTESIAN_POINT('',(3.,3.75,1.25));
#3125 = CIRCLE('',#3126,3.25);
#3126 = AXIS2_PLACEMENT_3D('',#3127,#3128,#3129);
#3127 = CARTESIAN_POINT('',(0.,3.75,0.));
#3128 = DIRECTION('',(0.,1.,0.));
#3129 = DIRECTION('',(0.384615384615,-0.,0.923076923077));
#3130 = ORIENTED_EDGE('',*,*,#3131,.F.);
#3131 = EDGE_CURVE('',#3132,#3123,#3134,.T.);
#3132 = VERTEX_POINT('',#3133);
#3133 = CARTESIAN_POINT('',(2.999999899366,4.349999997759,1.250000124855
    ));
#3134 = LINE('',#3135,#3136);
#3135 = CARTESIAN_POINT('',(2.999999899366,4.349999997759,1.250000124855
    ));
#3136 = VECTOR('',#3137,1.);
#3137 = DIRECTION('',(1.677232322261E-07,-1.,-2.080912968236E-07));
#3138 = ORIENTED_EDGE('',*,*,#3139,.T.);
#3139 = EDGE_CURVE('',#3132,#3064,#3140,.T.);
#3140 = CIRCLE('',#3141,3.250000043782);
#3141 = AXIS2_PLACEMENT_3D('',#3142,#3143,#3144);
#3142 = CARTESIAN_POINT('',(-2.669819106904E-07,4.349999935818,
    2.038233868351E-07));
#3143 = DIRECTION('',(0.,-1.,0.));
#3144 = DIRECTION('',(0.923076957495,0.,0.384615302013));
#3145 = CYLINDRICAL_SURFACE('',#3146,3.25);
#3146 = AXIS2_PLACEMENT_3D('',#3147,#3148,#3149);
#3147 = CARTESIAN_POINT('',(0.,4.5,0.));
#3148 = DIRECTION('',(0.,1.,0.));
#3149 = DIRECTION('',(1.,0.,0.));
#3150 = ADVANCED_FACE('',(#3151),#3165,.T.);
#3151 = FACE_BOUND('',#3152,.T.);
#3152 = EDGE_LOOP('',(#3153,#3154,#3155,#3164));
#3153 = ORIENTED_EDGE('',*,*,#3073,.F.);
#3154 = ORIENTED_EDGE('',*,*,#3139,.F.);
#3155 = ORIENTED_EDGE('',*,*,#3156,.T.);
#3156 = EDGE_CURVE('',#3132,#2877,#3157,.T.);
#3157 = B_SPLINE_CURVE_WITH_KNOTS('',3,(#3158,#3159,#3160,#3161,#3162,
    #3163),.UNSPECIFIED.,.F.,.F.,(4,1,1,4),(0.,0.333333333333,
    0.666666666667,1.),.UNSPECIFIED.);
#3158 = CARTESIAN_POINT('',(2.999999899366,4.349999997759,1.250000124855
    ));
#3159 = CARTESIAN_POINT('',(2.983003248525,4.3669966486,1.246600748262)
  );
#3160 = CARTESIAN_POINT('',(2.949230126195,4.400769896794,1.239818376838
    ));
#3161 = CARTESIAN_POINT('',(2.899234287307,4.450765786546,1.229695250177
    ));
#3162 = CARTESIAN_POINT('',(2.866338342967,4.483661469382,1.22298032163)
  );
#3163 = CARTESIAN_POINT('',(2.84999984162,4.49999997073,1.219631211682)
  );
#3164 = ORIENTED_EDGE('',*,*,#2884,.F.);
#3165 = CONICAL_SURFACE('',#3166,3.174999983411,0.785398678666);
#3166 = AXIS2_PLACEMENT_3D('',#3167,#3168,#3169);
#3167 = CARTESIAN_POINT('',(-2.669819106904E-07,4.424999918898,
    2.038233868351E-07));
#3168 = DIRECTION('',(0.,-1.,0.));
#3169 = DIRECTION('',(0.,0.,-1.));
#3170 = ADVANCED_FACE('',(#3171),#3199,.T.);
#3171 = FACE_BOUND('',#3172,.F.);
#3172 = EDGE_LOOP('',(#3173,#3185,#3191,#3192,#3193));
#3173 = ORIENTED_EDGE('',*,*,#3174,.T.);
#3174 = EDGE_CURVE('',#3175,#3177,#3179,.T.);
#3175 = VERTEX_POINT('',#3176);
#3176 = CARTESIAN_POINT('',(2.977995044036,4.372004955964,0.522004955965
    ));
#3177 = VERTEX_POINT('',#3178);
#3178 = CARTESIAN_POINT('',(3.,4.35,0.575129619093));
#3179 = B_SPLINE_CURVE_WITH_KNOTS('',3,(#3180,#3181,#3182,#3183,#3184),
  .UNSPECIFIED.,.F.,.F.,(4,1,4),(0.,0.5,1.),.QUASI_UNIFORM_KNOTS.);
#3180 = CARTESIAN_POINT('',(2.977995044036,4.372004955964,0.522004955965
    ));
#3181 = CARTESIAN_POINT('',(2.984657031914,4.365342968086,0.528666943843
    ));
#3182 = CARTESIAN_POINT('',(2.995144770889,4.354855229111,0.544067189028
    ));
#3183 = CARTESIAN_POINT('',(3.,4.35,0.563590717608));
#3184 = CARTESIAN_POINT('',(3.,4.35,0.575129619093));
#3185 = ORIENTED_EDGE('',*,*,#3186,.F.);
#3186 = EDGE_CURVE('',#3132,#3177,#3187,.T.);
#3187 = LINE('',#3188,#3189);
#3188 = CARTESIAN_POINT('',(2.999999899366,4.349999997759,1.250000124855
    ));
#3189 = VECTOR('',#3190,1.);
#3190 = DIRECTION('',(1.491159225547E-07,3.320901978925E-09,-1.));
#3191 = ORIENTED_EDGE('',*,*,#3156,.T.);
#3192 = ORIENTED_EDGE('',*,*,#2876,.T.);
#3193 = ORIENTED_EDGE('',*,*,#3194,.F.);
#3194 = EDGE_CURVE('',#3175,#2869,#3195,.T.);
#3195 = LINE('',#3196,#3197);
#3196 = CARTESIAN_POINT('',(2.977995044036,4.372004955964,0.522004955965
    ));
#3197 = VECTOR('',#3198,1.);
#3198 = DIRECTION('',(-0.57735026919,0.57735026919,0.57735026919));
#3199 = PLANE('',#3200);
#3200 = AXIS2_PLACEMENT_3D('',#3201,#3202,#3203);
#3201 = CARTESIAN_POINT('',(2.925,4.425,0.912564809547));
#3202 = DIRECTION('',(0.707106781187,0.707106781187,0.));
#3203 = DIRECTION('',(0.707106781187,-0.707106781187,0.));
#3204 = ADVANCED_FACE('',(#3205),#3241,.T.);
#3205 = FACE_BOUND('',#3206,.T.);
#3206 = EDGE_LOOP('',(#3207,#3215,#3224,#3232,#3240));
#3207 = ORIENTED_EDGE('',*,*,#3208,.T.);
#3208 = EDGE_CURVE('',#3177,#3209,#3211,.T.);
#3209 = VERTEX_POINT('',#3210);
#3210 = CARTESIAN_POINT('',(3.,3.75,0.575129619093));
#3211 = LINE('',#3212,#3213);
#3212 = CARTESIAN_POINT('',(3.,4.35,0.575129619093));
#3213 = VECTOR('',#3214,1.);
#3214 = DIRECTION('',(0.,-1.,0.));
#3215 = ORIENTED_EDGE('',*,*,#3216,.T.);
#3216 = EDGE_CURVE('',#3209,#3217,#3219,.T.);
#3217 = VERTEX_POINT('',#3218);
#3218 = CARTESIAN_POINT('',(2.924870380907,3.75,0.5));
#3219 = CIRCLE('',#3220,7.51296190933E-02);
#3220 = AXIS2_PLACEMENT_3D('',#3221,#3222,#3223);
#3221 = CARTESIAN_POINT('',(2.924870380907,3.75,0.575129619093));
#3222 = DIRECTION('',(-0.,1.,0.));
#3223 = DIRECTION('',(1.,0.,0.));
#3224 = ORIENTED_EDGE('',*,*,#3225,.F.);
#3225 = EDGE_CURVE('',#3226,#3217,#3228,.T.);
#3226 = VERTEX_POINT('',#3227);
#3227 = CARTESIAN_POINT('',(2.924870380907,4.35,0.5));
#3228 = LINE('',#3229,#3230);
#3229 = CARTESIAN_POINT('',(2.924870380907,4.35,0.5));
#3230 = VECTOR('',#3231,1.);
#3231 = DIRECTION('',(0.,-1.,0.));
#3232 = ORIENTED_EDGE('',*,*,#3233,.T.);
#3233 = EDGE_CURVE('',#3226,#3175,#3234,.T.);
#3234 = B_SPLINE_CURVE_WITH_KNOTS('',3,(#3235,#3236,#3237,#3238,#3239),
  .UNSPECIFIED.,.F.,.F.,(4,1,4),(0.,0.5,1.),.QUASI_UNIFORM_KNOTS.);
#3235 = CARTESIAN_POINT('',(2.924870380907,4.35,0.5));
#3236 = CARTESIAN_POINT('',(2.936409282392,4.35,0.5));
#3237 = CARTESIAN_POINT('',(2.955932810972,4.354855229111,0.504855229111
    ));
#3238 = CARTESIAN_POINT('',(2.971333056157,4.365342968086,0.515342968086
    ));
#3239 = CARTESIAN_POINT('',(2.977995044036,4.372004955964,0.522004955965
    ));
#3240 = ORIENTED_EDGE('',*,*,#3174,.T.);
#3241 = CYLINDRICAL_SURFACE('',#3242,7.51296190933E-02);
#3242 = AXIS2_PLACEMENT_3D('',#3243,#3244,#3245);
#3243 = CARTESIAN_POINT('',(2.924870380907,4.5,0.575129619093));
#3244 = DIRECTION('',(0.,1.,0.));
#3245 = DIRECTION('',(1.,0.,0.));
#3246 = ADVANCED_FACE('',(#3247),#3266,.T.);
#3247 = FACE_BOUND('',#3248,.F.);
#3248 = EDGE_LOOP('',(#3249,#3250,#3251,#3252,#3260));
#3249 = ORIENTED_EDGE('',*,*,#3233,.T.);
#3250 = ORIENTED_EDGE('',*,*,#3194,.T.);
#3251 = ORIENTED_EDGE('',*,*,#2868,.T.);
#3252 = ORIENTED_EDGE('',*,*,#3253,.T.);
#3253 = EDGE_CURVE('',#2860,#3254,#3256,.T.);
#3254 = VERTEX_POINT('',#3255);
#3255 = CARTESIAN_POINT('',(2.819627595991,4.35,0.5));
#3256 = LINE('',#3257,#3258);
#3257 = CARTESIAN_POINT('',(2.8196275956,4.499999999968,0.649999999968)
  );
#3258 = VECTOR('',#3259,1.);
#3259 = DIRECTION('',(6.161063742887E-10,-0.707106781187,-0.707106781187
    ));
#3260 = ORIENTED_EDGE('',*,*,#3261,.F.);
#3261 = EDGE_CURVE('',#3226,#3254,#3262,.T.);
#3262 = LINE('',#3263,#3264);
#3263 = CARTESIAN_POINT('',(2.924870380907,4.35,0.5));
#3264 = VECTOR('',#3265,1.);
#3265 = DIRECTION('',(-1.,-2.053963731811E-10,-2.053942633491E-10));
#3266 = PLANE('',#3267);
#3267 = AXIS2_PLACEMENT_3D('',#3268,#3269,#3270);
#3268 = CARTESIAN_POINT('',(2.872248987863,4.424999999978,0.574999999978
    ));
#3269 = DIRECTION('',(0.,0.707106781187,-0.707106781187));
#3270 = DIRECTION('',(0.,-0.707106781187,-0.707106781187));
#3271 = ADVANCED_FACE('',(#3272),#3291,.F.);
#3272 = FACE_BOUND('',#3273,.F.);
#3273 = EDGE_LOOP('',(#3274,#3275,#3283,#3290));
#3274 = ORIENTED_EDGE('',*,*,#2859,.T.);
#3275 = ORIENTED_EDGE('',*,*,#3276,.T.);
#3276 = EDGE_CURVE('',#2852,#3277,#3279,.T.);
#3277 = VERTEX_POINT('',#3278);
#3278 = CARTESIAN_POINT('',(2.70000000001,4.34999999999,0.380372403983)
  );
#3279 = LINE('',#3280,#3281);
#3280 = CARTESIAN_POINT('',(2.550000000031,4.499999999969,0.38037240393)
  );
#3281 = VECTOR('',#3282,1.);
#3282 = DIRECTION('',(0.707106781187,-0.707106781186,2.491056358875E-10)
  );
#3283 = ORIENTED_EDGE('',*,*,#3284,.F.);
#3284 = EDGE_CURVE('',#3254,#3277,#3285,.T.);
#3285 = CIRCLE('',#3286,0.119627595991);
#3286 = AXIS2_PLACEMENT_3D('',#3287,#3288,#3289);
#3287 = CARTESIAN_POINT('',(2.819627595991,4.35,0.380372404009));
#3288 = DIRECTION('',(0.,-1.,0.));
#3289 = DIRECTION('',(0.,0.,1.));
#3290 = ORIENTED_EDGE('',*,*,#3253,.F.);
#3291 = CONICAL_SURFACE('',#3292,0.194627595969,0.785398163397);
#3292 = AXIS2_PLACEMENT_3D('',#3293,#3294,#3295);
#3293 = CARTESIAN_POINT('',(2.819627595991,4.424999999978,0.380372404009
    ));
#3294 = DIRECTION('',(0.,1.,0.));
#3295 = DIRECTION('',(0.,0.,-1.));
#3296 = ADVANCED_FACE('',(#3297),#3315,.T.);
#3297 = FACE_BOUND('',#3298,.F.);
#3298 = EDGE_LOOP('',(#3299,#3300,#3308,#3314));
#3299 = ORIENTED_EDGE('',*,*,#2851,.T.);
#3300 = ORIENTED_EDGE('',*,*,#3301,.T.);
#3301 = EDGE_CURVE('',#2843,#3302,#3304,.T.);
#3302 = VERTEX_POINT('',#3303);
#3303 = CARTESIAN_POINT('',(2.7,4.35,-0.417814888945));
#3304 = LINE('',#3305,#3306);
#3305 = CARTESIAN_POINT('',(2.550000000002,4.499999999998,
    -0.417814889027));
#3306 = VECTOR('',#3307,1.);
#3307 = DIRECTION('',(0.707106781187,-0.707106781187,2.854477809516E-10)
  );
#3308 = ORIENTED_EDGE('',*,*,#3309,.F.);
#3309 = EDGE_CURVE('',#3277,#3302,#3310,.T.);
#3310 = LINE('',#3311,#3312);
#3311 = CARTESIAN_POINT('',(2.70000000001,4.34999999999,0.380372403983)
  );
#3312 = VECTOR('',#3313,1.);
#3313 = DIRECTION('',(-1.208217841387E-11,1.208217841387E-11,-1.));
#3314 = ORIENTED_EDGE('',*,*,#3276,.F.);
#3315 = PLANE('',#3316);
#3316 = AXIS2_PLACEMENT_3D('',#3317,#3318,#3319);
#3317 = CARTESIAN_POINT('',(2.625,4.425,-1.87212424677E-02));
#3318 = DIRECTION('',(0.707106781187,0.707106781187,0.));
#3319 = DIRECTION('',(0.707106781187,-0.707106781187,0.));
#3320 = ADVANCED_FACE('',(#3321),#3340,.F.);
#3321 = FACE_BOUND('',#3322,.F.);
#3322 = EDGE_LOOP('',(#3323,#3324,#3332,#3339));
#3323 = ORIENTED_EDGE('',*,*,#2842,.T.);
#3324 = ORIENTED_EDGE('',*,*,#3325,.T.);
#3325 = EDGE_CURVE('',#2835,#3326,#3328,.T.);
#3326 = VERTEX_POINT('',#3327);
#3327 = CARTESIAN_POINT('',(2.78218511094,4.349999999992,-0.499999999992
    ));
#3328 = LINE('',#3329,#3330);
#3329 = CARTESIAN_POINT('',(2.782185110623,4.499999999971,
    -0.649999999972));
#3330 = VECTOR('',#3331,1.);
#3331 = DIRECTION('',(1.497390897686E-09,-0.707106781187,0.707106781187)
  );
#3332 = ORIENTED_EDGE('',*,*,#3333,.F.);
#3333 = EDGE_CURVE('',#3302,#3326,#3334,.T.);
#3334 = CIRCLE('',#3335,8.218511105517E-02);
#3335 = AXIS2_PLACEMENT_3D('',#3336,#3337,#3338);
#3336 = CARTESIAN_POINT('',(2.782185111055,4.35,-0.417814888945));
#3337 = DIRECTION('',(0.,-1.,0.));
#3338 = DIRECTION('',(-1.,0.,0.));
#3339 = ORIENTED_EDGE('',*,*,#3301,.F.);
#3340 = CONICAL_SURFACE('',#3341,0.15718511104,0.785398163397);
#3341 = AXIS2_PLACEMENT_3D('',#3342,#3343,#3344);
#3342 = CARTESIAN_POINT('',(2.782185111055,4.424999999985,
    -0.417814888945));
#3343 = DIRECTION('',(0.,1.,0.));
#3344 = DIRECTION('',(0.,0.,-1.));
#3345 = ADVANCED_FACE('',(#3346),#3374,.T.);
#3346 = FACE_BOUND('',#3347,.F.);
#3347 = EDGE_LOOP('',(#3348,#3360,#3366,#3367,#3368));
#3348 = ORIENTED_EDGE('',*,*,#3349,.T.);
#3349 = EDGE_CURVE('',#3350,#3352,#3354,.T.);
#3350 = VERTEX_POINT('',#3351);
#3351 = CARTESIAN_POINT('',(2.976687461992,4.373312538008,
    -0.523312538008));
#3352 = VERTEX_POINT('',#3353);
#3353 = CARTESIAN_POINT('',(2.92040601656,4.35,-0.5));
#3354 = B_SPLINE_CURVE_WITH_KNOTS('',3,(#3355,#3356,#3357,#3358,#3359),
  .UNSPECIFIED.,.F.,.F.,(4,1,4),(0.,0.5,1.),.QUASI_UNIFORM_KNOTS.);
#3355 = CARTESIAN_POINT('',(2.976687461992,4.373312538008,
    -0.523312538008));
#3356 = CARTESIAN_POINT('',(2.969629604395,4.366254680411,
    -0.516254680411));
#3357 = CARTESIAN_POINT('',(2.953314243356,4.355143737318,
    -0.505143737319));
#3358 = CARTESIAN_POINT('',(2.932630584511,4.35,-0.5));
#3359 = CARTESIAN_POINT('',(2.92040601656,4.35,-0.5));
#3360 = ORIENTED_EDGE('',*,*,#3361,.F.);
#3361 = EDGE_CURVE('',#3326,#3352,#3362,.T.);
#3362 = LINE('',#3363,#3364);
#3363 = CARTESIAN_POINT('',(2.78218511094,4.349999999992,-0.499999999992
    ));
#3364 = VECTOR('',#3365,1.);
#3365 = DIRECTION('',(1.,5.479913135592E-11,-5.480314747425E-11));
#3366 = ORIENTED_EDGE('',*,*,#3325,.F.);
#3367 = ORIENTED_EDGE('',*,*,#2834,.T.);
#3368 = ORIENTED_EDGE('',*,*,#3369,.F.);
#3369 = EDGE_CURVE('',#3350,#2827,#3370,.T.);
#3370 = LINE('',#3371,#3372);
#3371 = CARTESIAN_POINT('',(2.976687461992,4.373312538008,
    -0.523312538008));
#3372 = VECTOR('',#3373,1.);
#3373 = DIRECTION('',(-0.57735026919,0.57735026919,-0.57735026919));
#3374 = PLANE('',#3375);
#3375 = AXIS2_PLACEMENT_3D('',#3376,#3377,#3378);
#3376 = CARTESIAN_POINT('',(2.851295563159,4.424999999985,
    -0.574999999985));
#3377 = DIRECTION('',(0.,0.707106781187,0.707106781187));
#3378 = DIRECTION('',(0.,-0.707106781187,0.707106781187));
#3379 = ADVANCED_FACE('',(#3380),#3416,.T.);
#3380 = FACE_BOUND('',#3381,.T.);
#3381 = EDGE_LOOP('',(#3382,#3390,#3399,#3407,#3415));
#3382 = ORIENTED_EDGE('',*,*,#3383,.T.);
#3383 = EDGE_CURVE('',#3352,#3384,#3386,.T.);
#3384 = VERTEX_POINT('',#3385);
#3385 = CARTESIAN_POINT('',(2.92040601656,3.75,-0.5));
#3386 = LINE('',#3387,#3388);
#3387 = CARTESIAN_POINT('',(2.92040601656,4.35,-0.5));
#3388 = VECTOR('',#3389,1.);
#3389 = DIRECTION('',(0.,-1.,0.));
#3390 = ORIENTED_EDGE('',*,*,#3391,.T.);
#3391 = EDGE_CURVE('',#3384,#3392,#3394,.T.);
#3392 = VERTEX_POINT('',#3393);
#3393 = CARTESIAN_POINT('',(3.,3.75,-0.57959398344));
#3394 = CIRCLE('',#3395,7.959398343967E-02);
#3395 = AXIS2_PLACEMENT_3D('',#3396,#3397,#3398);
#3396 = CARTESIAN_POINT('',(2.92040601656,3.75,-0.57959398344));
#3397 = DIRECTION('',(0.,1.,0.));
#3398 = DIRECTION('',(0.,-0.,1.));
#3399 = ORIENTED_EDGE('',*,*,#3400,.F.);
#3400 = EDGE_CURVE('',#3401,#3392,#3403,.T.);
#3401 = VERTEX_POINT('',#3402);
#3402 = CARTESIAN_POINT('',(3.,4.35,-0.57959398344));
#3403 = LINE('',#3404,#3405);
#3404 = CARTESIAN_POINT('',(3.,4.35,-0.57959398344));
#3405 = VECTOR('',#3406,1.);
#3406 = DIRECTION('',(0.,-1.,0.));
#3407 = ORIENTED_EDGE('',*,*,#3408,.T.);
#3408 = EDGE_CURVE('',#3401,#3350,#3409,.T.);
#3409 = B_SPLINE_CURVE_WITH_KNOTS('',3,(#3410,#3411,#3412,#3413,#3414),
  .UNSPECIFIED.,.F.,.F.,(4,1,4),(0.,0.5,1.),.QUASI_UNIFORM_KNOTS.);
#3410 = CARTESIAN_POINT('',(3.,4.35,-0.57959398344));
#3411 = CARTESIAN_POINT('',(3.,4.35,-0.567369415488));
#3412 = CARTESIAN_POINT('',(2.994856262682,4.355143737318,
    -0.546685756644));
#3413 = CARTESIAN_POINT('',(2.98374531959,4.366254680411,-0.530370395605
    ));
#3414 = CARTESIAN_POINT('',(2.976687461992,4.373312538008,
    -0.523312538008));
#3415 = ORIENTED_EDGE('',*,*,#3349,.T.);
#3416 = CYLINDRICAL_SURFACE('',#3417,7.959398343967E-02);
#3417 = AXIS2_PLACEMENT_3D('',#3418,#3419,#3420);
#3418 = CARTESIAN_POINT('',(2.92040601656,4.5,-0.57959398344));
#3419 = DIRECTION('',(0.,1.,0.));
#3420 = DIRECTION('',(1.,0.,0.));
#3421 = ADVANCED_FACE('',(#3422),#3444,.T.);
#3422 = FACE_BOUND('',#3423,.F.);
#3423 = EDGE_LOOP('',(#3424,#3425,#3426,#3427,#3438));
#3424 = ORIENTED_EDGE('',*,*,#3408,.T.);
#3425 = ORIENTED_EDGE('',*,*,#3369,.T.);
#3426 = ORIENTED_EDGE('',*,*,#2826,.T.);
#3427 = ORIENTED_EDGE('',*,*,#3428,.F.);
#3428 = EDGE_CURVE('',#3429,#2818,#3431,.T.);
#3429 = VERTEX_POINT('',#3430);
#3430 = CARTESIAN_POINT('',(3.000000007507,4.350000008132,
    -1.250000003128));
#3431 = B_SPLINE_CURVE_WITH_KNOTS('',3,(#3432,#3433,#3434,#3435,#3436,
    #3437),.UNSPECIFIED.,.F.,.F.,(4,1,1,4),(0.,0.333333333333,
    0.666666666667,1.),.UNSPECIFIED.);
#3432 = CARTESIAN_POINT('',(3.000000007507,4.350000008132,
    -1.250000003128));
#3433 = CARTESIAN_POINT('',(2.983003356662,4.366996658977,
    -1.246600626535));
#3434 = CARTESIAN_POINT('',(2.949230094417,4.400769894334,-1.23981841737
    ));
#3435 = CARTESIAN_POINT('',(2.899234233902,4.450765782012,
    -1.229695314615));
#3436 = CARTESIAN_POINT('',(2.866338487153,4.483661483214,
    -1.222980159932));
#3437 = CARTESIAN_POINT('',(2.849999985806,4.499999984561,
    -1.219631049984));
#3438 = ORIENTED_EDGE('',*,*,#3439,.F.);
#3439 = EDGE_CURVE('',#3401,#3429,#3440,.T.);
#3440 = LINE('',#3441,#3442);
#3441 = CARTESIAN_POINT('',(3.,4.35,-0.57959398344));
#3442 = VECTOR('',#3443,1.);
#3443 = DIRECTION('',(1.119731874105E-08,1.213046208826E-08,-1.));
#3444 = PLANE('',#3445);
#3445 = AXIS2_PLACEMENT_3D('',#3446,#3447,#3448);
#3446 = CARTESIAN_POINT('',(2.925,4.425,-0.91479699172));
#3447 = DIRECTION('',(0.707106781187,0.707106781187,0.));
#3448 = DIRECTION('',(0.707106781187,-0.707106781187,0.));
#3449 = ADVANCED_FACE('',(#3450),#3472,.T.);
#3450 = FACE_BOUND('',#3451,.T.);
#3451 = EDGE_LOOP('',(#3452,#3453,#3462,#3471));
#3452 = ORIENTED_EDGE('',*,*,#3428,.F.);
#3453 = ORIENTED_EDGE('',*,*,#3454,.F.);
#3454 = EDGE_CURVE('',#3455,#3429,#3457,.T.);
#3455 = VERTEX_POINT('',#3456);
#3456 = CARTESIAN_POINT('',(1.250000124855,4.349999997759,
    -2.999999899366));
#3457 = CIRCLE('',#3458,3.250000043782);
#3458 = AXIS2_PLACEMENT_3D('',#3459,#3460,#3461);
#3459 = CARTESIAN_POINT('',(2.038231936563E-07,4.349999935818,
    2.669820355905E-07));
#3460 = DIRECTION('',(0.,-1.,0.));
#3461 = DIRECTION('',(0.384615302013,0.,-0.923076957495));
#3462 = ORIENTED_EDGE('',*,*,#3463,.T.);
#3463 = EDGE_CURVE('',#3455,#2810,#3464,.T.);
#3464 = B_SPLINE_CURVE_WITH_KNOTS('',3,(#3465,#3466,#3467,#3468,#3469,
    #3470),.UNSPECIFIED.,.F.,.F.,(4,1,1,4),(0.,0.333333333333,
    0.666666666667,1.),.UNSPECIFIED.);
#3465 = CARTESIAN_POINT('',(1.250000124855,4.349999997759,
    -2.999999899366));
#3466 = CARTESIAN_POINT('',(1.246600748262,4.3669966486,-2.983003248525)
  );
#3467 = CARTESIAN_POINT('',(1.239818376838,4.400769896794,
    -2.949230126195));
#3468 = CARTESIAN_POINT('',(1.229695250177,4.450765786546,
    -2.899234287307));
#3469 = CARTESIAN_POINT('',(1.22298032163,4.483661469382,-2.866338342967
    ));
#3470 = CARTESIAN_POINT('',(1.219631211682,4.49999997073,-2.849999841619
    ));
#3471 = ORIENTED_EDGE('',*,*,#2817,.F.);
#3472 = CONICAL_SURFACE('',#3473,3.174999983411,0.785398678666);
#3473 = AXIS2_PLACEMENT_3D('',#3474,#3475,#3476);
#3474 = CARTESIAN_POINT('',(2.038231936563E-07,4.424999918898,
    2.669820355905E-07));
#3475 = DIRECTION('',(0.,-1.,0.));
#3476 = DIRECTION('',(0.,0.,-1.));
#3477 = ADVANCED_FACE('',(#3478),#3499,.T.);
#3478 = FACE_BOUND('',#3479,.F.);
#3479 = EDGE_LOOP('',(#3480,#3481,#3492,#3498));
#3480 = ORIENTED_EDGE('',*,*,#2809,.T.);
#3481 = ORIENTED_EDGE('',*,*,#3482,.F.);
#3482 = EDGE_CURVE('',#3483,#2801,#3485,.T.);
#3483 = VERTEX_POINT('',#3484);
#3484 = CARTESIAN_POINT('',(-1.250000003128,4.350000008132,
    -3.000000007507));
#3485 = B_SPLINE_CURVE_WITH_KNOTS('',3,(#3486,#3487,#3488,#3489,#3490,
    #3491),.UNSPECIFIED.,.F.,.F.,(4,1,1,4),(0.,0.333333333333,
    0.666666666667,1.),.UNSPECIFIED.);
#3486 = CARTESIAN_POINT('',(-1.250000003128,4.350000008132,
    -3.000000007507));
#3487 = CARTESIAN_POINT('',(-1.246600626535,4.366996658977,
    -2.983003356662));
#3488 = CARTESIAN_POINT('',(-1.23981841737,4.400769894334,
    -2.949230094417));
#3489 = CARTESIAN_POINT('',(-1.229695314615,4.450765782012,
    -2.899234233902));
#3490 = CARTESIAN_POINT('',(-1.222980159932,4.483661483214,
    -2.866338487153));
#3491 = CARTESIAN_POINT('',(-1.219631049984,4.499999984561,
    -2.849999985806));
#3492 = ORIENTED_EDGE('',*,*,#3493,.F.);
#3493 = EDGE_CURVE('',#3455,#3483,#3494,.T.);
#3494 = LINE('',#3495,#3496);
#3495 = CARTESIAN_POINT('',(1.250000124855,4.349999997759,
    -2.999999899366));
#3496 = VECTOR('',#3497,1.);
#3497 = DIRECTION('',(-1.,4.149371122997E-09,-4.325629570693E-08));
#3498 = ORIENTED_EDGE('',*,*,#3463,.T.);
#3499 = PLANE('',#3500);
#3500 = AXIS2_PLACEMENT_3D('',#3501,#3502,#3503);
#3501 = CARTESIAN_POINT('',(0.,4.425,-2.925));
#3502 = DIRECTION('',(0.,0.707106781187,-0.707106781187));
#3503 = DIRECTION('',(0.,-0.707106781187,-0.707106781187));
#3504 = ADVANCED_FACE('',(#3505),#3527,.T.);
#3505 = FACE_BOUND('',#3506,.T.);
#3506 = EDGE_LOOP('',(#3507,#3508,#3517,#3526));
#3507 = ORIENTED_EDGE('',*,*,#3482,.F.);
#3508 = ORIENTED_EDGE('',*,*,#3509,.F.);
#3509 = EDGE_CURVE('',#3510,#3483,#3512,.T.);
#3510 = VERTEX_POINT('',#3511);
#3511 = CARTESIAN_POINT('',(-2.999999899366,4.349999997759,
    -1.250000124855));
#3512 = CIRCLE('',#3513,3.250000043782);
#3513 = AXIS2_PLACEMENT_3D('',#3514,#3515,#3516);
#3514 = CARTESIAN_POINT('',(2.669820902135E-07,4.349999935818,
    -2.03823077527E-07));
#3515 = DIRECTION('',(0.,-1.,0.));
#3516 = DIRECTION('',(-0.923076957495,-0.,-0.384615302013));
#3517 = ORIENTED_EDGE('',*,*,#3518,.T.);
#3518 = EDGE_CURVE('',#3510,#2793,#3519,.T.);
#3519 = B_SPLINE_CURVE_WITH_KNOTS('',3,(#3520,#3521,#3522,#3523,#3524,
    #3525),.UNSPECIFIED.,.F.,.F.,(4,1,1,4),(0.,0.333333333333,
    0.666666666667,1.),.UNSPECIFIED.);
#3520 = CARTESIAN_POINT('',(-2.999999899366,4.349999997759,
    -1.250000124855));
#3521 = CARTESIAN_POINT('',(-2.983003248525,4.3669966486,-1.246600748262
    ));
#3522 = CARTESIAN_POINT('',(-2.949230126195,4.400769896794,
    -1.239818376838));
#3523 = CARTESIAN_POINT('',(-2.899234287307,4.450765786546,
    -1.229695250177));
#3524 = CARTESIAN_POINT('',(-2.866338342967,4.483661469382,
    -1.22298032163));
#3525 = CARTESIAN_POINT('',(-2.849999841619,4.49999997073,
    -1.219631211682));
#3526 = ORIENTED_EDGE('',*,*,#2800,.F.);
#3527 = CONICAL_SURFACE('',#3528,3.174999983412,0.785398678666);
#3528 = AXIS2_PLACEMENT_3D('',#3529,#3530,#3531);
#3529 = CARTESIAN_POINT('',(2.669820902135E-07,4.424999918898,
    -2.03823077527E-07));
#3530 = DIRECTION('',(0.,-1.,0.));
#3531 = DIRECTION('',(0.,0.,-1.));
#3532 = ADVANCED_FACE('',(#3533),#3561,.T.);
#3533 = FACE_BOUND('',#3534,.F.);
#3534 = EDGE_LOOP('',(#3535,#3547,#3553,#3554,#3555));
#3535 = ORIENTED_EDGE('',*,*,#3536,.T.);
#3536 = EDGE_CURVE('',#3537,#3539,#3541,.T.);
#3537 = VERTEX_POINT('',#3538);
#3538 = CARTESIAN_POINT('',(-2.976687461992,4.373312538008,
    -0.523312538008));
#3539 = VERTEX_POINT('',#3540);
#3540 = CARTESIAN_POINT('',(-3.,4.35,-0.57959398344));
#3541 = B_SPLINE_CURVE_WITH_KNOTS('',3,(#3542,#3543,#3544,#3545,#3546),
  .UNSPECIFIED.,.F.,.F.,(4,1,4),(0.,0.5,1.),.QUASI_UNIFORM_KNOTS.);
#3542 = CARTESIAN_POINT('',(-2.976687461992,4.373312538008,
    -0.523312538008));
#3543 = CARTESIAN_POINT('',(-2.983745319589,4.366254680411,
    -0.530370395605));
#3544 = CARTESIAN_POINT('',(-2.994856262682,4.355143737318,
    -0.546685756644));
#3545 = CARTESIAN_POINT('',(-3.,4.35,-0.567369415488));
#3546 = CARTESIAN_POINT('',(-3.,4.35,-0.57959398344));
#3547 = ORIENTED_EDGE('',*,*,#3548,.F.);
#3548 = EDGE_CURVE('',#3510,#3539,#3549,.T.);
#3549 = LINE('',#3550,#3551);
#3550 = CARTESIAN_POINT('',(-2.999999899366,4.349999997759,
    -1.250000124855));
#3551 = VECTOR('',#3552,1.);
#3552 = DIRECTION('',(-1.501090587724E-07,3.342804534613E-09,1.));
#3553 = ORIENTED_EDGE('',*,*,#3518,.T.);
#3554 = ORIENTED_EDGE('',*,*,#2792,.T.);
#3555 = ORIENTED_EDGE('',*,*,#3556,.F.);
#3556 = EDGE_CURVE('',#3537,#2785,#3557,.T.);
#3557 = LINE('',#3558,#3559);
#3558 = CARTESIAN_POINT('',(-2.976687461992,4.373312538008,
    -0.523312538008));
#3559 = VECTOR('',#3560,1.);
#3560 = DIRECTION('',(0.57735026919,0.57735026919,-0.57735026919));
#3561 = PLANE('',#3562);
#3562 = AXIS2_PLACEMENT_3D('',#3563,#3564,#3565);
#3563 = CARTESIAN_POINT('',(-2.925,4.425,-0.91479699172));
#3564 = DIRECTION('',(-0.707106781187,0.707106781187,0.));
#3565 = DIRECTION('',(-0.707106781187,-0.707106781187,0.));
#3566 = ADVANCED_FACE('',(#3567),#3603,.T.);
#3567 = FACE_BOUND('',#3568,.T.);
#3568 = EDGE_LOOP('',(#3569,#3570,#3578,#3587,#3595));
#3569 = ORIENTED_EDGE('',*,*,#3536,.T.);
#3570 = ORIENTED_EDGE('',*,*,#3571,.T.);
#3571 = EDGE_CURVE('',#3539,#3572,#3574,.T.);
#3572 = VERTEX_POINT('',#3573);
#3573 = CARTESIAN_POINT('',(-3.,3.75,-0.57959398344));
#3574 = LINE('',#3575,#3576);
#3575 = CARTESIAN_POINT('',(-3.,4.35,-0.57959398344));
#3576 = VECTOR('',#3577,1.);
#3577 = DIRECTION('',(0.,-1.,0.));
#3578 = ORIENTED_EDGE('',*,*,#3579,.T.);
#3579 = EDGE_CURVE('',#3572,#3580,#3582,.T.);
#3580 = VERTEX_POINT('',#3581);
#3581 = CARTESIAN_POINT('',(-2.92040601656,3.75,-0.5));
#3582 = CIRCLE('',#3583,7.959398343967E-02);
#3583 = AXIS2_PLACEMENT_3D('',#3584,#3585,#3586);
#3584 = CARTESIAN_POINT('',(-2.92040601656,3.75,-0.57959398344));
#3585 = DIRECTION('',(0.,1.,0.));
#3586 = DIRECTION('',(-1.,0.,0.));
#3587 = ORIENTED_EDGE('',*,*,#3588,.F.);
#3588 = EDGE_CURVE('',#3589,#3580,#3591,.T.);
#3589 = VERTEX_POINT('',#3590);
#3590 = CARTESIAN_POINT('',(-2.92040601656,4.35,-0.5));
#3591 = LINE('',#3592,#3593);
#3592 = CARTESIAN_POINT('',(-2.92040601656,4.35,-0.5));
#3593 = VECTOR('',#3594,1.);
#3594 = DIRECTION('',(0.,-1.,0.));
#3595 = ORIENTED_EDGE('',*,*,#3596,.T.);
#3596 = EDGE_CURVE('',#3589,#3537,#3597,.T.);
#3597 = B_SPLINE_CURVE_WITH_KNOTS('',3,(#3598,#3599,#3600,#3601,#3602),
  .UNSPECIFIED.,.F.,.F.,(4,1,4),(0.,0.5,1.),.QUASI_UNIFORM_KNOTS.);
#3598 = CARTESIAN_POINT('',(-2.92040601656,4.35,-0.5));
#3599 = CARTESIAN_POINT('',(-2.932630584511,4.35,-0.5));
#3600 = CARTESIAN_POINT('',(-2.953314243356,4.355143737318,
    -0.505143737319));
#3601 = CARTESIAN_POINT('',(-2.969629604395,4.366254680411,
    -0.516254680411));
#3602 = CARTESIAN_POINT('',(-2.976687461992,4.373312538008,
    -0.523312538008));
#3603 = CYLINDRICAL_SURFACE('',#3604,7.959398343967E-02);
#3604 = AXIS2_PLACEMENT_3D('',#3605,#3606,#3607);
#3605 = CARTESIAN_POINT('',(-2.92040601656,4.5,-0.57959398344));
#3606 = DIRECTION('',(0.,1.,0.));
#3607 = DIRECTION('',(1.,0.,0.));
#3608 = ADVANCED_FACE('',(#3609),#3628,.T.);
#3609 = FACE_BOUND('',#3610,.F.);
#3610 = EDGE_LOOP('',(#3611,#3612,#3613,#3614,#3622));
#3611 = ORIENTED_EDGE('',*,*,#3596,.T.);
#3612 = ORIENTED_EDGE('',*,*,#3556,.T.);
#3613 = ORIENTED_EDGE('',*,*,#2784,.T.);
#3614 = ORIENTED_EDGE('',*,*,#3615,.T.);
#3615 = EDGE_CURVE('',#2776,#3616,#3618,.T.);
#3616 = VERTEX_POINT('',#3617);
#3617 = CARTESIAN_POINT('',(-2.782185111055,4.35,-0.5));
#3618 = LINE('',#3619,#3620);
#3619 = CARTESIAN_POINT('',(-2.782185110973,4.499999999998,
    -0.649999999998));
#3620 = VECTOR('',#3621,1.);
#3621 = DIRECTION('',(-1.822835475413E-10,-0.707106781187,0.707106781187
    ));
#3622 = ORIENTED_EDGE('',*,*,#3623,.F.);
#3623 = EDGE_CURVE('',#3589,#3616,#3624,.T.);
#3624 = LINE('',#3625,#3626);
#3625 = CARTESIAN_POINT('',(-2.92040601656,4.35,-0.5));
#3626 = VECTOR('',#3627,1.);
#3627 = DIRECTION('',(1.,-9.29811715675E-12,9.306149393409E-12));
#3628 = PLANE('',#3629);
#3629 = AXIS2_PLACEMENT_3D('',#3630,#3631,#3632);
#3630 = CARTESIAN_POINT('',(-2.851295563684,4.424999999999,
    -0.574999999999));
#3631 = DIRECTION('',(0.,0.707106781187,0.707106781187));
#3632 = DIRECTION('',(0.,-0.707106781187,0.707106781187));
#3633 = ADVANCED_FACE('',(#3634),#3646,.F.);
#3634 = FACE_BOUND('',#3635,.F.);
#3635 = EDGE_LOOP('',(#3636,#3637,#3638,#3645));
#3636 = ORIENTED_EDGE('',*,*,#2775,.T.);
#3637 = ORIENTED_EDGE('',*,*,#2743,.T.);
#3638 = ORIENTED_EDGE('',*,*,#3639,.F.);
#3639 = EDGE_CURVE('',#3616,#2696,#3640,.T.);
#3640 = CIRCLE('',#3641,8.218511105517E-02);
#3641 = AXIS2_PLACEMENT_3D('',#3642,#3643,#3644);
#3642 = CARTESIAN_POINT('',(-2.782185111055,4.35,-0.417814888945));
#3643 = DIRECTION('',(0.,-1.,0.));
#3644 = DIRECTION('',(0.,0.,-1.));
#3645 = ORIENTED_EDGE('',*,*,#3615,.F.);
#3646 = CONICAL_SURFACE('',#3647,0.15718511104,0.785398163397);
#3647 = AXIS2_PLACEMENT_3D('',#3648,#3649,#3650);
#3648 = CARTESIAN_POINT('',(-2.782185111055,4.424999999985,
    -0.417814888945));
#3649 = DIRECTION('',(0.,1.,0.));
#3650 = DIRECTION('',(0.,0.,-1.));
#3651 = ADVANCED_FACE('',(#3652),#3672,.F.);
#3652 = FACE_BOUND('',#3653,.F.);
#3653 = EDGE_LOOP('',(#3654,#3655,#3656,#3657,#3666));
#3654 = ORIENTED_EDGE('',*,*,#3639,.T.);
#3655 = ORIENTED_EDGE('',*,*,#2712,.F.);
#3656 = ORIENTED_EDGE('',*,*,#2674,.T.);
#3657 = ORIENTED_EDGE('',*,*,#3658,.F.);
#3658 = EDGE_CURVE('',#3659,#2666,#3661,.T.);
#3659 = VERTEX_POINT('',#3660);
#3660 = CARTESIAN_POINT('',(-2.782185111055,3.75,-0.5));
#3661 = CIRCLE('',#3662,8.218511105517E-02);
#3662 = AXIS2_PLACEMENT_3D('',#3663,#3664,#3665);
#3663 = CARTESIAN_POINT('',(-2.782185111055,3.75,-0.417814888945));
#3664 = DIRECTION('',(0.,-1.,0.));
#3665 = DIRECTION('',(0.,0.,-1.));
#3666 = ORIENTED_EDGE('',*,*,#3667,.F.);
#3667 = EDGE_CURVE('',#3616,#3659,#3668,.T.);
#3668 = LINE('',#3669,#3670);
#3669 = CARTESIAN_POINT('',(-2.782185111011,4.349999999999,
    -0.499999999999));
#3670 = VECTOR('',#3671,1.);
#3671 = DIRECTION('',(-7.294831405618E-11,-1.,-2.143933179141E-12));
#3672 = CYLINDRICAL_SURFACE('',#3673,8.218511105517E-02);
#3673 = AXIS2_PLACEMENT_3D('',#3674,#3675,#3676);
#3674 = CARTESIAN_POINT('',(-2.782185111055,4.5,-0.417814888945));
#3675 = DIRECTION('',(0.,1.,0.));
#3676 = DIRECTION('',(1.,0.,0.));
#3677 = ADVANCED_FACE('',(#3678),#3745,.F.);
#3678 = FACE_BOUND('',#3679,.F.);
#3679 = EDGE_LOOP('',(#3680,#3681,#3690,#3696,#3697,#3705,#3712,#3713,
    #3714,#3720,#3721,#3729,#3738));
#3680 = ORIENTED_EDGE('',*,*,#2611,.T.);
#3681 = ORIENTED_EDGE('',*,*,#3682,.T.);
#3682 = EDGE_CURVE('',#2597,#3683,#3685,.T.);
#3683 = VERTEX_POINT('',#3684);
#3684 = CARTESIAN_POINT('',(-2.819627595991,3.75,0.5));
#3685 = CIRCLE('',#3686,0.119627595991);
#3686 = AXIS2_PLACEMENT_3D('',#3687,#3688,#3689);
#3687 = CARTESIAN_POINT('',(-2.819627595991,3.75,0.380372404009));
#3688 = DIRECTION('',(0.,-1.,0.));
#3689 = DIRECTION('',(0.441832818962,0.,0.897097408361));
#3690 = ORIENTED_EDGE('',*,*,#3691,.T.);
#3691 = EDGE_CURVE('',#3683,#2966,#3692,.T.);
#3692 = LINE('',#3693,#3694);
#3693 = CARTESIAN_POINT('',(-2.819627595991,3.75,0.5));
#3694 = VECTOR('',#3695,1.);
#3695 = DIRECTION('',(-1.,0.,0.));
#3696 = ORIENTED_EDGE('',*,*,#2973,.T.);
#3697 = ORIENTED_EDGE('',*,*,#3698,.T.);
#3698 = EDGE_CURVE('',#2974,#3699,#3701,.T.);
#3699 = VERTEX_POINT('',#3700);
#3700 = CARTESIAN_POINT('',(-3.,3.75,1.25));
#3701 = LINE('',#3702,#3703);
#3702 = CARTESIAN_POINT('',(-3.,3.75,0.575129619093));
#3703 = VECTOR('',#3704,1.);
#3704 = DIRECTION('',(0.,0.,1.));
#3705 = ORIENTED_EDGE('',*,*,#3706,.T.);
#3706 = EDGE_CURVE('',#3699,#3100,#3707,.T.);
#3707 = CIRCLE('',#3708,3.25);
#3708 = AXIS2_PLACEMENT_3D('',#3709,#3710,#3711);
#3709 = CARTESIAN_POINT('',(0.,3.75,0.));
#3710 = DIRECTION('',(0.,1.,0.));
#3711 = DIRECTION('',(-0.923076923077,0.,0.384615384615));
#3712 = ORIENTED_EDGE('',*,*,#3099,.T.);
#3713 = ORIENTED_EDGE('',*,*,#3122,.T.);
#3714 = ORIENTED_EDGE('',*,*,#3715,.T.);
#3715 = EDGE_CURVE('',#3123,#3209,#3716,.T.);
#3716 = LINE('',#3717,#3718);
#3717 = CARTESIAN_POINT('',(3.,3.75,1.25));
#3718 = VECTOR('',#3719,1.);
#3719 = DIRECTION('',(0.,0.,-1.));
#3720 = ORIENTED_EDGE('',*,*,#3216,.T.);
#3721 = ORIENTED_EDGE('',*,*,#3722,.T.);
#3722 = EDGE_CURVE('',#3217,#3723,#3725,.T.);
#3723 = VERTEX_POINT('',#3724);
#3724 = CARTESIAN_POINT('',(2.819627595991,3.75,0.5));
#3725 = LINE('',#3726,#3727);
#3726 = CARTESIAN_POINT('',(2.924870380907,3.75,0.5));
#3727 = VECTOR('',#3728,1.);
#3728 = DIRECTION('',(-1.,0.,0.));
#3729 = ORIENTED_EDGE('',*,*,#3730,.T.);
#3730 = EDGE_CURVE('',#3723,#3731,#3733,.T.);
#3731 = VERTEX_POINT('',#3732);
#3732 = CARTESIAN_POINT('',(2.76677186863,3.75,0.487689930877));
#3733 = CIRCLE('',#3734,0.119627595991);
#3734 = AXIS2_PLACEMENT_3D('',#3735,#3736,#3737);
#3735 = CARTESIAN_POINT('',(2.819627595991,3.75,0.380372404009));
#3736 = DIRECTION('',(0.,-1.,0.));
#3737 = DIRECTION('',(0.,0.,1.));
#3738 = ORIENTED_EDGE('',*,*,#3739,.T.);
#3739 = EDGE_CURVE('',#3731,#2612,#3740,.T.);
#3740 = CIRCLE('',#3741,2.809424859597);
#3741 = AXIS2_PLACEMENT_3D('',#3742,#3743,#3744);
#3742 = CARTESIAN_POINT('',(0.,3.75,0.));
#3743 = DIRECTION('',(0.,-1.,0.));
#3744 = DIRECTION('',(0.984817892238,0.,0.173590665438));
#3745 = PLANE('',#3746);
#3746 = AXIS2_PLACEMENT_3D('',#3747,#3748,#3749);
#3747 = CARTESIAN_POINT('',(0.,3.75,0.));
#3748 = DIRECTION('',(0.,1.,0.));
#3749 = DIRECTION('',(1.,0.,0.));
#3750 = ADVANCED_FACE('',(#3751),#3818,.F.);
#3751 = FACE_BOUND('',#3752,.F.);
#3752 = EDGE_LOOP('',(#3753,#3754,#3763,#3769,#3770,#3778,#3787,#3795,
    #3804,#3810,#3811,#3817));
#3753 = ORIENTED_EDGE('',*,*,#2665,.F.);
#3754 = ORIENTED_EDGE('',*,*,#3755,.T.);
#3755 = EDGE_CURVE('',#2651,#3756,#3758,.T.);
#3756 = VERTEX_POINT('',#3757);
#3757 = CARTESIAN_POINT('',(2.782185111055,3.75,-0.5));
#3758 = CIRCLE('',#3759,8.218511105517E-02);
#3759 = AXIS2_PLACEMENT_3D('',#3760,#3761,#3762);
#3760 = CARTESIAN_POINT('',(2.782185111055,3.75,-0.417814888945));
#3761 = DIRECTION('',(0.,-1.,0.));
#3762 = DIRECTION('',(-0.210250334236,-0.,-0.977647583209));
#3763 = ORIENTED_EDGE('',*,*,#3764,.T.);
#3764 = EDGE_CURVE('',#3756,#3384,#3765,.T.);
#3765 = LINE('',#3766,#3767);
#3766 = CARTESIAN_POINT('',(2.782185111055,3.75,-0.5));
#3767 = VECTOR('',#3768,1.);
#3768 = DIRECTION('',(1.,0.,0.));
#3769 = ORIENTED_EDGE('',*,*,#3391,.T.);
#3770 = ORIENTED_EDGE('',*,*,#3771,.T.);
#3771 = EDGE_CURVE('',#3392,#3772,#3774,.T.);
#3772 = VERTEX_POINT('',#3773);
#3773 = CARTESIAN_POINT('',(3.,3.75,-1.25));
#3774 = LINE('',#3775,#3776);
#3775 = CARTESIAN_POINT('',(3.,3.75,-0.57959398344));
#3776 = VECTOR('',#3777,1.);
#3777 = DIRECTION('',(0.,0.,-1.));
#3778 = ORIENTED_EDGE('',*,*,#3779,.T.);
#3779 = EDGE_CURVE('',#3772,#3780,#3782,.T.);
#3780 = VERTEX_POINT('',#3781);
#3781 = CARTESIAN_POINT('',(1.25,3.75,-3.));
#3782 = CIRCLE('',#3783,3.25);
#3783 = AXIS2_PLACEMENT_3D('',#3784,#3785,#3786);
#3784 = CARTESIAN_POINT('',(0.,3.75,0.));
#3785 = DIRECTION('',(0.,1.,0.));
#3786 = DIRECTION('',(0.923076923077,0.,-0.384615384615));
#3787 = ORIENTED_EDGE('',*,*,#3788,.T.);
#3788 = EDGE_CURVE('',#3780,#3789,#3791,.T.);
#3789 = VERTEX_POINT('',#3790);
#3790 = CARTESIAN_POINT('',(-1.25,3.75,-3.));
#3791 = LINE('',#3792,#3793);
#3792 = CARTESIAN_POINT('',(1.25,3.75,-3.));
#3793 = VECTOR('',#3794,1.);
#3794 = DIRECTION('',(-1.,0.,0.));
#3795 = ORIENTED_EDGE('',*,*,#3796,.T.);
#3796 = EDGE_CURVE('',#3789,#3797,#3799,.T.);
#3797 = VERTEX_POINT('',#3798);
#3798 = CARTESIAN_POINT('',(-3.,3.75,-1.25));
#3799 = CIRCLE('',#3800,3.25);
#3800 = AXIS2_PLACEMENT_3D('',#3801,#3802,#3803);
#3801 = CARTESIAN_POINT('',(1.075384692297E-14,3.75,0.));
#3802 = DIRECTION('',(0.,1.,0.));
#3803 = DIRECTION('',(-0.384615384615,0.,-0.923076923077));
#3804 = ORIENTED_EDGE('',*,*,#3805,.T.);
#3805 = EDGE_CURVE('',#3797,#3572,#3806,.T.);
#3806 = LINE('',#3807,#3808);
#3807 = CARTESIAN_POINT('',(-3.,3.75,-1.25));
#3808 = VECTOR('',#3809,1.);
#3809 = DIRECTION('',(0.,0.,1.));
#3810 = ORIENTED_EDGE('',*,*,#3579,.T.);
#3811 = ORIENTED_EDGE('',*,*,#3812,.T.);
#3812 = EDGE_CURVE('',#3580,#3659,#3813,.T.);
#3813 = LINE('',#3814,#3815);
#3814 = CARTESIAN_POINT('',(-2.92040601656,3.75,-0.5));
#3815 = VECTOR('',#3816,1.);
#3816 = DIRECTION('',(1.,0.,0.));
#3817 = ORIENTED_EDGE('',*,*,#3658,.T.);
#3818 = PLANE('',#3819);
#3819 = AXIS2_PLACEMENT_3D('',#3820,#3821,#3822);
#3820 = CARTESIAN_POINT('',(0.,3.75,0.));
#3821 = DIRECTION('',(0.,1.,0.));
#3822 = DIRECTION('',(1.,0.,0.));
#3823 = ADVANCED_FACE('',(#3824),#3842,.F.);
#3824 = FACE_BOUND('',#3825,.F.);
#3825 = EDGE_LOOP('',(#3826,#3833,#3839,#3840,#3841));
#3826 = ORIENTED_EDGE('',*,*,#3827,.T.);
#3827 = EDGE_CURVE('',#2698,#2937,#3828,.T.);
#3828 = CIRCLE('',#3829,0.119627595991);
#3829 = AXIS2_PLACEMENT_3D('',#3830,#3831,#3832);
#3830 = CARTESIAN_POINT('',(-2.819627595991,4.35,0.380372404009));
#3831 = DIRECTION('',(0.,-1.,0.));
#3832 = DIRECTION('',(1.,0.,0.));
#3833 = ORIENTED_EDGE('',*,*,#3834,.T.);
#3834 = EDGE_CURVE('',#2937,#3683,#3835,.T.);
#3835 = LINE('',#3836,#3837);
#3836 = CARTESIAN_POINT('',(-2.819627596017,4.34999999999,0.49999999999)
  );
#3837 = VECTOR('',#3838,1.);
#3838 = DIRECTION('',(4.392338344966E-11,-1.,1.714461905807E-11));
#3839 = ORIENTED_EDGE('',*,*,#3682,.F.);
#3840 = ORIENTED_EDGE('',*,*,#2596,.T.);
#3841 = ORIENTED_EDGE('',*,*,#2705,.T.);
#3842 = CYLINDRICAL_SURFACE('',#3843,0.119627595991);
#3843 = AXIS2_PLACEMENT_3D('',#3844,#3845,#3846);
#3844 = CARTESIAN_POINT('',(-2.819627595991,4.5,0.380372404009));
#3845 = DIRECTION('',(0.,1.,0.));
#3846 = DIRECTION('',(1.,0.,0.));
#3847 = ADVANCED_FACE('',(#3848),#3854,.F.);
#3848 = FACE_BOUND('',#3849,.F.);
#3849 = EDGE_LOOP('',(#3850,#3851,#3852,#3853));
#3850 = ORIENTED_EDGE('',*,*,#2767,.T.);
#3851 = ORIENTED_EDGE('',*,*,#2944,.T.);
#3852 = ORIENTED_EDGE('',*,*,#3827,.F.);
#3853 = ORIENTED_EDGE('',*,*,#2736,.F.);
#3854 = CONICAL_SURFACE('',#3855,0.194627595969,0.785398163397);
#3855 = AXIS2_PLACEMENT_3D('',#3856,#3857,#3858);
#3856 = CARTESIAN_POINT('',(-2.819627595991,4.424999999978,
    0.380372404009));
#3857 = DIRECTION('',(0.,1.,0.));
#3858 = DIRECTION('',(0.,0.,-1.));
#3859 = ADVANCED_FACE('',(#3860),#3866,.T.);
#3860 = FACE_BOUND('',#3861,.F.);
#3861 = EDGE_LOOP('',(#3862,#3863,#3864,#3865));
#3862 = ORIENTED_EDGE('',*,*,#2936,.T.);
#3863 = ORIENTED_EDGE('',*,*,#2965,.T.);
#3864 = ORIENTED_EDGE('',*,*,#3691,.F.);
#3865 = ORIENTED_EDGE('',*,*,#3834,.F.);
#3866 = PLANE('',#3867);
#3867 = AXIS2_PLACEMENT_3D('',#3868,#3869,#3870);
#3868 = CARTESIAN_POINT('',(-2.819627595991,4.5,0.5));
#3869 = DIRECTION('',(0.,0.,-1.));
#3870 = DIRECTION('',(-1.,0.,0.));
#3871 = ADVANCED_FACE('',(#3872),#3883,.T.);
#3872 = FACE_BOUND('',#3873,.F.);
#3873 = EDGE_LOOP('',(#3874,#3875,#3881,#3882));
#3874 = ORIENTED_EDGE('',*,*,#3021,.T.);
#3875 = ORIENTED_EDGE('',*,*,#3876,.T.);
#3876 = EDGE_CURVE('',#3011,#3699,#3877,.T.);
#3877 = LINE('',#3878,#3879);
#3878 = CARTESIAN_POINT('',(-3.000000007507,4.350000008132,
    1.250000003128));
#3879 = VECTOR('',#3880,1.);
#3880 = DIRECTION('',(1.251124890422E-08,-1.,-5.213026606341E-09));
#3881 = ORIENTED_EDGE('',*,*,#3698,.F.);
#3882 = ORIENTED_EDGE('',*,*,#2982,.F.);
#3883 = PLANE('',#3884);
#3884 = AXIS2_PLACEMENT_3D('',#3885,#3886,#3887);
#3885 = CARTESIAN_POINT('',(-3.,4.5,0.575129619093));
#3886 = DIRECTION('',(-1.,0.,0.));
#3887 = DIRECTION('',(0.,0.,1.));
#3888 = ADVANCED_FACE('',(#3889),#3895,.T.);
#3889 = FACE_BOUND('',#3890,.T.);
#3890 = EDGE_LOOP('',(#3891,#3892,#3893,#3894));
#3891 = ORIENTED_EDGE('',*,*,#3876,.T.);
#3892 = ORIENTED_EDGE('',*,*,#3706,.T.);
#3893 = ORIENTED_EDGE('',*,*,#3107,.F.);
#3894 = ORIENTED_EDGE('',*,*,#3036,.T.);
#3895 = CYLINDRICAL_SURFACE('',#3896,3.25);
#3896 = AXIS2_PLACEMENT_3D('',#3897,#3898,#3899);
#3897 = CARTESIAN_POINT('',(0.,4.5,0.));
#3898 = DIRECTION('',(0.,1.,0.));
#3899 = DIRECTION('',(1.,0.,0.));
#3900 = ADVANCED_FACE('',(#3901),#3907,.T.);
#3901 = FACE_BOUND('',#3902,.F.);
#3902 = EDGE_LOOP('',(#3903,#3904,#3905,#3906));
#3903 = ORIENTED_EDGE('',*,*,#3186,.T.);
#3904 = ORIENTED_EDGE('',*,*,#3208,.T.);
#3905 = ORIENTED_EDGE('',*,*,#3715,.F.);
#3906 = ORIENTED_EDGE('',*,*,#3131,.F.);
#3907 = PLANE('',#3908);
#3908 = AXIS2_PLACEMENT_3D('',#3909,#3910,#3911);
#3909 = CARTESIAN_POINT('',(3.,4.5,1.25));
#3910 = DIRECTION('',(1.,0.,0.));
#3911 = DIRECTION('',(0.,0.,-1.));
#3912 = ADVANCED_FACE('',(#3913),#3924,.T.);
#3913 = FACE_BOUND('',#3914,.F.);
#3914 = EDGE_LOOP('',(#3915,#3916,#3922,#3923));
#3915 = ORIENTED_EDGE('',*,*,#3261,.T.);
#3916 = ORIENTED_EDGE('',*,*,#3917,.T.);
#3917 = EDGE_CURVE('',#3254,#3723,#3918,.T.);
#3918 = LINE('',#3919,#3920);
#3919 = CARTESIAN_POINT('',(2.819627595731,4.349999999978,0.499999999978
    ));
#3920 = VECTOR('',#3921,1.);
#3921 = DIRECTION('',(4.333888803543E-10,-1.,3.602710722473E-11));
#3922 = ORIENTED_EDGE('',*,*,#3722,.F.);
#3923 = ORIENTED_EDGE('',*,*,#3225,.F.);
#3924 = PLANE('',#3925);
#3925 = AXIS2_PLACEMENT_3D('',#3926,#3927,#3928);
#3926 = CARTESIAN_POINT('',(2.924870380907,4.5,0.5));
#3927 = DIRECTION('',(0.,0.,-1.));
#3928 = DIRECTION('',(-1.,0.,0.));
#3929 = ADVANCED_FACE('',(#3930),#3956,.F.);
#3930 = FACE_BOUND('',#3931,.F.);
#3931 = EDGE_LOOP('',(#3932,#3933,#3941,#3954,#3955));
#3932 = ORIENTED_EDGE('',*,*,#3284,.T.);
#3933 = ORIENTED_EDGE('',*,*,#3934,.F.);
#3934 = EDGE_CURVE('',#3935,#3277,#3937,.T.);
#3935 = VERTEX_POINT('',#3936);
#3936 = CARTESIAN_POINT('',(2.7,3.735903016713,0.380372404009));
#3937 = LINE('',#3938,#3939);
#3938 = CARTESIAN_POINT('',(2.7,3.735903016713,0.380372404009));
#3939 = VECTOR('',#3940,1.);
#3940 = DIRECTION('',(1.675123431167E-11,1.,-4.291400976258E-11));
#3941 = ORIENTED_EDGE('',*,*,#3942,.T.);
#3942 = EDGE_CURVE('',#3935,#3731,#3943,.T.);
#3943 = B_SPLINE_CURVE_WITH_KNOTS('',3,(#3944,#3945,#3946,#3947,#3948,
    #3949,#3950,#3951,#3952,#3953),.UNSPECIFIED.,.F.,.F.,(4,1,1,1,1,1,1,
    4),(0.,0.142857142857,0.285714285714,0.428571428571,0.571428571429,
    0.714285714286,0.857142857143,1.),.UNSPECIFIED.);
#3944 = CARTESIAN_POINT('',(2.7,3.735903016713,0.380372404009));
#3945 = CARTESIAN_POINT('',(2.7,3.736206285024,0.386568881398));
#3946 = CARTESIAN_POINT('',(2.700967859131,3.73715674354,0.398971320176)
  );
#3947 = CARTESIAN_POINT('',(2.70526104358,3.73939298798,0.417069132721)
  );
#3948 = CARTESIAN_POINT('',(2.712388065086,3.742163027752,0.434529384987
    ));
#3949 = CARTESIAN_POINT('',(2.722497814146,3.745119727344,0.451093287385
    ));
#3950 = CARTESIAN_POINT('',(2.735105748295,3.747722385925,0.465779467808
    ));
#3951 = CARTESIAN_POINT('',(2.750217868218,3.749566214477,0.47845358723)
  );
#3952 = CARTESIAN_POINT('',(2.76114558628,3.75,0.484913675855));
#3953 = CARTESIAN_POINT('',(2.766772828853,3.75,0.487685190849));
#3954 = ORIENTED_EDGE('',*,*,#3730,.F.);
#3955 = ORIENTED_EDGE('',*,*,#3917,.F.);
#3956 = CYLINDRICAL_SURFACE('',#3957,0.119627595991);
#3957 = AXIS2_PLACEMENT_3D('',#3958,#3959,#3960);
#3958 = CARTESIAN_POINT('',(2.819627595991,4.5,0.380372404009));
#3959 = DIRECTION('',(0.,1.,0.));
#3960 = DIRECTION('',(1.,0.,0.));
#3961 = ADVANCED_FACE('',(#3962),#3983,.T.);
#3962 = FACE_BOUND('',#3963,.F.);
#3963 = EDGE_LOOP('',(#3964,#3965,#3971,#3972,#3982));
#3964 = ORIENTED_EDGE('',*,*,#3309,.T.);
#3965 = ORIENTED_EDGE('',*,*,#3966,.F.);
#3966 = EDGE_CURVE('',#2639,#3302,#3967,.T.);
#3967 = LINE('',#3968,#3969);
#3968 = CARTESIAN_POINT('',(2.7,3.737753008931,-0.417814888945));
#3969 = VECTOR('',#3970,1.);
#3970 = DIRECTION('',(1.050296996545E-12,1.,-3.574582103657E-11));
#3971 = ORIENTED_EDGE('',*,*,#2638,.T.);
#3972 = ORIENTED_EDGE('',*,*,#3973,.T.);
#3973 = EDGE_CURVE('',#2630,#3935,#3974,.T.);
#3974 = B_SPLINE_CURVE_WITH_KNOTS('',3,(#3975,#3976,#3977,#3978,#3979,
    #3980,#3981),.UNSPECIFIED.,.F.,.F.,(4,1,1,1,4),(0.,0.25,0.5,0.75,1.)
  ,.QUASI_UNIFORM_KNOTS.);
#3975 = CARTESIAN_POINT('',(2.7,3.724782692342,-5.111049608574E-03));
#3976 = CARTESIAN_POINT('',(2.7,3.724747728024,3.283316593695E-02));
#3977 = CARTESIAN_POINT('',(2.7,3.725473694977,0.105308218335));
#3978 = CARTESIAN_POINT('',(2.7,3.728108476207,0.201992018046));
#3979 = CARTESIAN_POINT('',(2.7,3.731666321015,0.292013694341));
#3980 = CARTESIAN_POINT('',(2.7,3.734477672282,0.35124930015));
#3981 = CARTESIAN_POINT('',(2.7,3.735903016713,0.380372404009));
#3982 = ORIENTED_EDGE('',*,*,#3934,.T.);
#3983 = PLANE('',#3984);
#3984 = AXIS2_PLACEMENT_3D('',#3985,#3986,#3987);
#3985 = CARTESIAN_POINT('',(2.7,4.5,0.380372404009));
#3986 = DIRECTION('',(1.,0.,0.));
#3987 = DIRECTION('',(0.,0.,-1.));
#3988 = ADVANCED_FACE('',(#3989),#4001,.F.);
#3989 = FACE_BOUND('',#3990,.F.);
#3990 = EDGE_LOOP('',(#3991,#3992,#3998,#3999,#4000));
#3991 = ORIENTED_EDGE('',*,*,#3333,.T.);
#3992 = ORIENTED_EDGE('',*,*,#3993,.T.);
#3993 = EDGE_CURVE('',#3326,#3756,#3994,.T.);
#3994 = LINE('',#3995,#3996);
#3995 = CARTESIAN_POINT('',(2.78218511094,4.349999999992,-0.499999999992
    ));
#3996 = VECTOR('',#3997,1.);
#3997 = DIRECTION('',(1.913358360663E-10,-1.,-1.26254562362E-11));
#3998 = ORIENTED_EDGE('',*,*,#3755,.F.);
#3999 = ORIENTED_EDGE('',*,*,#2650,.T.);
#4000 = ORIENTED_EDGE('',*,*,#3966,.T.);
#4001 = CYLINDRICAL_SURFACE('',#4002,8.218511105517E-02);
#4002 = AXIS2_PLACEMENT_3D('',#4003,#4004,#4005);
#4003 = CARTESIAN_POINT('',(2.782185111055,4.5,-0.417814888945));
#4004 = DIRECTION('',(0.,1.,0.));
#4005 = DIRECTION('',(1.,0.,0.));
#4006 = ADVANCED_FACE('',(#4007),#4013,.T.);
#4007 = FACE_BOUND('',#4008,.F.);
#4008 = EDGE_LOOP('',(#4009,#4010,#4011,#4012));
#4009 = ORIENTED_EDGE('',*,*,#3361,.T.);
#4010 = ORIENTED_EDGE('',*,*,#3383,.T.);
#4011 = ORIENTED_EDGE('',*,*,#3764,.F.);
#4012 = ORIENTED_EDGE('',*,*,#3993,.F.);
#4013 = PLANE('',#4014);
#4014 = AXIS2_PLACEMENT_3D('',#4015,#4016,#4017);
#4015 = CARTESIAN_POINT('',(2.782185111055,4.5,-0.5));
#4016 = DIRECTION('',(0.,0.,1.));
#4017 = DIRECTION('',(1.,0.,-0.));
#4018 = ADVANCED_FACE('',(#4019),#4027,.F.);
#4019 = FACE_BOUND('',#4020,.F.);
#4020 = EDGE_LOOP('',(#4021,#4022,#4023,#4024,#4025,#4026));
#4021 = ORIENTED_EDGE('',*,*,#2539,.T.);
#4022 = ORIENTED_EDGE('',*,*,#2620,.F.);
#4023 = ORIENTED_EDGE('',*,*,#3739,.F.);
#4024 = ORIENTED_EDGE('',*,*,#3942,.F.);
#4025 = ORIENTED_EDGE('',*,*,#3973,.F.);
#4026 = ORIENTED_EDGE('',*,*,#2629,.T.);
#4027 = TOROIDAL_SURFACE('',#4028,2.809424859597,0.25);
#4028 = AXIS2_PLACEMENT_3D('',#4029,#4030,#4031);
#4029 = CARTESIAN_POINT('',(0.,3.5,0.));
#4030 = DIRECTION('',(0.,1.,0.));
#4031 = DIRECTION('',(-0.999999564444,0.,-9.333331978274E-04));
#4032 = ADVANCED_FACE('',(#4033),#4044,.T.);
#4033 = FACE_BOUND('',#4034,.F.);
#4034 = EDGE_LOOP('',(#4035,#4036,#4042,#4043));
#4035 = ORIENTED_EDGE('',*,*,#3439,.T.);
#4036 = ORIENTED_EDGE('',*,*,#4037,.T.);
#4037 = EDGE_CURVE('',#3429,#3772,#4038,.T.);
#4038 = LINE('',#4039,#4040);
#4039 = CARTESIAN_POINT('',(3.000000007507,4.350000008132,
    -1.250000003128));
#4040 = VECTOR('',#4041,1.);
#4041 = DIRECTION('',(-1.251124964436E-08,-1.,5.213025126044E-09));
#4042 = ORIENTED_EDGE('',*,*,#3771,.F.);
#4043 = ORIENTED_EDGE('',*,*,#3400,.F.);
#4044 = PLANE('',#4045);
#4045 = AXIS2_PLACEMENT_3D('',#4046,#4047,#4048);
#4046 = CARTESIAN_POINT('',(3.,4.5,-0.57959398344));
#4047 = DIRECTION('',(1.,0.,0.));
#4048 = DIRECTION('',(0.,0.,-1.));
#4049 = ADVANCED_FACE('',(#4050),#4061,.T.);
#4050 = FACE_BOUND('',#4051,.T.);
#4051 = EDGE_LOOP('',(#4052,#4053,#4054,#4060));
#4052 = ORIENTED_EDGE('',*,*,#4037,.T.);
#4053 = ORIENTED_EDGE('',*,*,#3779,.T.);
#4054 = ORIENTED_EDGE('',*,*,#4055,.F.);
#4055 = EDGE_CURVE('',#3455,#3780,#4056,.T.);
#4056 = LINE('',#4057,#4058);
#4057 = CARTESIAN_POINT('',(1.250000124855,4.349999997759,
    -2.999999899366));
#4058 = VECTOR('',#4059,1.);
#4059 = DIRECTION('',(-2.080912035649E-07,-1.,-1.677233254848E-07));
#4060 = ORIENTED_EDGE('',*,*,#3454,.T.);
#4061 = CYLINDRICAL_SURFACE('',#4062,3.25);
#4062 = AXIS2_PLACEMENT_3D('',#4063,#4064,#4065);
#4063 = CARTESIAN_POINT('',(0.,4.5,0.));
#4064 = DIRECTION('',(0.,1.,0.));
#4065 = DIRECTION('',(1.,0.,0.));
#4066 = ADVANCED_FACE('',(#4067),#4078,.T.);
#4067 = FACE_BOUND('',#4068,.F.);
#4068 = EDGE_LOOP('',(#4069,#4070,#4076,#4077));
#4069 = ORIENTED_EDGE('',*,*,#3493,.T.);
#4070 = ORIENTED_EDGE('',*,*,#4071,.T.);
#4071 = EDGE_CURVE('',#3483,#3789,#4072,.T.);
#4072 = LINE('',#4073,#4074);
#4073 = CARTESIAN_POINT('',(-1.250000003128,4.350000008132,
    -3.000000007507));
#4074 = VECTOR('',#4075,1.);
#4075 = DIRECTION('',(5.213024385895E-09,-1.,1.251124964436E-08));
#4076 = ORIENTED_EDGE('',*,*,#3788,.F.);
#4077 = ORIENTED_EDGE('',*,*,#4055,.F.);
#4078 = PLANE('',#4079);
#4079 = AXIS2_PLACEMENT_3D('',#4080,#4081,#4082);
#4080 = CARTESIAN_POINT('',(1.25,4.5,-3.));
#4081 = DIRECTION('',(0.,0.,-1.));
#4082 = DIRECTION('',(-1.,0.,0.));
#4083 = ADVANCED_FACE('',(#4084),#4095,.T.);
#4084 = FACE_BOUND('',#4085,.T.);
#4085 = EDGE_LOOP('',(#4086,#4087,#4088,#4094));
#4086 = ORIENTED_EDGE('',*,*,#4071,.T.);
#4087 = ORIENTED_EDGE('',*,*,#3796,.T.);
#4088 = ORIENTED_EDGE('',*,*,#4089,.F.);
#4089 = EDGE_CURVE('',#3510,#3797,#4090,.T.);
#4090 = LINE('',#4091,#4092);
#4091 = CARTESIAN_POINT('',(-2.999999899366,4.349999997759,
    -1.250000124855));
#4092 = VECTOR('',#4093,1.);
#4093 = DIRECTION('',(-1.677233920982E-07,-1.,2.080911365814E-07));
#4094 = ORIENTED_EDGE('',*,*,#3509,.T.);
#4095 = CYLINDRICAL_SURFACE('',#4096,3.25);
#4096 = AXIS2_PLACEMENT_3D('',#4097,#4098,#4099);
#4097 = CARTESIAN_POINT('',(1.075384692297E-14,4.5,0.));
#4098 = DIRECTION('',(0.,1.,0.));
#4099 = DIRECTION('',(1.,0.,0.));
#4100 = ADVANCED_FACE('',(#4101),#4107,.T.);
#4101 = FACE_BOUND('',#4102,.F.);
#4102 = EDGE_LOOP('',(#4103,#4104,#4105,#4106));
#4103 = ORIENTED_EDGE('',*,*,#3548,.T.);
#4104 = ORIENTED_EDGE('',*,*,#3571,.T.);
#4105 = ORIENTED_EDGE('',*,*,#3805,.F.);
#4106 = ORIENTED_EDGE('',*,*,#4089,.F.);
#4107 = PLANE('',#4108);
#4108 = AXIS2_PLACEMENT_3D('',#4109,#4110,#4111);
#4109 = CARTESIAN_POINT('',(-3.,4.5,-1.25));
#4110 = DIRECTION('',(-1.,0.,0.));
#4111 = DIRECTION('',(0.,0.,1.));
#4112 = ADVANCED_FACE('',(#4113),#4119,.T.);
#4113 = FACE_BOUND('',#4114,.F.);
#4114 = EDGE_LOOP('',(#4115,#4116,#4117,#4118));
#4115 = ORIENTED_EDGE('',*,*,#3623,.T.);
#4116 = ORIENTED_EDGE('',*,*,#3667,.T.);
#4117 = ORIENTED_EDGE('',*,*,#3812,.F.);
#4118 = ORIENTED_EDGE('',*,*,#3588,.F.);
#4119 = PLANE('',#4120);
#4120 = AXIS2_PLACEMENT_3D('',#4121,#4122,#4123);
#4121 = CARTESIAN_POINT('',(-2.92040601656,4.5,-0.5));
#4122 = DIRECTION('',(0.,0.,1.));
#4123 = DIRECTION('',(1.,0.,-0.));
#4124 = ADVANCED_FACE('',(#4125),#4142,.F.);
#4125 = FACE_BOUND('',#4126,.F.);
#4126 = EDGE_LOOP('',(#4127,#4133,#4134,#4135,#4141));
#4127 = ORIENTED_EDGE('',*,*,#4128,.T.);
#4128 = EDGE_CURVE('',#1862,#2489,#4129,.T.);
#4129 = LINE('',#4130,#4131);
#4130 = CARTESIAN_POINT('',(2.7,0.332874044422,-0.417814888945));
#4131 = VECTOR('',#4132,1.);
#4132 = DIRECTION('',(0.,1.,0.));
#4133 = ORIENTED_EDGE('',*,*,#2488,.T.);
#4134 = ORIENTED_EDGE('',*,*,#2258,.T.);
#4135 = ORIENTED_EDGE('',*,*,#4136,.F.);
#4136 = EDGE_CURVE('',#1870,#2251,#4137,.T.);
#4137 = LINE('',#4138,#4139);
#4138 = CARTESIAN_POINT('',(2.782185111055,0.3,-0.5));
#4139 = VECTOR('',#4140,1.);
#4140 = DIRECTION('',(0.,1.,0.));
#4141 = ORIENTED_EDGE('',*,*,#1869,.T.);
#4142 = CYLINDRICAL_SURFACE('',#4143,8.218511105517E-02);
#4143 = AXIS2_PLACEMENT_3D('',#4144,#4145,#4146);
#4144 = CARTESIAN_POINT('',(2.782185111055,0.,-0.417814888945));
#4145 = DIRECTION('',(0.,1.,0.));
#4146 = DIRECTION('',(1.,0.,0.));
#4147 = ADVANCED_FACE('',(#4148),#4162,.T.);
#4148 = FACE_BOUND('',#4149,.F.);
#4149 = EDGE_LOOP('',(#4150,#4151,#4152,#4153,#4159,#4160,#4161));
#4150 = ORIENTED_EDGE('',*,*,#1861,.T.);
#4151 = ORIENTED_EDGE('',*,*,#1972,.F.);
#4152 = ORIENTED_EDGE('',*,*,#2081,.F.);
#4153 = ORIENTED_EDGE('',*,*,#4154,.T.);
#4154 = EDGE_CURVE('',#2070,#2433,#4155,.T.);
#4155 = LINE('',#4156,#4157);
#4156 = CARTESIAN_POINT('',(2.7,0.347851038396,0.380372404009));
#4157 = VECTOR('',#4158,1.);
#4158 = DIRECTION('',(0.,1.,0.));
#4159 = ORIENTED_EDGE('',*,*,#2432,.T.);
#4160 = ORIENTED_EDGE('',*,*,#2503,.T.);
#4161 = ORIENTED_EDGE('',*,*,#4128,.F.);
#4162 = PLANE('',#4163);
#4163 = AXIS2_PLACEMENT_3D('',#4164,#4165,#4166);
#4164 = CARTESIAN_POINT('',(2.7,0.,0.380372404009));
#4165 = DIRECTION('',(1.,0.,0.));
#4166 = DIRECTION('',(0.,0.,-1.));
#4167 = ADVANCED_FACE('',(#4168),#4180,.F.);
#4168 = FACE_BOUND('',#4169,.F.);
#4169 = EDGE_LOOP('',(#4170,#4171,#4172,#4173,#4174));
#4170 = ORIENTED_EDGE('',*,*,#2293,.T.);
#4171 = ORIENTED_EDGE('',*,*,#2444,.T.);
#4172 = ORIENTED_EDGE('',*,*,#4154,.F.);
#4173 = ORIENTED_EDGE('',*,*,#2069,.T.);
#4174 = ORIENTED_EDGE('',*,*,#4175,.T.);
#4175 = EDGE_CURVE('',#2062,#2294,#4176,.T.);
#4176 = LINE('',#4177,#4178);
#4177 = CARTESIAN_POINT('',(2.819627595991,0.3,0.5));
#4178 = VECTOR('',#4179,1.);
#4179 = DIRECTION('',(0.,1.,0.));
#4180 = CYLINDRICAL_SURFACE('',#4181,0.119627595991);
#4181 = AXIS2_PLACEMENT_3D('',#4182,#4183,#4184);
#4182 = CARTESIAN_POINT('',(2.819627595991,0.,0.380372404009));
#4183 = DIRECTION('',(0.,1.,0.));
#4184 = DIRECTION('',(1.,0.,0.));
#4185 = ADVANCED_FACE('',(#4186),#4197,.T.);
#4186 = FACE_BOUND('',#4187,.F.);
#4187 = EDGE_LOOP('',(#4188,#4189,#4195,#4196));
#4188 = ORIENTED_EDGE('',*,*,#2061,.F.);
#4189 = ORIENTED_EDGE('',*,*,#4190,.T.);
#4190 = EDGE_CURVE('',#2050,#2303,#4191,.T.);
#4191 = LINE('',#4192,#4193);
#4192 = CARTESIAN_POINT('',(2.924870380907,0.3,0.5));
#4193 = VECTOR('',#4194,1.);
#4194 = DIRECTION('',(0.,1.,0.));
#4195 = ORIENTED_EDGE('',*,*,#2302,.T.);
#4196 = ORIENTED_EDGE('',*,*,#4175,.F.);
#4197 = PLANE('',#4198);
#4198 = AXIS2_PLACEMENT_3D('',#4199,#4200,#4201);
#4199 = CARTESIAN_POINT('',(2.924870380907,0.,0.5));
#4200 = DIRECTION('',(0.,0.,-1.));
#4201 = DIRECTION('',(-1.,0.,0.));
#4202 = ADVANCED_FACE('',(#4203),#4214,.T.);
#4203 = FACE_BOUND('',#4204,.T.);
#4204 = EDGE_LOOP('',(#4205,#4206,#4207,#4213));
#4205 = ORIENTED_EDGE('',*,*,#4190,.T.);
#4206 = ORIENTED_EDGE('',*,*,#2310,.F.);
#4207 = ORIENTED_EDGE('',*,*,#4208,.F.);
#4208 = EDGE_CURVE('',#2042,#2311,#4209,.T.);
#4209 = LINE('',#4210,#4211);
#4210 = CARTESIAN_POINT('',(3.,0.269948152363,0.575129619093));
#4211 = VECTOR('',#4212,1.);
#4212 = DIRECTION('',(0.,1.,0.));
#4213 = ORIENTED_EDGE('',*,*,#2049,.T.);
#4214 = CYLINDRICAL_SURFACE('',#4215,7.51296190933E-02);
#4215 = AXIS2_PLACEMENT_3D('',#4216,#4217,#4218);
#4216 = CARTESIAN_POINT('',(2.924870380907,0.,0.575129619093));
#4217 = DIRECTION('',(0.,1.,0.));
#4218 = DIRECTION('',(1.,0.,0.));
#4219 = ADVANCED_FACE('',(#4220),#4231,.T.);
#4220 = FACE_BOUND('',#4221,.F.);
#4221 = EDGE_LOOP('',(#4222,#4223,#4229,#4230));
#4222 = ORIENTED_EDGE('',*,*,#2041,.T.);
#4223 = ORIENTED_EDGE('',*,*,#4224,.T.);
#4224 = EDGE_CURVE('',#1812,#2320,#4225,.T.);
#4225 = LINE('',#4226,#4227);
#4226 = CARTESIAN_POINT('',(3.,0.,1.25));
#4227 = VECTOR('',#4228,1.);
#4228 = DIRECTION('',(0.,1.,0.));
#4229 = ORIENTED_EDGE('',*,*,#2319,.T.);
#4230 = ORIENTED_EDGE('',*,*,#4208,.F.);
#4231 = PLANE('',#4232);
#4232 = AXIS2_PLACEMENT_3D('',#4233,#4234,#4235);
#4233 = CARTESIAN_POINT('',(3.,0.,1.25));
#4234 = DIRECTION('',(1.,0.,0.));
#4235 = DIRECTION('',(0.,0.,-1.));
#4236 = ADVANCED_FACE('',(#4237),#4248,.T.);
#4237 = FACE_BOUND('',#4238,.T.);
#4238 = EDGE_LOOP('',(#4239,#4240,#4241,#4247));
#4239 = ORIENTED_EDGE('',*,*,#4224,.T.);
#4240 = ORIENTED_EDGE('',*,*,#2327,.F.);
#4241 = ORIENTED_EDGE('',*,*,#4242,.F.);
#4242 = EDGE_CURVE('',#1829,#2328,#4243,.T.);
#4243 = LINE('',#4244,#4245);
#4244 = CARTESIAN_POINT('',(1.25,0.,3.));
#4245 = VECTOR('',#4246,1.);
#4246 = DIRECTION('',(0.,1.,0.));
#4247 = ORIENTED_EDGE('',*,*,#1836,.T.);
#4248 = CYLINDRICAL_SURFACE('',#4249,3.25);
#4249 = AXIS2_PLACEMENT_3D('',#4250,#4251,#4252);
#4250 = CARTESIAN_POINT('',(0.,0.,0.));
#4251 = DIRECTION('',(0.,1.,0.));
#4252 = DIRECTION('',(1.,0.,0.));
#4253 = ADVANCED_FACE('',(#4254),#4265,.T.);
#4254 = FACE_BOUND('',#4255,.F.);
#4255 = EDGE_LOOP('',(#4256,#4257,#4263,#4264));
#4256 = ORIENTED_EDGE('',*,*,#1828,.F.);
#4257 = ORIENTED_EDGE('',*,*,#4258,.T.);
#4258 = EDGE_CURVE('',#1820,#2337,#4259,.T.);
#4259 = LINE('',#4260,#4261);
#4260 = CARTESIAN_POINT('',(-1.25,0.,3.));
#4261 = VECTOR('',#4262,1.);
#4262 = DIRECTION('',(0.,1.,0.));
#4263 = ORIENTED_EDGE('',*,*,#2336,.T.);
#4264 = ORIENTED_EDGE('',*,*,#4242,.F.);
#4265 = PLANE('',#4266);
#4266 = AXIS2_PLACEMENT_3D('',#4267,#4268,#4269);
#4267 = CARTESIAN_POINT('',(-1.25,0.,3.));
#4268 = DIRECTION('',(0.,0.,1.));
#4269 = DIRECTION('',(1.,0.,-0.));
#4270 = ADVANCED_FACE('',(#4271),#4282,.T.);
#4271 = FACE_BOUND('',#4272,.T.);
#4272 = EDGE_LOOP('',(#4273,#4274,#4275,#4281));
#4273 = ORIENTED_EDGE('',*,*,#4258,.T.);
#4274 = ORIENTED_EDGE('',*,*,#2344,.F.);
#4275 = ORIENTED_EDGE('',*,*,#4276,.F.);
#4276 = EDGE_CURVE('',#1810,#2345,#4277,.T.);
#4277 = LINE('',#4278,#4279);
#4278 = CARTESIAN_POINT('',(-3.,0.,1.25));
#4279 = VECTOR('',#4280,1.);
#4280 = DIRECTION('',(0.,1.,0.));
#4281 = ORIENTED_EDGE('',*,*,#1819,.T.);
#4282 = CYLINDRICAL_SURFACE('',#4283,3.25);
#4283 = AXIS2_PLACEMENT_3D('',#4284,#4285,#4286);
#4284 = CARTESIAN_POINT('',(0.,0.,0.));
#4285 = DIRECTION('',(0.,1.,0.));
#4286 = DIRECTION('',(1.,0.,0.));
#4287 = ADVANCED_FACE('',(#4288),#4299,.T.);
#4288 = FACE_BOUND('',#4289,.F.);
#4289 = EDGE_LOOP('',(#4290,#4291,#4297,#4298));
#4290 = ORIENTED_EDGE('',*,*,#2034,.F.);
#4291 = ORIENTED_EDGE('',*,*,#4292,.T.);
#4292 = EDGE_CURVE('',#2023,#2354,#4293,.T.);
#4293 = LINE('',#4294,#4295);
#4294 = CARTESIAN_POINT('',(-3.,0.269948152363,0.575129619093));
#4295 = VECTOR('',#4296,1.);
#4296 = DIRECTION('',(0.,1.,0.));
#4297 = ORIENTED_EDGE('',*,*,#2353,.T.);
#4298 = ORIENTED_EDGE('',*,*,#4276,.F.);
#4299 = PLANE('',#4300);
#4300 = AXIS2_PLACEMENT_3D('',#4301,#4302,#4303);
#4301 = CARTESIAN_POINT('',(-3.,0.,0.575129619093));
#4302 = DIRECTION('',(-1.,0.,0.));
#4303 = DIRECTION('',(0.,0.,1.));
#4304 = ADVANCED_FACE('',(#4305),#4316,.T.);
#4305 = FACE_BOUND('',#4306,.T.);
#4306 = EDGE_LOOP('',(#4307,#4308,#4309,#4315));
#4307 = ORIENTED_EDGE('',*,*,#4292,.T.);
#4308 = ORIENTED_EDGE('',*,*,#2361,.F.);
#4309 = ORIENTED_EDGE('',*,*,#4310,.F.);
#4310 = EDGE_CURVE('',#2015,#2362,#4311,.T.);
#4311 = LINE('',#4312,#4313);
#4312 = CARTESIAN_POINT('',(-2.924870380907,0.3,0.5));
#4313 = VECTOR('',#4314,1.);
#4314 = DIRECTION('',(0.,1.,0.));
#4315 = ORIENTED_EDGE('',*,*,#2022,.T.);
#4316 = CYLINDRICAL_SURFACE('',#4317,7.51296190933E-02);
#4317 = AXIS2_PLACEMENT_3D('',#4318,#4319,#4320);
#4318 = CARTESIAN_POINT('',(-2.924870380907,0.,0.575129619093));
#4319 = DIRECTION('',(0.,1.,0.));
#4320 = DIRECTION('',(1.,0.,0.));
#4321 = ADVANCED_FACE('',(#4322),#4333,.T.);
#4322 = FACE_BOUND('',#4323,.F.);
#4323 = EDGE_LOOP('',(#4324,#4325,#4331,#4332));
#4324 = ORIENTED_EDGE('',*,*,#2014,.F.);
#4325 = ORIENTED_EDGE('',*,*,#4326,.T.);
#4326 = EDGE_CURVE('',#2003,#2371,#4327,.T.);
#4327 = LINE('',#4328,#4329);
#4328 = CARTESIAN_POINT('',(-2.819627595991,0.3,0.5));
#4329 = VECTOR('',#4330,1.);
#4330 = DIRECTION('',(0.,1.,0.));
#4331 = ORIENTED_EDGE('',*,*,#2370,.T.);
#4332 = ORIENTED_EDGE('',*,*,#4310,.F.);
#4333 = PLANE('',#4334);
#4334 = AXIS2_PLACEMENT_3D('',#4335,#4336,#4337);
#4335 = CARTESIAN_POINT('',(-2.819627595991,0.,0.5));
#4336 = DIRECTION('',(0.,0.,-1.));
#4337 = DIRECTION('',(-1.,0.,0.));
#4338 = ADVANCED_FACE('',(#4339),#4346,.F.);
#4339 = FACE_BOUND('',#4340,.F.);
#4340 = EDGE_LOOP('',(#4341,#4342,#4343,#4344,#4345));
#4341 = ORIENTED_EDGE('',*,*,#2118,.T.);
#4342 = ORIENTED_EDGE('',*,*,#2458,.T.);
#4343 = ORIENTED_EDGE('',*,*,#2378,.T.);
#4344 = ORIENTED_EDGE('',*,*,#4326,.F.);
#4345 = ORIENTED_EDGE('',*,*,#2002,.T.);
#4346 = CYLINDRICAL_SURFACE('',#4347,0.119627595991);
#4347 = AXIS2_PLACEMENT_3D('',#4348,#4349,#4350);
#4348 = CARTESIAN_POINT('',(-2.819627595991,0.,0.380372404009));
#4349 = DIRECTION('',(0.,1.,0.));
#4350 = DIRECTION('',(1.,0.,0.));
#4351 = ADVANCED_FACE('',(#4352),#4363,.T.);
#4352 = FACE_BOUND('',#4353,.F.);
#4353 = EDGE_LOOP('',(#4354,#4355,#4356,#4357));
#4354 = ORIENTED_EDGE('',*,*,#1881,.F.);
#4355 = ORIENTED_EDGE('',*,*,#4136,.T.);
#4356 = ORIENTED_EDGE('',*,*,#2250,.T.);
#4357 = ORIENTED_EDGE('',*,*,#4358,.F.);
#4358 = EDGE_CURVE('',#1882,#2242,#4359,.T.);
#4359 = LINE('',#4360,#4361);
#4360 = CARTESIAN_POINT('',(2.92040601656,0.3,-0.5));
#4361 = VECTOR('',#4362,1.);
#4362 = DIRECTION('',(0.,1.,0.));
#4363 = PLANE('',#4364);
#4364 = AXIS2_PLACEMENT_3D('',#4365,#4366,#4367);
#4365 = CARTESIAN_POINT('',(2.782185111055,0.,-0.5));
#4366 = DIRECTION('',(0.,0.,1.));
#4367 = DIRECTION('',(1.,0.,-0.));
#4368 = ADVANCED_FACE('',(#4369),#4380,.T.);
#4369 = FACE_BOUND('',#4370,.T.);
#4370 = EDGE_LOOP('',(#4371,#4377,#4378,#4379));
#4371 = ORIENTED_EDGE('',*,*,#4372,.T.);
#4372 = EDGE_CURVE('',#1890,#2234,#4373,.T.);
#4373 = LINE('',#4374,#4375);
#4374 = CARTESIAN_POINT('',(3.,0.268162406624,-0.57959398344));
#4375 = VECTOR('',#4376,1.);
#4376 = DIRECTION('',(0.,1.,0.));
#4377 = ORIENTED_EDGE('',*,*,#2241,.F.);
#4378 = ORIENTED_EDGE('',*,*,#4358,.F.);
#4379 = ORIENTED_EDGE('',*,*,#1889,.T.);
#4380 = CYLINDRICAL_SURFACE('',#4381,7.959398343967E-02);
#4381 = AXIS2_PLACEMENT_3D('',#4382,#4383,#4384);
#4382 = CARTESIAN_POINT('',(2.92040601656,0.,-0.57959398344));
#4383 = DIRECTION('',(0.,1.,0.));
#4384 = DIRECTION('',(1.,0.,0.));
#4385 = ADVANCED_FACE('',(#4386),#4397,.T.);
#4386 = FACE_BOUND('',#4387,.F.);
#4387 = EDGE_LOOP('',(#4388,#4389,#4390,#4391));
#4388 = ORIENTED_EDGE('',*,*,#1901,.F.);
#4389 = ORIENTED_EDGE('',*,*,#4372,.T.);
#4390 = ORIENTED_EDGE('',*,*,#2233,.T.);
#4391 = ORIENTED_EDGE('',*,*,#4392,.F.);
#4392 = EDGE_CURVE('',#1770,#2225,#4393,.T.);
#4393 = LINE('',#4394,#4395);
#4394 = CARTESIAN_POINT('',(3.,0.,-1.25));
#4395 = VECTOR('',#4396,1.);
#4396 = DIRECTION('',(0.,1.,0.));
#4397 = PLANE('',#4398);
#4398 = AXIS2_PLACEMENT_3D('',#4399,#4400,#4401);
#4399 = CARTESIAN_POINT('',(3.,0.,-0.57959398344));
#4400 = DIRECTION('',(1.,0.,0.));
#4401 = DIRECTION('',(0.,0.,-1.));
#4402 = ADVANCED_FACE('',(#4403),#4414,.T.);
#4403 = FACE_BOUND('',#4404,.T.);
#4404 = EDGE_LOOP('',(#4405,#4411,#4412,#4413));
#4405 = ORIENTED_EDGE('',*,*,#4406,.T.);
#4406 = EDGE_CURVE('',#1778,#2217,#4407,.T.);
#4407 = LINE('',#4408,#4409);
#4408 = CARTESIAN_POINT('',(1.25,0.,-3.));
#4409 = VECTOR('',#4410,1.);
#4410 = DIRECTION('',(0.,1.,0.));
#4411 = ORIENTED_EDGE('',*,*,#2224,.F.);
#4412 = ORIENTED_EDGE('',*,*,#4392,.F.);
#4413 = ORIENTED_EDGE('',*,*,#1777,.T.);
#4414 = CYLINDRICAL_SURFACE('',#4415,3.25);
#4415 = AXIS2_PLACEMENT_3D('',#4416,#4417,#4418);
#4416 = CARTESIAN_POINT('',(0.,0.,0.));
#4417 = DIRECTION('',(0.,1.,0.));
#4418 = DIRECTION('',(1.,0.,0.));
#4419 = ADVANCED_FACE('',(#4420),#4431,.T.);
#4420 = FACE_BOUND('',#4421,.F.);
#4421 = EDGE_LOOP('',(#4422,#4423,#4424,#4425));
#4422 = ORIENTED_EDGE('',*,*,#1786,.F.);
#4423 = ORIENTED_EDGE('',*,*,#4406,.T.);
#4424 = ORIENTED_EDGE('',*,*,#2216,.T.);
#4425 = ORIENTED_EDGE('',*,*,#4426,.F.);
#4426 = EDGE_CURVE('',#1787,#2208,#4427,.T.);
#4427 = LINE('',#4428,#4429);
#4428 = CARTESIAN_POINT('',(-1.25,0.,-3.));
#4429 = VECTOR('',#4430,1.);
#4430 = DIRECTION('',(0.,1.,0.));
#4431 = PLANE('',#4432);
#4432 = AXIS2_PLACEMENT_3D('',#4433,#4434,#4435);
#4433 = CARTESIAN_POINT('',(1.25,0.,-3.));
#4434 = DIRECTION('',(0.,0.,-1.));
#4435 = DIRECTION('',(-1.,0.,0.));
#4436 = ADVANCED_FACE('',(#4437),#4448,.T.);
#4437 = FACE_BOUND('',#4438,.T.);
#4438 = EDGE_LOOP('',(#4439,#4445,#4446,#4447));
#4439 = ORIENTED_EDGE('',*,*,#4440,.T.);
#4440 = EDGE_CURVE('',#1768,#2200,#4441,.T.);
#4441 = LINE('',#4442,#4443);
#4442 = CARTESIAN_POINT('',(-3.,0.,-1.25));
#4443 = VECTOR('',#4444,1.);
#4444 = DIRECTION('',(0.,1.,0.));
#4445 = ORIENTED_EDGE('',*,*,#2207,.F.);
#4446 = ORIENTED_EDGE('',*,*,#4426,.F.);
#4447 = ORIENTED_EDGE('',*,*,#1794,.T.);
#4448 = CYLINDRICAL_SURFACE('',#4449,3.25);
#4449 = AXIS2_PLACEMENT_3D('',#4450,#4451,#4452);
#4450 = CARTESIAN_POINT('',(0.,0.,0.));
#4451 = DIRECTION('',(0.,1.,0.));
#4452 = DIRECTION('',(1.,0.,0.));
#4453 = ADVANCED_FACE('',(#4454),#4465,.T.);
#4454 = FACE_BOUND('',#4455,.F.);
#4455 = EDGE_LOOP('',(#4456,#4457,#4458,#4459));
#4456 = ORIENTED_EDGE('',*,*,#1908,.T.);
#4457 = ORIENTED_EDGE('',*,*,#4440,.T.);
#4458 = ORIENTED_EDGE('',*,*,#2199,.T.);
#4459 = ORIENTED_EDGE('',*,*,#4460,.F.);
#4460 = EDGE_CURVE('',#1909,#2191,#4461,.T.);
#4461 = LINE('',#4462,#4463);
#4462 = CARTESIAN_POINT('',(-3.,0.268162406624,-0.57959398344));
#4463 = VECTOR('',#4464,1.);
#4464 = DIRECTION('',(0.,1.,0.));
#4465 = PLANE('',#4466);
#4466 = AXIS2_PLACEMENT_3D('',#4467,#4468,#4469);
#4467 = CARTESIAN_POINT('',(-3.,0.,-1.25));
#4468 = DIRECTION('',(-1.,0.,0.));
#4469 = DIRECTION('',(0.,0.,1.));
#4470 = ADVANCED_FACE('',(#4471),#4482,.T.);
#4471 = FACE_BOUND('',#4472,.T.);
#4472 = EDGE_LOOP('',(#4473,#4479,#4480,#4481));
#4473 = ORIENTED_EDGE('',*,*,#4474,.T.);
#4474 = EDGE_CURVE('',#1917,#2183,#4475,.T.);
#4475 = LINE('',#4476,#4477);
#4476 = CARTESIAN_POINT('',(-2.92040601656,0.3,-0.5));
#4477 = VECTOR('',#4478,1.);
#4478 = DIRECTION('',(0.,1.,0.));
#4479 = ORIENTED_EDGE('',*,*,#2190,.F.);
#4480 = ORIENTED_EDGE('',*,*,#4460,.F.);
#4481 = ORIENTED_EDGE('',*,*,#1916,.T.);
#4482 = CYLINDRICAL_SURFACE('',#4483,7.959398343967E-02);
#4483 = AXIS2_PLACEMENT_3D('',#4484,#4485,#4486);
#4484 = CARTESIAN_POINT('',(-2.92040601656,0.,-0.57959398344));
#4485 = DIRECTION('',(0.,1.,0.));
#4486 = DIRECTION('',(1.,0.,0.));
#4487 = ADVANCED_FACE('',(#4488),#4494,.T.);
#4488 = FACE_BOUND('',#4489,.F.);
#4489 = EDGE_LOOP('',(#4490,#4491,#4492,#4493));
#4490 = ORIENTED_EDGE('',*,*,#1928,.F.);
#4491 = ORIENTED_EDGE('',*,*,#4474,.T.);
#4492 = ORIENTED_EDGE('',*,*,#2182,.T.);
#4493 = ORIENTED_EDGE('',*,*,#2158,.F.);
#4494 = PLANE('',#4495);
#4495 = AXIS2_PLACEMENT_3D('',#4496,#4497,#4498);
#4496 = CARTESIAN_POINT('',(-2.92040601656,0.,-0.5));
#4497 = DIRECTION('',(0.,0.,1.));
#4498 = DIRECTION('',(1.,0.,-0.));
#4499 = ( GEOMETRIC_REPRESENTATION_CONTEXT(3) 
GLOBAL_UNCERTAINTY_ASSIGNED_CONTEXT((#4503)) 
GLOBAL_UNIT_ASSIGNED_CONTEXT((#4500,#4501,#4502)) REPRESENTATION_CONTEXT
('Context #1','3D Context with UNIT and UNCERTAINTY') );
#4500 = ( LENGTH_UNIT() NAMED_UNIT(*) SI_UNIT(.MILLI.,.METRE.) );
#4501 = ( NAMED_UNIT(*) PLANE_ANGLE_UNIT() SI_UNIT($,.RADIAN.) );
#4502 = ( NAMED_UNIT(*) SI_UNIT($,.STERADIAN.) SOLID_ANGLE_UNIT() );
#4503 = UNCERTAINTY_MEASURE_WITH_UNIT(LENGTH_MEASURE(1.E-05),#4500,
  'distance_accuracy_value','confusion accuracy');
#4504 = SHAPE_DEFINITION_REPRESENTATION(#4505,#1760);
#4505 = PRODUCT_DEFINITION_SHAPE('','',#4506);
#4506 = PRODUCT_DEFINITION('design','',#4507,#4510);
#4507 = PRODUCT_DEFINITION_FORMATION('','',#4508);
#4508 = PRODUCT('srn6045','srn6045','',(#4509));
#4509 = PRODUCT_CONTEXT('',#2,'mechanical');
#4510 = PRODUCT_DEFINITION_CONTEXT('part definition',#2,'design');
#4511 = CONTEXT_DEPENDENT_SHAPE_REPRESENTATION(#4512,#4514);
#4512 = ( REPRESENTATION_RELATIONSHIP('','',#1760,#1750) 
REPRESENTATION_RELATIONSHIP_WITH_TRANSFORMATION(#4513) 
SHAPE_REPRESENTATION_RELATIONSHIP() );
#4513 = ITEM_DEFINED_TRANSFORMATION('','',#11,#1751);
#4514 = PRODUCT_DEFINITION_SHAPE('Placement','Placement of an item',
  #4515);
#4515 = NEXT_ASSEMBLY_USAGE_OCCURRENCE('17','','',#1745,#4506,$);
#4516 = PRODUCT_RELATED_PRODUCT_CATEGORY('part',$,(#4508));
#4517 = CONTEXT_DEPENDENT_SHAPE_REPRESENTATION(#4518,#4520);
#4518 = ( REPRESENTATION_RELATIONSHIP('','',#1750,#10) 
REPRESENTATION_RELATIONSHIP_WITH_TRANSFORMATION(#4519) 
SHAPE_REPRESENTATION_RELATIONSHIP() );
#4519 = ITEM_DEFINED_TRANSFORMATION('','',#11,#31);
#4520 = PRODUCT_DEFINITION_SHAPE('Placement','Placement of an item',
  #4521);
#4521 = NEXT_ASSEMBLY_USAGE_OCCURRENCE('18','','',#5,#1745,$);
#4522 = PRODUCT_RELATED_PRODUCT_CATEGORY('part',$,(#1747));
#4523 = SHAPE_DEFINITION_REPRESENTATION(#4524,#4530);
#4524 = PRODUCT_DEFINITION_SHAPE('','',#4525);
#4525 = PRODUCT_DEFINITION('design','',#4526,#4529);
#4526 = PRODUCT_DEFINITION_FORMATION('','',#4527);
#4527 = PRODUCT('D2','D2','',(#4528));
#4528 = PRODUCT_CONTEXT('',#2,'mechanical');
#4529 = PRODUCT_DEFINITION_CONTEXT('part definition',#2,'design');
#4530 = SHAPE_REPRESENTATION('',(#11,#4531),#4535);
#4531 = AXIS2_PLACEMENT_3D('',#4532,#4533,#4534);
#4532 = CARTESIAN_POINT('',(44.450041564941,29.210081848145,
    8.770107477903E-02));
#4533 = DIRECTION('',(-8.742277657348E-08,1.,-4.371140912996E-08));
#4534 = DIRECTION('',(-1.,-8.742277657348E-08,9.466853158302E-31));
#4535 = ( GEOMETRIC_REPRESENTATION_CONTEXT(3) 
GLOBAL_UNCERTAINTY_ASSIGNED_CONTEXT((#4539)) 
GLOBAL_UNIT_ASSIGNED_CONTEXT((#4536,#4537,#4538)) REPRESENTATION_CONTEXT
('Context #1','3D Context with UNIT and UNCERTAINTY') );
#4536 = ( LENGTH_UNIT() NAMED_UNIT(*) SI_UNIT(.MILLI.,.METRE.) );
#4537 = ( NAMED_UNIT(*) PLANE_ANGLE_UNIT() SI_UNIT($,.RADIAN.) );
#4538 = ( NAMED_UNIT(*) SI_UNIT($,.STERADIAN.) SOLID_ANGLE_UNIT() );
#4539 = UNCERTAINTY_MEASURE_WITH_UNIT(LENGTH_MEASURE(1.E-07),#4536,
  'distance_accuracy_value','confusion accuracy');
#4540 = ADVANCED_BREP_SHAPE_REPRESENTATION('',(#11,#4541),#5953);
#4541 = MANIFOLD_SOLID_BREP('',#4542);
#4542 = CLOSED_SHELL('',(#4543,#4681,#4712,#4736,#4760,#4777,#4809,#4843
    ,#4868,#4885,#4897,#4992,#5016,#5048,#5072,#5096,#5120,#5160,#5184,
    #5208,#5232,#5264,#5281,#5338,#5355,#5374,#5391,#5408,#5425,#5444,
    #5461,#5513,#5545,#5577,#5603,#5619,#5645,#5671,#5703,#5721,#5743,
    #5755,#5773,#5785,#5817,#5835,#5857,#5869,#5901,#5919,#5941));
#4543 = ADVANCED_FACE('',(#4544,#4578),#4676,.F.);
#4544 = FACE_BOUND('',#4545,.F.);
#4545 = EDGE_LOOP('',(#4546,#4556,#4564,#4572));
#4546 = ORIENTED_EDGE('',*,*,#4547,.F.);
#4547 = EDGE_CURVE('',#4548,#4550,#4552,.T.);
#4548 = VERTEX_POINT('',#4549);
#4549 = CARTESIAN_POINT('',(-3.5,0.,-3.5));
#4550 = VERTEX_POINT('',#4551);
#4551 = CARTESIAN_POINT('',(3.5,0.,-3.5));
#4552 = LINE('',#4553,#4554);
#4553 = CARTESIAN_POINT('',(-3.5,0.,-3.5));
#4554 = VECTOR('',#4555,1.);
#4555 = DIRECTION('',(1.,0.,0.));
#4556 = ORIENTED_EDGE('',*,*,#4557,.F.);
#4557 = EDGE_CURVE('',#4558,#4548,#4560,.T.);
#4558 = VERTEX_POINT('',#4559);
#4559 = CARTESIAN_POINT('',(-3.5,0.,3.5));
#4560 = LINE('',#4561,#4562);
#4561 = CARTESIAN_POINT('',(-3.5,0.,3.5));
#4562 = VECTOR('',#4563,1.);
#4563 = DIRECTION('',(0.,0.,-1.));
#4564 = ORIENTED_EDGE('',*,*,#4565,.F.);
#4565 = EDGE_CURVE('',#4566,#4558,#4568,.T.);
#4566 = VERTEX_POINT('',#4567);
#4567 = CARTESIAN_POINT('',(3.5,0.,3.5));
#4568 = LINE('',#4569,#4570);
#4569 = CARTESIAN_POINT('',(3.5,0.,3.5));
#4570 = VECTOR('',#4571,1.);
#4571 = DIRECTION('',(-1.,0.,0.));
#4572 = ORIENTED_EDGE('',*,*,#4573,.F.);
#4573 = EDGE_CURVE('',#4550,#4566,#4574,.T.);
#4574 = LINE('',#4575,#4576);
#4575 = CARTESIAN_POINT('',(3.5,0.,-3.5));
#4576 = VECTOR('',#4577,1.);
#4577 = DIRECTION('',(0.,0.,1.));
#4578 = FACE_BOUND('',#4579,.F.);
#4579 = EDGE_LOOP('',(#4580,#4590,#4598,#4606,#4614,#4622,#4630,#4638,
    #4646,#4654,#4662,#4670));
#4580 = ORIENTED_EDGE('',*,*,#4581,.F.);
#4581 = EDGE_CURVE('',#4582,#4584,#4586,.T.);
#4582 = VERTEX_POINT('',#4583);
#4583 = CARTESIAN_POINT('',(-3.3481,0.,3.3776));
#4584 = VERTEX_POINT('',#4585);
#4585 = CARTESIAN_POINT('',(3.3481,0.,3.3776));
#4586 = LINE('',#4587,#4588);
#4587 = CARTESIAN_POINT('',(-3.3481,0.,3.3776));
#4588 = VECTOR('',#4589,1.);
#4589 = DIRECTION('',(1.,0.,0.));
#4590 = ORIENTED_EDGE('',*,*,#4591,.T.);
#4591 = EDGE_CURVE('',#4582,#4592,#4594,.T.);
#4592 = VERTEX_POINT('',#4593);
#4593 = CARTESIAN_POINT('',(-3.3481,0.,-3.3776));
#4594 = LINE('',#4595,#4596);
#4595 = CARTESIAN_POINT('',(-3.3481,0.,3.3776));
#4596 = VECTOR('',#4597,1.);
#4597 = DIRECTION('',(0.,0.,-1.));
#4598 = ORIENTED_EDGE('',*,*,#4599,.T.);
#4599 = EDGE_CURVE('',#4592,#4600,#4602,.T.);
#4600 = VERTEX_POINT('',#4601);
#4601 = CARTESIAN_POINT('',(-2.6481,0.,-3.3776));
#4602 = LINE('',#4603,#4604);
#4603 = CARTESIAN_POINT('',(-3.3481,0.,-3.3776));
#4604 = VECTOR('',#4605,1.);
#4605 = DIRECTION('',(1.,0.,0.));
#4606 = ORIENTED_EDGE('',*,*,#4607,.F.);
#4607 = EDGE_CURVE('',#4608,#4600,#4610,.T.);
#4608 = VERTEX_POINT('',#4609);
#4609 = CARTESIAN_POINT('',(-2.6481,0.,-3.3834));
#4610 = LINE('',#4611,#4612);
#4611 = CARTESIAN_POINT('',(-2.6481,0.,-3.3834));
#4612 = VECTOR('',#4613,1.);
#4613 = DIRECTION('',(0.,0.,1.));
#4614 = ORIENTED_EDGE('',*,*,#4615,.F.);
#4615 = EDGE_CURVE('',#4616,#4608,#4618,.T.);
#4616 = VERTEX_POINT('',#4617);
#4617 = CARTESIAN_POINT('',(-1.9481,0.,-3.3834));
#4618 = LINE('',#4619,#4620);
#4619 = CARTESIAN_POINT('',(-1.9481,0.,-3.3834));
#4620 = VECTOR('',#4621,1.);
#4621 = DIRECTION('',(-1.,0.,0.));
#4622 = ORIENTED_EDGE('',*,*,#4623,.F.);
#4623 = EDGE_CURVE('',#4624,#4616,#4626,.T.);
#4624 = VERTEX_POINT('',#4625);
#4625 = CARTESIAN_POINT('',(-1.9481,0.,-3.3776));
#4626 = LINE('',#4627,#4628);
#4627 = CARTESIAN_POINT('',(-1.9481,0.,-3.3776));
#4628 = VECTOR('',#4629,1.);
#4629 = DIRECTION('',(0.,0.,-1.));
#4630 = ORIENTED_EDGE('',*,*,#4631,.T.);
#4631 = EDGE_CURVE('',#4624,#4632,#4634,.T.);
#4632 = VERTEX_POINT('',#4633);
#4633 = CARTESIAN_POINT('',(1.9481,0.,-3.3776));
#4634 = LINE('',#4635,#4636);
#4635 = CARTESIAN_POINT('',(-1.9481,0.,-3.3776));
#4636 = VECTOR('',#4637,1.);
#4637 = DIRECTION('',(1.,0.,0.));
#4638 = ORIENTED_EDGE('',*,*,#4639,.F.);
#4639 = EDGE_CURVE('',#4640,#4632,#4642,.T.);
#4640 = VERTEX_POINT('',#4641);
#4641 = CARTESIAN_POINT('',(1.9481,0.,-3.3834));
#4642 = LINE('',#4643,#4644);
#4643 = CARTESIAN_POINT('',(1.9481,0.,-3.3834));
#4644 = VECTOR('',#4645,1.);
#4645 = DIRECTION('',(0.,0.,1.));
#4646 = ORIENTED_EDGE('',*,*,#4647,.F.);
#4647 = EDGE_CURVE('',#4648,#4640,#4650,.T.);
#4648 = VERTEX_POINT('',#4649);
#4649 = CARTESIAN_POINT('',(2.6481,0.,-3.3834));
#4650 = LINE('',#4651,#4652);
#4651 = CARTESIAN_POINT('',(2.6481,0.,-3.3834));
#4652 = VECTOR('',#4653,1.);
#4653 = DIRECTION('',(-1.,0.,0.));
#4654 = ORIENTED_EDGE('',*,*,#4655,.F.);
#4655 = EDGE_CURVE('',#4656,#4648,#4658,.T.);
#4656 = VERTEX_POINT('',#4657);
#4657 = CARTESIAN_POINT('',(2.6481,0.,-3.3776));
#4658 = LINE('',#4659,#4660);
#4659 = CARTESIAN_POINT('',(2.6481,0.,-3.3776));
#4660 = VECTOR('',#4661,1.);
#4661 = DIRECTION('',(0.,0.,-1.));
#4662 = ORIENTED_EDGE('',*,*,#4663,.T.);
#4663 = EDGE_CURVE('',#4656,#4664,#4666,.T.);
#4664 = VERTEX_POINT('',#4665);
#4665 = CARTESIAN_POINT('',(3.3481,0.,-3.3776));
#4666 = LINE('',#4667,#4668);
#4667 = CARTESIAN_POINT('',(2.6481,0.,-3.3776));
#4668 = VECTOR('',#4669,1.);
#4669 = DIRECTION('',(1.,0.,0.));
#4670 = ORIENTED_EDGE('',*,*,#4671,.T.);
#4671 = EDGE_CURVE('',#4664,#4584,#4672,.T.);
#4672 = LINE('',#4673,#4674);
#4673 = CARTESIAN_POINT('',(3.3481,0.,-3.3776));
#4674 = VECTOR('',#4675,1.);
#4675 = DIRECTION('',(0.,0.,1.));
#4676 = PLANE('',#4677);
#4677 = AXIS2_PLACEMENT_3D('',#4678,#4679,#4680);
#4678 = CARTESIAN_POINT('',(0.,0.,0.));
#4679 = DIRECTION('',(0.,1.,0.));
#4680 = DIRECTION('',(1.,0.,0.));
#4681 = ADVANCED_FACE('',(#4682),#4707,.T.);
#4682 = FACE_BOUND('',#4683,.F.);
#4683 = EDGE_LOOP('',(#4684,#4692,#4700,#4706));
#4684 = ORIENTED_EDGE('',*,*,#4685,.T.);
#4685 = EDGE_CURVE('',#4550,#4686,#4688,.T.);
#4686 = VERTEX_POINT('',#4687);
#4687 = CARTESIAN_POINT('',(3.5,0.659,-3.5));
#4688 = LINE('',#4689,#4690);
#4689 = CARTESIAN_POINT('',(3.5,0.,-3.5));
#4690 = VECTOR('',#4691,1.);
#4691 = DIRECTION('',(0.,1.,0.));
#4692 = ORIENTED_EDGE('',*,*,#4693,.T.);
#4693 = EDGE_CURVE('',#4686,#4694,#4696,.T.);
#4694 = VERTEX_POINT('',#4695);
#4695 = CARTESIAN_POINT('',(-3.5,0.659,-3.5));
#4696 = LINE('',#4697,#4698);
#4697 = CARTESIAN_POINT('',(3.5,0.659,-3.5));
#4698 = VECTOR('',#4699,1.);
#4699 = DIRECTION('',(-1.,0.,0.));
#4700 = ORIENTED_EDGE('',*,*,#4701,.F.);
#4701 = EDGE_CURVE('',#4548,#4694,#4702,.T.);
#4702 = LINE('',#4703,#4704);
#4703 = CARTESIAN_POINT('',(-3.5,0.,-3.5));
#4704 = VECTOR('',#4705,1.);
#4705 = DIRECTION('',(0.,1.,0.));
#4706 = ORIENTED_EDGE('',*,*,#4547,.T.);
#4707 = PLANE('',#4708);
#4708 = AXIS2_PLACEMENT_3D('',#4709,#4710,#4711);
#4709 = CARTESIAN_POINT('',(3.5,0.,-3.5));
#4710 = DIRECTION('',(0.,0.,-1.));
#4711 = DIRECTION('',(-1.,0.,0.));
#4712 = ADVANCED_FACE('',(#4713),#4731,.T.);
#4713 = FACE_BOUND('',#4714,.F.);
#4714 = EDGE_LOOP('',(#4715,#4723,#4729,#4730));
#4715 = ORIENTED_EDGE('',*,*,#4716,.F.);
#4716 = EDGE_CURVE('',#4717,#4566,#4719,.T.);
#4717 = VERTEX_POINT('',#4718);
#4718 = CARTESIAN_POINT('',(3.5,0.659,3.5));
#4719 = LINE('',#4720,#4721);
#4720 = CARTESIAN_POINT('',(3.5,0.659,3.5));
#4721 = VECTOR('',#4722,1.);
#4722 = DIRECTION('',(0.,-1.,0.));
#4723 = ORIENTED_EDGE('',*,*,#4724,.T.);
#4724 = EDGE_CURVE('',#4717,#4686,#4725,.T.);
#4725 = LINE('',#4726,#4727);
#4726 = CARTESIAN_POINT('',(3.5,0.659,3.5));
#4727 = VECTOR('',#4728,1.);
#4728 = DIRECTION('',(0.,0.,-1.));
#4729 = ORIENTED_EDGE('',*,*,#4685,.F.);
#4730 = ORIENTED_EDGE('',*,*,#4573,.T.);
#4731 = PLANE('',#4732);
#4732 = AXIS2_PLACEMENT_3D('',#4733,#4734,#4735);
#4733 = CARTESIAN_POINT('',(3.5,0.,3.5));
#4734 = DIRECTION('',(1.,0.,0.));
#4735 = DIRECTION('',(0.,0.,-1.));
#4736 = ADVANCED_FACE('',(#4737),#4755,.T.);
#4737 = FACE_BOUND('',#4738,.F.);
#4738 = EDGE_LOOP('',(#4739,#4747,#4753,#4754));
#4739 = ORIENTED_EDGE('',*,*,#4740,.T.);
#4740 = EDGE_CURVE('',#4558,#4741,#4743,.T.);
#4741 = VERTEX_POINT('',#4742);
#4742 = CARTESIAN_POINT('',(-3.5,0.659,3.5));
#4743 = LINE('',#4744,#4745);
#4744 = CARTESIAN_POINT('',(-3.5,0.,3.5));
#4745 = VECTOR('',#4746,1.);
#4746 = DIRECTION('',(0.,1.,0.));
#4747 = ORIENTED_EDGE('',*,*,#4748,.T.);
#4748 = EDGE_CURVE('',#4741,#4717,#4749,.T.);
#4749 = LINE('',#4750,#4751);
#4750 = CARTESIAN_POINT('',(-3.5,0.659,3.5));
#4751 = VECTOR('',#4752,1.);
#4752 = DIRECTION('',(1.,0.,0.));
#4753 = ORIENTED_EDGE('',*,*,#4716,.T.);
#4754 = ORIENTED_EDGE('',*,*,#4565,.T.);
#4755 = PLANE('',#4756);
#4756 = AXIS2_PLACEMENT_3D('',#4757,#4758,#4759);
#4757 = CARTESIAN_POINT('',(-3.5,0.,3.5));
#4758 = DIRECTION('',(0.,0.,1.));
#4759 = DIRECTION('',(1.,0.,-0.));
#4760 = ADVANCED_FACE('',(#4761),#4772,.T.);
#4761 = FACE_BOUND('',#4762,.F.);
#4762 = EDGE_LOOP('',(#4763,#4764,#4770,#4771));
#4763 = ORIENTED_EDGE('',*,*,#4701,.T.);
#4764 = ORIENTED_EDGE('',*,*,#4765,.T.);
#4765 = EDGE_CURVE('',#4694,#4741,#4766,.T.);
#4766 = LINE('',#4767,#4768);
#4767 = CARTESIAN_POINT('',(-3.5,0.659,-3.5));
#4768 = VECTOR('',#4769,1.);
#4769 = DIRECTION('',(0.,0.,1.));
#4770 = ORIENTED_EDGE('',*,*,#4740,.F.);
#4771 = ORIENTED_EDGE('',*,*,#4557,.T.);
#4772 = PLANE('',#4773);
#4773 = AXIS2_PLACEMENT_3D('',#4774,#4775,#4776);
#4774 = CARTESIAN_POINT('',(-3.5,0.,-3.5));
#4775 = DIRECTION('',(-1.,0.,0.));
#4776 = DIRECTION('',(0.,0.,1.));
#4777 = ADVANCED_FACE('',(#4778,#4784),#4804,.F.);
#4778 = FACE_BOUND('',#4779,.F.);
#4779 = EDGE_LOOP('',(#4780,#4781,#4782,#4783));
#4780 = ORIENTED_EDGE('',*,*,#4724,.F.);
#4781 = ORIENTED_EDGE('',*,*,#4748,.F.);
#4782 = ORIENTED_EDGE('',*,*,#4765,.F.);
#4783 = ORIENTED_EDGE('',*,*,#4693,.F.);
#4784 = FACE_BOUND('',#4785,.F.);
#4785 = EDGE_LOOP('',(#4786,#4797));
#4786 = ORIENTED_EDGE('',*,*,#4787,.F.);
#4787 = EDGE_CURVE('',#4788,#4790,#4792,.T.);
#4788 = VERTEX_POINT('',#4789);
#4789 = CARTESIAN_POINT('',(-3.458251003036,0.659,1.941124344595E-12));
#4790 = VERTEX_POINT('',#4791);
#4791 = CARTESIAN_POINT('',(3.458251003036,0.659,-1.941124344595E-12));
#4792 = CIRCLE('',#4793,3.458251003036);
#4793 = AXIS2_PLACEMENT_3D('',#4794,#4795,#4796);
#4794 = CARTESIAN_POINT('',(0.,0.659,0.));
#4795 = DIRECTION('',(0.,-1.,0.));
#4796 = DIRECTION('',(-1.,0.,0.));
#4797 = ORIENTED_EDGE('',*,*,#4798,.F.);
#4798 = EDGE_CURVE('',#4790,#4788,#4799,.T.);
#4799 = CIRCLE('',#4800,3.458251003036);
#4800 = AXIS2_PLACEMENT_3D('',#4801,#4802,#4803);
#4801 = CARTESIAN_POINT('',(0.,0.659,0.));
#4802 = DIRECTION('',(0.,-1.,0.));
#4803 = DIRECTION('',(1.,0.,0.));
#4804 = PLANE('',#4805);
#4805 = AXIS2_PLACEMENT_3D('',#4806,#4807,#4808);
#4806 = CARTESIAN_POINT('',(0.,0.659,0.));
#4807 = DIRECTION('',(0.,-1.,0.));
#4808 = DIRECTION('',(0.,0.,-1.));
#4809 = ADVANCED_FACE('',(#4810),#4838,.F.);
#4810 = FACE_BOUND('',#4811,.F.);
#4811 = EDGE_LOOP('',(#4812,#4823,#4830,#4831));
#4812 = ORIENTED_EDGE('',*,*,#4813,.F.);
#4813 = EDGE_CURVE('',#4814,#4816,#4818,.T.);
#4814 = VERTEX_POINT('',#4815);
#4815 = CARTESIAN_POINT('',(-3.248357156031,0.862323699422,0.));
#4816 = VERTEX_POINT('',#4817);
#4817 = CARTESIAN_POINT('',(3.248357156031,0.862323699422,0.));
#4818 = CIRCLE('',#4819,3.248357156031);
#4819 = AXIS2_PLACEMENT_3D('',#4820,#4821,#4822);
#4820 = CARTESIAN_POINT('',(0.,0.862323699422,0.));
#4821 = DIRECTION('',(0.,-1.,0.));
#4822 = DIRECTION('',(-1.,0.,0.));
#4823 = ORIENTED_EDGE('',*,*,#4824,.F.);
#4824 = EDGE_CURVE('',#4788,#4814,#4825,.T.);
#4825 = CIRCLE('',#4826,0.21);
#4826 = AXIS2_PLACEMENT_3D('',#4827,#4828,#4829);
#4827 = CARTESIAN_POINT('',(-3.458251003036,0.869,1.941124344595E-12));
#4828 = DIRECTION('',(5.613027403983E-13,0.,1.));
#4829 = DIRECTION('',(0.,-1.,0.));
#4830 = ORIENTED_EDGE('',*,*,#4787,.T.);
#4831 = ORIENTED_EDGE('',*,*,#4832,.T.);
#4832 = EDGE_CURVE('',#4790,#4816,#4833,.T.);
#4833 = CIRCLE('',#4834,0.21);
#4834 = AXIS2_PLACEMENT_3D('',#4835,#4836,#4837);
#4835 = CARTESIAN_POINT('',(3.458251003036,0.869,-1.941124344595E-12));
#4836 = DIRECTION('',(-5.613027403983E-13,0.,-1.));
#4837 = DIRECTION('',(0.,-1.,-0.));
#4838 = TOROIDAL_SURFACE('',#4839,3.458251003036,0.21);
#4839 = AXIS2_PLACEMENT_3D('',#4840,#4841,#4842);
#4840 = CARTESIAN_POINT('',(0.,0.869,0.));
#4841 = DIRECTION('',(0.,-1.,0.));
#4842 = DIRECTION('',(-0.999972868897,0.,7.366238455401E-03));
#4843 = ADVANCED_FACE('',(#4844),#4863,.T.);
#4844 = FACE_BOUND('',#4845,.T.);
#4845 = EDGE_LOOP('',(#4846,#4855,#4862));
#4846 = ORIENTED_EDGE('',*,*,#4847,.F.);
#4847 = EDGE_CURVE('',#4848,#4814,#4850,.T.);
#4848 = VERTEX_POINT('',#4849);
#4849 = CARTESIAN_POINT('',(0.,4.009,0.));
#4850 = CIRCLE('',#4851,3.25);
#4851 = AXIS2_PLACEMENT_3D('',#4852,#4853,#4854);
#4852 = CARTESIAN_POINT('',(0.,0.759,0.));
#4853 = DIRECTION('',(0.,-0.,1.));
#4854 = DIRECTION('',(0.,1.,0.));
#4855 = ORIENTED_EDGE('',*,*,#4856,.T.);
#4856 = EDGE_CURVE('',#4848,#4816,#4857,.T.);
#4857 = CIRCLE('',#4858,3.25);
#4858 = AXIS2_PLACEMENT_3D('',#4859,#4860,#4861);
#4859 = CARTESIAN_POINT('',(0.,0.759,0.));
#4860 = DIRECTION('',(0.,0.,-1.));
#4861 = DIRECTION('',(0.,1.,0.));
#4862 = ORIENTED_EDGE('',*,*,#4813,.F.);
#4863 = SPHERICAL_SURFACE('',#4864,3.25);
#4864 = AXIS2_PLACEMENT_3D('',#4865,#4866,#4867);
#4865 = CARTESIAN_POINT('',(0.,0.759,0.));
#4866 = DIRECTION('',(0.,-1.,0.));
#4867 = DIRECTION('',(-1.,0.,0.));
#4868 = ADVANCED_FACE('',(#4869),#4880,.T.);
#4869 = FACE_BOUND('',#4870,.T.);
#4870 = EDGE_LOOP('',(#4871,#4872,#4873));
#4871 = ORIENTED_EDGE('',*,*,#4856,.F.);
#4872 = ORIENTED_EDGE('',*,*,#4847,.T.);
#4873 = ORIENTED_EDGE('',*,*,#4874,.F.);
#4874 = EDGE_CURVE('',#4816,#4814,#4875,.T.);
#4875 = CIRCLE('',#4876,3.248357156031);
#4876 = AXIS2_PLACEMENT_3D('',#4877,#4878,#4879);
#4877 = CARTESIAN_POINT('',(0.,0.862323699422,0.));
#4878 = DIRECTION('',(0.,-1.,0.));
#4879 = DIRECTION('',(1.,0.,0.));
#4880 = SPHERICAL_SURFACE('',#4881,3.25);
#4881 = AXIS2_PLACEMENT_3D('',#4882,#4883,#4884);
#4882 = CARTESIAN_POINT('',(0.,0.759,0.));
#4883 = DIRECTION('',(0.,-1.,0.));
#4884 = DIRECTION('',(-1.,0.,0.));
#4885 = ADVANCED_FACE('',(#4886),#4892,.F.);
#4886 = FACE_BOUND('',#4887,.F.);
#4887 = EDGE_LOOP('',(#4888,#4889,#4890,#4891));
#4888 = ORIENTED_EDGE('',*,*,#4874,.F.);
#4889 = ORIENTED_EDGE('',*,*,#4832,.F.);
#4890 = ORIENTED_EDGE('',*,*,#4798,.T.);
#4891 = ORIENTED_EDGE('',*,*,#4824,.T.);
#4892 = TOROIDAL_SURFACE('',#4893,3.458251003036,0.21);
#4893 = AXIS2_PLACEMENT_3D('',#4894,#4895,#4896);
#4894 = CARTESIAN_POINT('',(0.,0.869,0.));
#4895 = DIRECTION('',(0.,-1.,0.));
#4896 = DIRECTION('',(0.999972868897,0.,-7.366238455401E-03));
#4897 = ADVANCED_FACE('',(#4898),#4987,.T.);
#4898 = FACE_BOUND('',#4899,.F.);
#4899 = EDGE_LOOP('',(#4900,#4901,#4909,#4917,#4925,#4933,#4941,#4949,
    #4957,#4965,#4973,#4981));
#4900 = ORIENTED_EDGE('',*,*,#4581,.T.);
#4901 = ORIENTED_EDGE('',*,*,#4902,.F.);
#4902 = EDGE_CURVE('',#4903,#4584,#4905,.T.);
#4903 = VERTEX_POINT('',#4904);
#4904 = CARTESIAN_POINT('',(3.3481,-7.5E-02,3.3776));
#4905 = LINE('',#4906,#4907);
#4906 = CARTESIAN_POINT('',(3.3481,-7.5E-02,3.3776));
#4907 = VECTOR('',#4908,1.);
#4908 = DIRECTION('',(0.,1.,0.));
#4909 = ORIENTED_EDGE('',*,*,#4910,.F.);
#4910 = EDGE_CURVE('',#4911,#4903,#4913,.T.);
#4911 = VERTEX_POINT('',#4912);
#4912 = CARTESIAN_POINT('',(2.6481,-7.5E-02,3.3776));
#4913 = LINE('',#4914,#4915);
#4914 = CARTESIAN_POINT('',(2.6481,-7.5E-02,3.3776));
#4915 = VECTOR('',#4916,1.);
#4916 = DIRECTION('',(1.,0.,0.));
#4917 = ORIENTED_EDGE('',*,*,#4918,.T.);
#4918 = EDGE_CURVE('',#4911,#4919,#4921,.T.);
#4919 = VERTEX_POINT('',#4920);
#4920 = CARTESIAN_POINT('',(2.6481,-2.38E-02,3.3776));
#4921 = LINE('',#4922,#4923);
#4922 = CARTESIAN_POINT('',(2.6481,-7.5E-02,3.3776));
#4923 = VECTOR('',#4924,1.);
#4924 = DIRECTION('',(0.,1.,0.));
#4925 = ORIENTED_EDGE('',*,*,#4926,.T.);
#4926 = EDGE_CURVE('',#4919,#4927,#4929,.T.);
#4927 = VERTEX_POINT('',#4928);
#4928 = CARTESIAN_POINT('',(1.9481,-2.38E-02,3.3776));
#4929 = LINE('',#4930,#4931);
#4930 = CARTESIAN_POINT('',(2.6481,-2.38E-02,3.3776));
#4931 = VECTOR('',#4932,1.);
#4932 = DIRECTION('',(-1.,0.,0.));
#4933 = ORIENTED_EDGE('',*,*,#4934,.F.);
#4934 = EDGE_CURVE('',#4935,#4927,#4937,.T.);
#4935 = VERTEX_POINT('',#4936);
#4936 = CARTESIAN_POINT('',(1.9481,-7.5E-02,3.3776));
#4937 = LINE('',#4938,#4939);
#4938 = CARTESIAN_POINT('',(1.9481,-7.5E-02,3.3776));
#4939 = VECTOR('',#4940,1.);
#4940 = DIRECTION('',(0.,1.,0.));
#4941 = ORIENTED_EDGE('',*,*,#4942,.F.);
#4942 = EDGE_CURVE('',#4943,#4935,#4945,.T.);
#4943 = VERTEX_POINT('',#4944);
#4944 = CARTESIAN_POINT('',(-1.9481,-7.5E-02,3.3776));
#4945 = LINE('',#4946,#4947);
#4946 = CARTESIAN_POINT('',(-1.9481,-7.5E-02,3.3776));
#4947 = VECTOR('',#4948,1.);
#4948 = DIRECTION('',(1.,0.,0.));
#4949 = ORIENTED_EDGE('',*,*,#4950,.T.);
#4950 = EDGE_CURVE('',#4943,#4951,#4953,.T.);
#4951 = VERTEX_POINT('',#4952);
#4952 = CARTESIAN_POINT('',(-1.9481,-2.38E-02,3.3776));
#4953 = LINE('',#4954,#4955);
#4954 = CARTESIAN_POINT('',(-1.9481,-7.5E-02,3.3776));
#4955 = VECTOR('',#4956,1.);
#4956 = DIRECTION('',(0.,1.,0.));
#4957 = ORIENTED_EDGE('',*,*,#4958,.T.);
#4958 = EDGE_CURVE('',#4951,#4959,#4961,.T.);
#4959 = VERTEX_POINT('',#4960);
#4960 = CARTESIAN_POINT('',(-2.6481,-2.38E-02,3.3776));
#4961 = LINE('',#4962,#4963);
#4962 = CARTESIAN_POINT('',(-1.9481,-2.38E-02,3.3776));
#4963 = VECTOR('',#4964,1.);
#4964 = DIRECTION('',(-1.,0.,0.));
#4965 = ORIENTED_EDGE('',*,*,#4966,.F.);
#4966 = EDGE_CURVE('',#4967,#4959,#4969,.T.);
#4967 = VERTEX_POINT('',#4968);
#4968 = CARTESIAN_POINT('',(-2.6481,-7.5E-02,3.3776));
#4969 = LINE('',#4970,#4971);
#4970 = CARTESIAN_POINT('',(-2.6481,-7.5E-02,3.3776));
#4971 = VECTOR('',#4972,1.);
#4972 = DIRECTION('',(0.,1.,0.));
#4973 = ORIENTED_EDGE('',*,*,#4974,.F.);
#4974 = EDGE_CURVE('',#4975,#4967,#4977,.T.);
#4975 = VERTEX_POINT('',#4976);
#4976 = CARTESIAN_POINT('',(-3.3481,-7.5E-02,3.3776));
#4977 = LINE('',#4978,#4979);
#4978 = CARTESIAN_POINT('',(-3.3481,-7.5E-02,3.3776));
#4979 = VECTOR('',#4980,1.);
#4980 = DIRECTION('',(1.,0.,0.));
#4981 = ORIENTED_EDGE('',*,*,#4982,.T.);
#4982 = EDGE_CURVE('',#4975,#4582,#4983,.T.);
#4983 = LINE('',#4984,#4985);
#4984 = CARTESIAN_POINT('',(-3.3481,-7.5E-02,3.3776));
#4985 = VECTOR('',#4986,1.);
#4986 = DIRECTION('',(0.,1.,0.));
#4987 = PLANE('',#4988);
#4988 = AXIS2_PLACEMENT_3D('',#4989,#4990,#4991);
#4989 = CARTESIAN_POINT('',(-2.6481,0.,3.3776));
#4990 = DIRECTION('',(0.,0.,1.));
#4991 = DIRECTION('',(-1.,0.,0.));
#4992 = ADVANCED_FACE('',(#4993),#5011,.T.);
#4993 = FACE_BOUND('',#4994,.F.);
#4994 = EDGE_LOOP('',(#4995,#4996,#5004,#5010));
#4995 = ORIENTED_EDGE('',*,*,#4671,.F.);
#4996 = ORIENTED_EDGE('',*,*,#4997,.F.);
#4997 = EDGE_CURVE('',#4998,#4664,#5000,.T.);
#4998 = VERTEX_POINT('',#4999);
#4999 = CARTESIAN_POINT('',(3.3481,-7.5E-02,-3.3776));
#5000 = LINE('',#5001,#5002);
#5001 = CARTESIAN_POINT('',(3.3481,-7.5E-02,-3.3776));
#5002 = VECTOR('',#5003,1.);
#5003 = DIRECTION('',(0.,1.,0.));
#5004 = ORIENTED_EDGE('',*,*,#5005,.F.);
#5005 = EDGE_CURVE('',#4903,#4998,#5006,.T.);
#5006 = LINE('',#5007,#5008);
#5007 = CARTESIAN_POINT('',(3.3481,-7.5E-02,3.3776));
#5008 = VECTOR('',#5009,1.);
#5009 = DIRECTION('',(0.,0.,-1.));
#5010 = ORIENTED_EDGE('',*,*,#4902,.T.);
#5011 = PLANE('',#5012);
#5012 = AXIS2_PLACEMENT_3D('',#5013,#5014,#5015);
#5013 = CARTESIAN_POINT('',(3.3481,0.,-3.3776));
#5014 = DIRECTION('',(1.,0.,0.));
#5015 = DIRECTION('',(0.,0.,1.));
#5016 = ADVANCED_FACE('',(#5017),#5043,.T.);
#5017 = FACE_BOUND('',#5018,.F.);
#5018 = EDGE_LOOP('',(#5019,#5027,#5035,#5041,#5042));
#5019 = ORIENTED_EDGE('',*,*,#5020,.T.);
#5020 = EDGE_CURVE('',#4656,#5021,#5023,.T.);
#5021 = VERTEX_POINT('',#5022);
#5022 = CARTESIAN_POINT('',(2.6481,-2.38E-02,-3.3776));
#5023 = LINE('',#5024,#5025);
#5024 = CARTESIAN_POINT('',(2.6481,0.,-3.3776));
#5025 = VECTOR('',#5026,1.);
#5026 = DIRECTION('',(1.86592104979E-14,-1.,-1.86592104979E-14));
#5027 = ORIENTED_EDGE('',*,*,#5028,.F.);
#5028 = EDGE_CURVE('',#5029,#5021,#5031,.T.);
#5029 = VERTEX_POINT('',#5030);
#5030 = CARTESIAN_POINT('',(2.6481,-7.5E-02,-3.3776));
#5031 = LINE('',#5032,#5033);
#5032 = CARTESIAN_POINT('',(2.6481,-7.5E-02,-3.3776));
#5033 = VECTOR('',#5034,1.);
#5034 = DIRECTION('',(0.,1.,0.));
#5035 = ORIENTED_EDGE('',*,*,#5036,.F.);
#5036 = EDGE_CURVE('',#4998,#5029,#5037,.T.);
#5037 = LINE('',#5038,#5039);
#5038 = CARTESIAN_POINT('',(3.3481,-7.5E-02,-3.3776));
#5039 = VECTOR('',#5040,1.);
#5040 = DIRECTION('',(-1.,0.,0.));
#5041 = ORIENTED_EDGE('',*,*,#4997,.T.);
#5042 = ORIENTED_EDGE('',*,*,#4663,.F.);
#5043 = PLANE('',#5044);
#5044 = AXIS2_PLACEMENT_3D('',#5045,#5046,#5047);
#5045 = CARTESIAN_POINT('',(2.6481,0.,-3.3776));
#5046 = DIRECTION('',(0.,0.,-1.));
#5047 = DIRECTION('',(1.,0.,0.));
#5048 = ADVANCED_FACE('',(#5049),#5067,.T.);
#5049 = FACE_BOUND('',#5050,.F.);
#5050 = EDGE_LOOP('',(#5051,#5052,#5060,#5066));
#5051 = ORIENTED_EDGE('',*,*,#4655,.T.);
#5052 = ORIENTED_EDGE('',*,*,#5053,.T.);
#5053 = EDGE_CURVE('',#4648,#5054,#5056,.T.);
#5054 = VERTEX_POINT('',#5055);
#5055 = CARTESIAN_POINT('',(2.6481,-2.38E-02,-3.3834));
#5056 = LINE('',#5057,#5058);
#5057 = CARTESIAN_POINT('',(2.6481,0.,-3.3834));
#5058 = VECTOR('',#5059,1.);
#5059 = DIRECTION('',(0.,-1.,5.597763149371E-14));
#5060 = ORIENTED_EDGE('',*,*,#5061,.T.);
#5061 = EDGE_CURVE('',#5054,#5021,#5062,.T.);
#5062 = LINE('',#5063,#5064);
#5063 = CARTESIAN_POINT('',(2.6481,-2.38E-02,-3.3834));
#5064 = VECTOR('',#5065,1.);
#5065 = DIRECTION('',(7.656710514658E-14,0.,1.));
#5066 = ORIENTED_EDGE('',*,*,#5020,.F.);
#5067 = PLANE('',#5068);
#5068 = AXIS2_PLACEMENT_3D('',#5069,#5070,#5071);
#5069 = CARTESIAN_POINT('',(2.6481,-2.38E-02,3.3776));
#5070 = DIRECTION('',(1.,0.,0.));
#5071 = DIRECTION('',(0.,0.,-1.));
#5072 = ADVANCED_FACE('',(#5073),#5091,.T.);
#5073 = FACE_BOUND('',#5074,.F.);
#5074 = EDGE_LOOP('',(#5075,#5076,#5084,#5090));
#5075 = ORIENTED_EDGE('',*,*,#4647,.T.);
#5076 = ORIENTED_EDGE('',*,*,#5077,.T.);
#5077 = EDGE_CURVE('',#4640,#5078,#5080,.T.);
#5078 = VERTEX_POINT('',#5079);
#5079 = CARTESIAN_POINT('',(1.9481,-2.38E-02,-3.3834));
#5080 = LINE('',#5081,#5082);
#5081 = CARTESIAN_POINT('',(1.9481,0.,-3.3834));
#5082 = VECTOR('',#5083,1.);
#5083 = DIRECTION('',(0.,-1.,5.597763149371E-14));
#5084 = ORIENTED_EDGE('',*,*,#5085,.T.);
#5085 = EDGE_CURVE('',#5078,#5054,#5086,.T.);
#5086 = LINE('',#5087,#5088);
#5087 = CARTESIAN_POINT('',(1.9481,-2.38E-02,-3.3834));
#5088 = VECTOR('',#5089,1.);
#5089 = DIRECTION('',(1.,0.,0.));
#5090 = ORIENTED_EDGE('',*,*,#5053,.F.);
#5091 = PLANE('',#5092);
#5092 = AXIS2_PLACEMENT_3D('',#5093,#5094,#5095);
#5093 = CARTESIAN_POINT('',(2.6481,-2.38E-02,-3.3834));
#5094 = DIRECTION('',(0.,0.,-1.));
#5095 = DIRECTION('',(-1.,0.,0.));
#5096 = ADVANCED_FACE('',(#5097),#5115,.T.);
#5097 = FACE_BOUND('',#5098,.F.);
#5098 = EDGE_LOOP('',(#5099,#5100,#5108,#5114));
#5099 = ORIENTED_EDGE('',*,*,#4639,.T.);
#5100 = ORIENTED_EDGE('',*,*,#5101,.T.);
#5101 = EDGE_CURVE('',#4632,#5102,#5104,.T.);
#5102 = VERTEX_POINT('',#5103);
#5103 = CARTESIAN_POINT('',(1.9481,-2.38E-02,-3.3776));
#5104 = LINE('',#5105,#5106);
#5105 = CARTESIAN_POINT('',(1.9481,0.,-3.3776));
#5106 = VECTOR('',#5107,1.);
#5107 = DIRECTION('',(0.,-1.,-1.86592104979E-14));
#5108 = ORIENTED_EDGE('',*,*,#5109,.T.);
#5109 = EDGE_CURVE('',#5102,#5078,#5110,.T.);
#5110 = LINE('',#5111,#5112);
#5111 = CARTESIAN_POINT('',(1.9481,-2.38E-02,-3.3776));
#5112 = VECTOR('',#5113,1.);
#5113 = DIRECTION('',(-3.828355257328E-14,0.,-1.));
#5114 = ORIENTED_EDGE('',*,*,#5077,.F.);
#5115 = PLANE('',#5116);
#5116 = AXIS2_PLACEMENT_3D('',#5117,#5118,#5119);
#5117 = CARTESIAN_POINT('',(1.9481,-2.38E-02,-3.3834));
#5118 = DIRECTION('',(-1.,0.,0.));
#5119 = DIRECTION('',(0.,0.,1.));
#5120 = ADVANCED_FACE('',(#5121),#5155,.T.);
#5121 = FACE_BOUND('',#5122,.F.);
#5122 = EDGE_LOOP('',(#5123,#5131,#5139,#5147,#5153,#5154));
#5123 = ORIENTED_EDGE('',*,*,#5124,.T.);
#5124 = EDGE_CURVE('',#4624,#5125,#5127,.T.);
#5125 = VERTEX_POINT('',#5126);
#5126 = CARTESIAN_POINT('',(-1.9481,-2.38E-02,-3.3776));
#5127 = LINE('',#5128,#5129);
#5128 = CARTESIAN_POINT('',(-1.9481,0.,-3.3776));
#5129 = VECTOR('',#5130,1.);
#5130 = DIRECTION('',(0.,-1.,-1.86592104979E-14));
#5131 = ORIENTED_EDGE('',*,*,#5132,.F.);
#5132 = EDGE_CURVE('',#5133,#5125,#5135,.T.);
#5133 = VERTEX_POINT('',#5134);
#5134 = CARTESIAN_POINT('',(-1.9481,-7.5E-02,-3.3776));
#5135 = LINE('',#5136,#5137);
#5136 = CARTESIAN_POINT('',(-1.9481,-7.5E-02,-3.3776));
#5137 = VECTOR('',#5138,1.);
#5138 = DIRECTION('',(0.,1.,0.));
#5139 = ORIENTED_EDGE('',*,*,#5140,.F.);
#5140 = EDGE_CURVE('',#5141,#5133,#5143,.T.);
#5141 = VERTEX_POINT('',#5142);
#5142 = CARTESIAN_POINT('',(1.9481,-7.5E-02,-3.3776));
#5143 = LINE('',#5144,#5145);
#5144 = CARTESIAN_POINT('',(1.9481,-7.5E-02,-3.3776));
#5145 = VECTOR('',#5146,1.);
#5146 = DIRECTION('',(-1.,0.,0.));
#5147 = ORIENTED_EDGE('',*,*,#5148,.T.);
#5148 = EDGE_CURVE('',#5141,#5102,#5149,.T.);
#5149 = LINE('',#5150,#5151);
#5150 = CARTESIAN_POINT('',(1.9481,-7.5E-02,-3.3776));
#5151 = VECTOR('',#5152,1.);
#5152 = DIRECTION('',(0.,1.,0.));
#5153 = ORIENTED_EDGE('',*,*,#5101,.F.);
#5154 = ORIENTED_EDGE('',*,*,#4631,.F.);
#5155 = PLANE('',#5156);
#5156 = AXIS2_PLACEMENT_3D('',#5157,#5158,#5159);
#5157 = CARTESIAN_POINT('',(-1.9481,0.,-3.3776));
#5158 = DIRECTION('',(0.,0.,-1.));
#5159 = DIRECTION('',(1.,0.,0.));
#5160 = ADVANCED_FACE('',(#5161),#5179,.T.);
#5161 = FACE_BOUND('',#5162,.F.);
#5162 = EDGE_LOOP('',(#5163,#5164,#5172,#5178));
#5163 = ORIENTED_EDGE('',*,*,#4623,.T.);
#5164 = ORIENTED_EDGE('',*,*,#5165,.T.);
#5165 = EDGE_CURVE('',#4616,#5166,#5168,.T.);
#5166 = VERTEX_POINT('',#5167);
#5167 = CARTESIAN_POINT('',(-1.9481,-2.38E-02,-3.3834));
#5168 = LINE('',#5169,#5170);
#5169 = CARTESIAN_POINT('',(-1.9481,0.,-3.3834));
#5170 = VECTOR('',#5171,1.);
#5171 = DIRECTION('',(-1.86592104979E-14,-1.,5.597763149371E-14));
#5172 = ORIENTED_EDGE('',*,*,#5173,.T.);
#5173 = EDGE_CURVE('',#5166,#5125,#5174,.T.);
#5174 = LINE('',#5175,#5176);
#5175 = CARTESIAN_POINT('',(-1.9481,-2.38E-02,-3.3834));
#5176 = VECTOR('',#5177,1.);
#5177 = DIRECTION('',(3.828355257329E-14,0.,1.));
#5178 = ORIENTED_EDGE('',*,*,#5124,.F.);
#5179 = PLANE('',#5180);
#5180 = AXIS2_PLACEMENT_3D('',#5181,#5182,#5183);
#5181 = CARTESIAN_POINT('',(-1.9481,-2.38E-02,3.3776));
#5182 = DIRECTION('',(1.,0.,0.));
#5183 = DIRECTION('',(0.,0.,-1.));
#5184 = ADVANCED_FACE('',(#5185),#5203,.T.);
#5185 = FACE_BOUND('',#5186,.F.);
#5186 = EDGE_LOOP('',(#5187,#5188,#5196,#5202));
#5187 = ORIENTED_EDGE('',*,*,#4615,.T.);
#5188 = ORIENTED_EDGE('',*,*,#5189,.T.);
#5189 = EDGE_CURVE('',#4608,#5190,#5192,.T.);
#5190 = VERTEX_POINT('',#5191);
#5191 = CARTESIAN_POINT('',(-2.6481,-2.38E-02,-3.3834));
#5192 = LINE('',#5193,#5194);
#5193 = CARTESIAN_POINT('',(-2.6481,0.,-3.3834));
#5194 = VECTOR('',#5195,1.);
#5195 = DIRECTION('',(-1.86592104979E-14,-1.,5.597763149371E-14));
#5196 = ORIENTED_EDGE('',*,*,#5197,.T.);
#5197 = EDGE_CURVE('',#5190,#5166,#5198,.T.);
#5198 = LINE('',#5199,#5200);
#5199 = CARTESIAN_POINT('',(-2.6481,-2.38E-02,-3.3834));
#5200 = VECTOR('',#5201,1.);
#5201 = DIRECTION('',(1.,0.,0.));
#5202 = ORIENTED_EDGE('',*,*,#5165,.F.);
#5203 = PLANE('',#5204);
#5204 = AXIS2_PLACEMENT_3D('',#5205,#5206,#5207);
#5205 = CARTESIAN_POINT('',(-1.9481,-2.38E-02,-3.3834));
#5206 = DIRECTION('',(0.,0.,-1.));
#5207 = DIRECTION('',(-1.,0.,0.));
#5208 = ADVANCED_FACE('',(#5209),#5227,.T.);
#5209 = FACE_BOUND('',#5210,.F.);
#5210 = EDGE_LOOP('',(#5211,#5212,#5220,#5226));
#5211 = ORIENTED_EDGE('',*,*,#4607,.T.);
#5212 = ORIENTED_EDGE('',*,*,#5213,.T.);
#5213 = EDGE_CURVE('',#4600,#5214,#5216,.T.);
#5214 = VERTEX_POINT('',#5215);
#5215 = CARTESIAN_POINT('',(-2.6481,-2.38E-02,-3.3776));
#5216 = LINE('',#5217,#5218);
#5217 = CARTESIAN_POINT('',(-2.6481,0.,-3.3776));
#5218 = VECTOR('',#5219,1.);
#5219 = DIRECTION('',(-1.86592104979E-14,-1.,-1.86592104979E-14));
#5220 = ORIENTED_EDGE('',*,*,#5221,.T.);
#5221 = EDGE_CURVE('',#5214,#5190,#5222,.T.);
#5222 = LINE('',#5223,#5224);
#5223 = CARTESIAN_POINT('',(-2.6481,-2.38E-02,-3.3776));
#5224 = VECTOR('',#5225,1.);
#5225 = DIRECTION('',(0.,0.,-1.));
#5226 = ORIENTED_EDGE('',*,*,#5189,.F.);
#5227 = PLANE('',#5228);
#5228 = AXIS2_PLACEMENT_3D('',#5229,#5230,#5231);
#5229 = CARTESIAN_POINT('',(-2.6481,-2.38E-02,-3.3834));
#5230 = DIRECTION('',(-1.,0.,0.));
#5231 = DIRECTION('',(0.,0.,1.));
#5232 = ADVANCED_FACE('',(#5233),#5259,.T.);
#5233 = FACE_BOUND('',#5234,.F.);
#5234 = EDGE_LOOP('',(#5235,#5236,#5237,#5245,#5253));
#5235 = ORIENTED_EDGE('',*,*,#5213,.F.);
#5236 = ORIENTED_EDGE('',*,*,#4599,.F.);
#5237 = ORIENTED_EDGE('',*,*,#5238,.F.);
#5238 = EDGE_CURVE('',#5239,#4592,#5241,.T.);
#5239 = VERTEX_POINT('',#5240);
#5240 = CARTESIAN_POINT('',(-3.3481,-7.5E-02,-3.3776));
#5241 = LINE('',#5242,#5243);
#5242 = CARTESIAN_POINT('',(-3.3481,-7.5E-02,-3.3776));
#5243 = VECTOR('',#5244,1.);
#5244 = DIRECTION('',(0.,1.,0.));
#5245 = ORIENTED_EDGE('',*,*,#5246,.F.);
#5246 = EDGE_CURVE('',#5247,#5239,#5249,.T.);
#5247 = VERTEX_POINT('',#5248);
#5248 = CARTESIAN_POINT('',(-2.6481,-7.5E-02,-3.3776));
#5249 = LINE('',#5250,#5251);
#5250 = CARTESIAN_POINT('',(-2.6481,-7.5E-02,-3.3776));
#5251 = VECTOR('',#5252,1.);
#5252 = DIRECTION('',(-1.,0.,0.));
#5253 = ORIENTED_EDGE('',*,*,#5254,.T.);
#5254 = EDGE_CURVE('',#5247,#5214,#5255,.T.);
#5255 = LINE('',#5256,#5257);
#5256 = CARTESIAN_POINT('',(-2.6481,-7.5E-02,-3.3776));
#5257 = VECTOR('',#5258,1.);
#5258 = DIRECTION('',(0.,1.,0.));
#5259 = PLANE('',#5260);
#5260 = AXIS2_PLACEMENT_3D('',#5261,#5262,#5263);
#5261 = CARTESIAN_POINT('',(-3.3481,0.,-3.3776));
#5262 = DIRECTION('',(0.,0.,-1.));
#5263 = DIRECTION('',(1.,0.,0.));
#5264 = ADVANCED_FACE('',(#5265),#5276,.T.);
#5265 = FACE_BOUND('',#5266,.F.);
#5266 = EDGE_LOOP('',(#5267,#5268,#5269,#5275));
#5267 = ORIENTED_EDGE('',*,*,#4591,.F.);
#5268 = ORIENTED_EDGE('',*,*,#4982,.F.);
#5269 = ORIENTED_EDGE('',*,*,#5270,.F.);
#5270 = EDGE_CURVE('',#5239,#4975,#5271,.T.);
#5271 = LINE('',#5272,#5273);
#5272 = CARTESIAN_POINT('',(-3.3481,-7.5E-02,-3.3776));
#5273 = VECTOR('',#5274,1.);
#5274 = DIRECTION('',(0.,0.,1.));
#5275 = ORIENTED_EDGE('',*,*,#5238,.T.);
#5276 = PLANE('',#5277);
#5277 = AXIS2_PLACEMENT_3D('',#5278,#5279,#5280);
#5278 = CARTESIAN_POINT('',(-3.3481,0.,3.3776));
#5279 = DIRECTION('',(-1.,0.,0.));
#5280 = DIRECTION('',(0.,0.,-1.));
#5281 = ADVANCED_FACE('',(#5282,#5293,#5313),#5333,.T.);
#5282 = FACE_BOUND('',#5283,.F.);
#5283 = EDGE_LOOP('',(#5284,#5285,#5286,#5292));
#5284 = ORIENTED_EDGE('',*,*,#5270,.T.);
#5285 = ORIENTED_EDGE('',*,*,#4974,.T.);
#5286 = ORIENTED_EDGE('',*,*,#5287,.T.);
#5287 = EDGE_CURVE('',#4967,#5247,#5288,.T.);
#5288 = LINE('',#5289,#5290);
#5289 = CARTESIAN_POINT('',(-2.6481,-7.5E-02,3.3776));
#5290 = VECTOR('',#5291,1.);
#5291 = DIRECTION('',(0.,0.,-1.));
#5292 = ORIENTED_EDGE('',*,*,#5246,.T.);
#5293 = FACE_BOUND('',#5294,.F.);
#5294 = EDGE_LOOP('',(#5295,#5306));
#5295 = ORIENTED_EDGE('',*,*,#5296,.T.);
#5296 = EDGE_CURVE('',#5297,#5299,#5301,.T.);
#5297 = VERTEX_POINT('',#5298);
#5298 = CARTESIAN_POINT('',(-2.9659,-7.5E-02,2.0286));
#5299 = VERTEX_POINT('',#5300);
#5300 = CARTESIAN_POINT('',(-3.0289,-7.5E-02,2.0286));
#5301 = CIRCLE('',#5302,3.15E-02);
#5302 = AXIS2_PLACEMENT_3D('',#5303,#5304,#5305);
#5303 = CARTESIAN_POINT('',(-2.9974,-7.5E-02,2.0286));
#5304 = DIRECTION('',(0.,-1.,0.));
#5305 = DIRECTION('',(1.,0.,0.));
#5306 = ORIENTED_EDGE('',*,*,#5307,.T.);
#5307 = EDGE_CURVE('',#5299,#5297,#5308,.T.);
#5308 = CIRCLE('',#5309,3.15E-02);
#5309 = AXIS2_PLACEMENT_3D('',#5310,#5311,#5312);
#5310 = CARTESIAN_POINT('',(-2.9974,-7.5E-02,2.0286));
#5311 = DIRECTION('',(0.,-1.,0.));
#5312 = DIRECTION('',(-1.,0.,0.));
#5313 = FACE_BOUND('',#5314,.F.);
#5314 = EDGE_LOOP('',(#5315,#5326));
#5315 = ORIENTED_EDGE('',*,*,#5316,.T.);
#5316 = EDGE_CURVE('',#5317,#5319,#5321,.T.);
#5317 = VERTEX_POINT('',#5318);
#5318 = CARTESIAN_POINT('',(-2.9659,-7.5E-02,-2.0286));
#5319 = VERTEX_POINT('',#5320);
#5320 = CARTESIAN_POINT('',(-3.0289,-7.5E-02,-2.0286));
#5321 = CIRCLE('',#5322,3.15E-02);
#5322 = AXIS2_PLACEMENT_3D('',#5323,#5324,#5325);
#5323 = CARTESIAN_POINT('',(-2.9974,-7.5E-02,-2.0286));
#5324 = DIRECTION('',(0.,-1.,0.));
#5325 = DIRECTION('',(1.,0.,0.));
#5326 = ORIENTED_EDGE('',*,*,#5327,.T.);
#5327 = EDGE_CURVE('',#5319,#5317,#5328,.T.);
#5328 = CIRCLE('',#5329,3.15E-02);
#5329 = AXIS2_PLACEMENT_3D('',#5330,#5331,#5332);
#5330 = CARTESIAN_POINT('',(-2.9974,-7.5E-02,-2.0286));
#5331 = DIRECTION('',(0.,-1.,0.));
#5332 = DIRECTION('',(-1.,0.,0.));
#5333 = PLANE('',#5334);
#5334 = AXIS2_PLACEMENT_3D('',#5335,#5336,#5337);
#5335 = CARTESIAN_POINT('',(0.,-7.5E-02,0.));
#5336 = DIRECTION('',(0.,-1.,0.));
#5337 = DIRECTION('',(1.,0.,0.));
#5338 = ADVANCED_FACE('',(#5339),#5350,.T.);
#5339 = FACE_BOUND('',#5340,.F.);
#5340 = EDGE_LOOP('',(#5341,#5347,#5348,#5349));
#5341 = ORIENTED_EDGE('',*,*,#5342,.F.);
#5342 = EDGE_CURVE('',#5214,#4959,#5343,.T.);
#5343 = LINE('',#5344,#5345);
#5344 = CARTESIAN_POINT('',(-2.6481,-2.38E-02,-3.3776));
#5345 = VECTOR('',#5346,1.);
#5346 = DIRECTION('',(0.,0.,1.));
#5347 = ORIENTED_EDGE('',*,*,#5254,.F.);
#5348 = ORIENTED_EDGE('',*,*,#5287,.F.);
#5349 = ORIENTED_EDGE('',*,*,#4966,.T.);
#5350 = PLANE('',#5351);
#5351 = AXIS2_PLACEMENT_3D('',#5352,#5353,#5354);
#5352 = CARTESIAN_POINT('',(-2.6481,0.,-3.3776));
#5353 = DIRECTION('',(1.,0.,0.));
#5354 = DIRECTION('',(0.,0.,1.));
#5355 = ADVANCED_FACE('',(#5356),#5369,.F.);
#5356 = FACE_BOUND('',#5357,.F.);
#5357 = EDGE_LOOP('',(#5358,#5359,#5360,#5366,#5367,#5368));
#5358 = ORIENTED_EDGE('',*,*,#5342,.T.);
#5359 = ORIENTED_EDGE('',*,*,#4958,.F.);
#5360 = ORIENTED_EDGE('',*,*,#5361,.T.);
#5361 = EDGE_CURVE('',#4951,#5125,#5362,.T.);
#5362 = LINE('',#5363,#5364);
#5363 = CARTESIAN_POINT('',(-1.9481,-2.38E-02,3.3776));
#5364 = VECTOR('',#5365,1.);
#5365 = DIRECTION('',(0.,0.,-1.));
#5366 = ORIENTED_EDGE('',*,*,#5173,.F.);
#5367 = ORIENTED_EDGE('',*,*,#5197,.F.);
#5368 = ORIENTED_EDGE('',*,*,#5221,.F.);
#5369 = PLANE('',#5370);
#5370 = AXIS2_PLACEMENT_3D('',#5371,#5372,#5373);
#5371 = CARTESIAN_POINT('',(-2.6481,-2.38E-02,3.3776));
#5372 = DIRECTION('',(0.,1.,0.));
#5373 = DIRECTION('',(1.,0.,0.));
#5374 = ADVANCED_FACE('',(#5375),#5386,.T.);
#5375 = FACE_BOUND('',#5376,.F.);
#5376 = EDGE_LOOP('',(#5377,#5378,#5379,#5385));
#5377 = ORIENTED_EDGE('',*,*,#5361,.F.);
#5378 = ORIENTED_EDGE('',*,*,#4950,.F.);
#5379 = ORIENTED_EDGE('',*,*,#5380,.F.);
#5380 = EDGE_CURVE('',#5133,#4943,#5381,.T.);
#5381 = LINE('',#5382,#5383);
#5382 = CARTESIAN_POINT('',(-1.9481,-7.5E-02,-3.3776));
#5383 = VECTOR('',#5384,1.);
#5384 = DIRECTION('',(0.,0.,1.));
#5385 = ORIENTED_EDGE('',*,*,#5132,.T.);
#5386 = PLANE('',#5387);
#5387 = AXIS2_PLACEMENT_3D('',#5388,#5389,#5390);
#5388 = CARTESIAN_POINT('',(-1.9481,0.,3.3776));
#5389 = DIRECTION('',(-1.,0.,0.));
#5390 = DIRECTION('',(0.,0.,-1.));
#5391 = ADVANCED_FACE('',(#5392),#5403,.T.);
#5392 = FACE_BOUND('',#5393,.F.);
#5393 = EDGE_LOOP('',(#5394,#5395,#5396,#5402));
#5394 = ORIENTED_EDGE('',*,*,#5380,.T.);
#5395 = ORIENTED_EDGE('',*,*,#4942,.T.);
#5396 = ORIENTED_EDGE('',*,*,#5397,.T.);
#5397 = EDGE_CURVE('',#4935,#5141,#5398,.T.);
#5398 = LINE('',#5399,#5400);
#5399 = CARTESIAN_POINT('',(1.9481,-7.5E-02,3.3776));
#5400 = VECTOR('',#5401,1.);
#5401 = DIRECTION('',(0.,0.,-1.));
#5402 = ORIENTED_EDGE('',*,*,#5140,.T.);
#5403 = PLANE('',#5404);
#5404 = AXIS2_PLACEMENT_3D('',#5405,#5406,#5407);
#5405 = CARTESIAN_POINT('',(0.,-7.5E-02,0.));
#5406 = DIRECTION('',(0.,-1.,0.));
#5407 = DIRECTION('',(1.,0.,0.));
#5408 = ADVANCED_FACE('',(#5409),#5420,.T.);
#5409 = FACE_BOUND('',#5410,.F.);
#5410 = EDGE_LOOP('',(#5411,#5417,#5418,#5419));
#5411 = ORIENTED_EDGE('',*,*,#5412,.F.);
#5412 = EDGE_CURVE('',#5102,#4927,#5413,.T.);
#5413 = LINE('',#5414,#5415);
#5414 = CARTESIAN_POINT('',(1.9481,-2.38E-02,-3.3776));
#5415 = VECTOR('',#5416,1.);
#5416 = DIRECTION('',(0.,0.,1.));
#5417 = ORIENTED_EDGE('',*,*,#5148,.F.);
#5418 = ORIENTED_EDGE('',*,*,#5397,.F.);
#5419 = ORIENTED_EDGE('',*,*,#4934,.T.);
#5420 = PLANE('',#5421);
#5421 = AXIS2_PLACEMENT_3D('',#5422,#5423,#5424);
#5422 = CARTESIAN_POINT('',(1.9481,0.,-3.3776));
#5423 = DIRECTION('',(1.,0.,0.));
#5424 = DIRECTION('',(0.,0.,1.));
#5425 = ADVANCED_FACE('',(#5426),#5439,.F.);
#5426 = FACE_BOUND('',#5427,.F.);
#5427 = EDGE_LOOP('',(#5428,#5429,#5430,#5436,#5437,#5438));
#5428 = ORIENTED_EDGE('',*,*,#5412,.T.);
#5429 = ORIENTED_EDGE('',*,*,#4926,.F.);
#5430 = ORIENTED_EDGE('',*,*,#5431,.T.);
#5431 = EDGE_CURVE('',#4919,#5021,#5432,.T.);
#5432 = LINE('',#5433,#5434);
#5433 = CARTESIAN_POINT('',(2.6481,-2.38E-02,3.3776));
#5434 = VECTOR('',#5435,1.);
#5435 = DIRECTION('',(0.,0.,-1.));
#5436 = ORIENTED_EDGE('',*,*,#5061,.F.);
#5437 = ORIENTED_EDGE('',*,*,#5085,.F.);
#5438 = ORIENTED_EDGE('',*,*,#5109,.F.);
#5439 = PLANE('',#5440);
#5440 = AXIS2_PLACEMENT_3D('',#5441,#5442,#5443);
#5441 = CARTESIAN_POINT('',(1.9481,-2.38E-02,3.3776));
#5442 = DIRECTION('',(0.,1.,0.));
#5443 = DIRECTION('',(1.,0.,0.));
#5444 = ADVANCED_FACE('',(#5445),#5456,.T.);
#5445 = FACE_BOUND('',#5446,.F.);
#5446 = EDGE_LOOP('',(#5447,#5448,#5449,#5455));
#5447 = ORIENTED_EDGE('',*,*,#5431,.F.);
#5448 = ORIENTED_EDGE('',*,*,#4918,.F.);
#5449 = ORIENTED_EDGE('',*,*,#5450,.F.);
#5450 = EDGE_CURVE('',#5029,#4911,#5451,.T.);
#5451 = LINE('',#5452,#5453);
#5452 = CARTESIAN_POINT('',(2.6481,-7.5E-02,-3.3776));
#5453 = VECTOR('',#5454,1.);
#5454 = DIRECTION('',(0.,0.,1.));
#5455 = ORIENTED_EDGE('',*,*,#5028,.T.);
#5456 = PLANE('',#5457);
#5457 = AXIS2_PLACEMENT_3D('',#5458,#5459,#5460);
#5458 = CARTESIAN_POINT('',(2.6481,0.,3.3776));
#5459 = DIRECTION('',(-1.,0.,0.));
#5460 = DIRECTION('',(0.,0.,-1.));
#5461 = ADVANCED_FACE('',(#5462,#5468,#5488),#5508,.T.);
#5462 = FACE_BOUND('',#5463,.F.);
#5463 = EDGE_LOOP('',(#5464,#5465,#5466,#5467));
#5464 = ORIENTED_EDGE('',*,*,#4910,.T.);
#5465 = ORIENTED_EDGE('',*,*,#5005,.T.);
#5466 = ORIENTED_EDGE('',*,*,#5036,.T.);
#5467 = ORIENTED_EDGE('',*,*,#5450,.T.);
#5468 = FACE_BOUND('',#5469,.F.);
#5469 = EDGE_LOOP('',(#5470,#5481));
#5470 = ORIENTED_EDGE('',*,*,#5471,.T.);
#5471 = EDGE_CURVE('',#5472,#5474,#5476,.T.);
#5472 = VERTEX_POINT('',#5473);
#5473 = CARTESIAN_POINT('',(3.0289,-7.5E-02,-2.0286));
#5474 = VERTEX_POINT('',#5475);
#5475 = CARTESIAN_POINT('',(2.9659,-7.5E-02,-2.0286));
#5476 = CIRCLE('',#5477,3.15E-02);
#5477 = AXIS2_PLACEMENT_3D('',#5478,#5479,#5480);
#5478 = CARTESIAN_POINT('',(2.9974,-7.5E-02,-2.0286));
#5479 = DIRECTION('',(0.,-1.,0.));
#5480 = DIRECTION('',(1.,0.,0.));
#5481 = ORIENTED_EDGE('',*,*,#5482,.T.);
#5482 = EDGE_CURVE('',#5474,#5472,#5483,.T.);
#5483 = CIRCLE('',#5484,3.15E-02);
#5484 = AXIS2_PLACEMENT_3D('',#5485,#5486,#5487);
#5485 = CARTESIAN_POINT('',(2.9974,-7.5E-02,-2.0286));
#5486 = DIRECTION('',(0.,-1.,0.));
#5487 = DIRECTION('',(-1.,0.,0.));
#5488 = FACE_BOUND('',#5489,.F.);
#5489 = EDGE_LOOP('',(#5490,#5501));
#5490 = ORIENTED_EDGE('',*,*,#5491,.T.);
#5491 = EDGE_CURVE('',#5492,#5494,#5496,.T.);
#5492 = VERTEX_POINT('',#5493);
#5493 = CARTESIAN_POINT('',(3.0289,-7.5E-02,2.0286));
#5494 = VERTEX_POINT('',#5495);
#5495 = CARTESIAN_POINT('',(2.9659,-7.5E-02,2.0286));
#5496 = CIRCLE('',#5497,3.15E-02);
#5497 = AXIS2_PLACEMENT_3D('',#5498,#5499,#5500);
#5498 = CARTESIAN_POINT('',(2.9974,-7.5E-02,2.0286));
#5499 = DIRECTION('',(0.,-1.,0.));
#5500 = DIRECTION('',(1.,0.,0.));
#5501 = ORIENTED_EDGE('',*,*,#5502,.T.);
#5502 = EDGE_CURVE('',#5494,#5492,#5503,.T.);
#5503 = CIRCLE('',#5504,3.15E-02);
#5504 = AXIS2_PLACEMENT_3D('',#5505,#5506,#5507);
#5505 = CARTESIAN_POINT('',(2.9974,-7.5E-02,2.0286));
#5506 = DIRECTION('',(0.,-1.,0.));
#5507 = DIRECTION('',(-1.,0.,0.));
#5508 = PLANE('',#5509);
#5509 = AXIS2_PLACEMENT_3D('',#5510,#5511,#5512);
#5510 = CARTESIAN_POINT('',(0.,-7.5E-02,0.));
#5511 = DIRECTION('',(0.,-1.,0.));
#5512 = DIRECTION('',(1.,0.,0.));
#5513 = ADVANCED_FACE('',(#5514),#5540,.F.);
#5514 = FACE_BOUND('',#5515,.F.);
#5515 = EDGE_LOOP('',(#5516,#5527,#5533,#5534));
#5516 = ORIENTED_EDGE('',*,*,#5517,.T.);
#5517 = EDGE_CURVE('',#5518,#5520,#5522,.T.);
#5518 = VERTEX_POINT('',#5519);
#5519 = CARTESIAN_POINT('',(3.0289,-6.328271240363E-14,-2.0286));
#5520 = VERTEX_POINT('',#5521);
#5521 = CARTESIAN_POINT('',(2.9659,-6.328271240363E-14,-2.0286));
#5522 = CIRCLE('',#5523,3.15E-02);
#5523 = AXIS2_PLACEMENT_3D('',#5524,#5525,#5526);
#5524 = CARTESIAN_POINT('',(2.9974,-6.328271240363E-14,-2.0286));
#5525 = DIRECTION('',(0.,-1.,0.));
#5526 = DIRECTION('',(1.,0.,0.));
#5527 = ORIENTED_EDGE('',*,*,#5528,.T.);
#5528 = EDGE_CURVE('',#5520,#5474,#5529,.T.);
#5529 = LINE('',#5530,#5531);
#5530 = CARTESIAN_POINT('',(2.9659,-6.835504384739E-14,-2.0286));
#5531 = VECTOR('',#5532,1.);
#5532 = DIRECTION('',(0.,-1.,0.));
#5533 = ORIENTED_EDGE('',*,*,#5471,.F.);
#5534 = ORIENTED_EDGE('',*,*,#5535,.F.);
#5535 = EDGE_CURVE('',#5518,#5472,#5536,.T.);
#5536 = LINE('',#5537,#5538);
#5537 = CARTESIAN_POINT('',(3.0289,-6.835504384739E-14,-2.0286));
#5538 = VECTOR('',#5539,1.);
#5539 = DIRECTION('',(0.,-1.,0.));
#5540 = CYLINDRICAL_SURFACE('',#5541,3.15E-02);
#5541 = AXIS2_PLACEMENT_3D('',#5542,#5543,#5544);
#5542 = CARTESIAN_POINT('',(2.9974,-7.5E-02,-2.0286));
#5543 = DIRECTION('',(0.,-1.,0.));
#5544 = DIRECTION('',(1.,0.,0.));
#5545 = ADVANCED_FACE('',(#5546),#5572,.F.);
#5546 = FACE_BOUND('',#5547,.F.);
#5547 = EDGE_LOOP('',(#5548,#5559,#5565,#5566));
#5548 = ORIENTED_EDGE('',*,*,#5549,.F.);
#5549 = EDGE_CURVE('',#5550,#5552,#5554,.T.);
#5550 = VERTEX_POINT('',#5551);
#5551 = CARTESIAN_POINT('',(2.9529,0.5,-2.0286));
#5552 = VERTEX_POINT('',#5553);
#5553 = CARTESIAN_POINT('',(3.0419,0.5,-2.0286));
#5554 = CIRCLE('',#5555,4.45E-02);
#5555 = AXIS2_PLACEMENT_3D('',#5556,#5557,#5558);
#5556 = CARTESIAN_POINT('',(2.9974,0.5,-2.0286));
#5557 = DIRECTION('',(0.,1.,0.));
#5558 = DIRECTION('',(-1.,0.,0.));
#5559 = ORIENTED_EDGE('',*,*,#5560,.T.);
#5560 = EDGE_CURVE('',#5550,#5520,#5561,.T.);
#5561 = LINE('',#5562,#5563);
#5562 = CARTESIAN_POINT('',(2.9529,0.5,-2.0286));
#5563 = VECTOR('',#5564,1.);
#5564 = DIRECTION('',(2.5991216453E-02,-0.99966217127,0.));
#5565 = ORIENTED_EDGE('',*,*,#5517,.F.);
#5566 = ORIENTED_EDGE('',*,*,#5567,.F.);
#5567 = EDGE_CURVE('',#5552,#5518,#5568,.T.);
#5568 = LINE('',#5569,#5570);
#5569 = CARTESIAN_POINT('',(3.0419,0.5,-2.0286));
#5570 = VECTOR('',#5571,1.);
#5571 = DIRECTION('',(-2.5991216453E-02,-0.99966217127,0.));
#5572 = CONICAL_SURFACE('',#5573,3.8E-02,2.599414370845E-02);
#5573 = AXIS2_PLACEMENT_3D('',#5574,#5575,#5576);
#5574 = CARTESIAN_POINT('',(2.9974,0.25,-2.0286));
#5575 = DIRECTION('',(0.,1.,0.));
#5576 = DIRECTION('',(-1.,0.,0.));
#5577 = ADVANCED_FACE('',(#5578),#5598,.T.);
#5578 = FACE_BOUND('',#5579,.F.);
#5579 = EDGE_LOOP('',(#5580,#5591));
#5580 = ORIENTED_EDGE('',*,*,#5581,.T.);
#5581 = EDGE_CURVE('',#5582,#5584,#5586,.T.);
#5582 = VERTEX_POINT('',#5583);
#5583 = CARTESIAN_POINT('',(-2.9529,0.5,-2.0286));
#5584 = VERTEX_POINT('',#5585);
#5585 = CARTESIAN_POINT('',(-3.0419,0.5,-2.0286));
#5586 = CIRCLE('',#5587,4.45E-02);
#5587 = AXIS2_PLACEMENT_3D('',#5588,#5589,#5590);
#5588 = CARTESIAN_POINT('',(-2.9974,0.5,-2.0286));
#5589 = DIRECTION('',(-0.,1.,0.));
#5590 = DIRECTION('',(1.,0.,0.));
#5591 = ORIENTED_EDGE('',*,*,#5592,.T.);
#5592 = EDGE_CURVE('',#5584,#5582,#5593,.T.);
#5593 = CIRCLE('',#5594,4.45E-02);
#5594 = AXIS2_PLACEMENT_3D('',#5595,#5596,#5597);
#5595 = CARTESIAN_POINT('',(-2.9974,0.5,-2.0286));
#5596 = DIRECTION('',(0.,1.,0.));
#5597 = DIRECTION('',(-1.,0.,0.));
#5598 = PLANE('',#5599);
#5599 = AXIS2_PLACEMENT_3D('',#5600,#5601,#5602);
#5600 = CARTESIAN_POINT('',(0.,0.5,0.));
#5601 = DIRECTION('',(0.,-1.,0.));
#5602 = DIRECTION('',(0.,0.,-1.));
#5603 = ADVANCED_FACE('',(#5604),#5614,.T.);
#5604 = FACE_BOUND('',#5605,.F.);
#5605 = EDGE_LOOP('',(#5606,#5613));
#5606 = ORIENTED_EDGE('',*,*,#5607,.T.);
#5607 = EDGE_CURVE('',#5552,#5550,#5608,.T.);
#5608 = CIRCLE('',#5609,4.45E-02);
#5609 = AXIS2_PLACEMENT_3D('',#5610,#5611,#5612);
#5610 = CARTESIAN_POINT('',(2.9974,0.5,-2.0286));
#5611 = DIRECTION('',(-0.,1.,0.));
#5612 = DIRECTION('',(1.,0.,0.));
#5613 = ORIENTED_EDGE('',*,*,#5549,.T.);
#5614 = PLANE('',#5615);
#5615 = AXIS2_PLACEMENT_3D('',#5616,#5617,#5618);
#5616 = CARTESIAN_POINT('',(0.,0.5,0.));
#5617 = DIRECTION('',(0.,-1.,0.));
#5618 = DIRECTION('',(0.,0.,-1.));
#5619 = ADVANCED_FACE('',(#5620),#5640,.T.);
#5620 = FACE_BOUND('',#5621,.F.);
#5621 = EDGE_LOOP('',(#5622,#5633));
#5622 = ORIENTED_EDGE('',*,*,#5623,.T.);
#5623 = EDGE_CURVE('',#5624,#5626,#5628,.T.);
#5624 = VERTEX_POINT('',#5625);
#5625 = CARTESIAN_POINT('',(-3.0419,0.5,2.0286));
#5626 = VERTEX_POINT('',#5627);
#5627 = CARTESIAN_POINT('',(-2.9529,0.5,2.0286));
#5628 = CIRCLE('',#5629,4.45E-02);
#5629 = AXIS2_PLACEMENT_3D('',#5630,#5631,#5632);
#5630 = CARTESIAN_POINT('',(-2.9974,0.5,2.0286));
#5631 = DIRECTION('',(0.,1.,0.));
#5632 = DIRECTION('',(-1.,0.,-4.42093303289E-12));
#5633 = ORIENTED_EDGE('',*,*,#5634,.T.);
#5634 = EDGE_CURVE('',#5626,#5624,#5635,.T.);
#5635 = CIRCLE('',#5636,4.45E-02);
#5636 = AXIS2_PLACEMENT_3D('',#5637,#5638,#5639);
#5637 = CARTESIAN_POINT('',(-2.9974,0.5,2.0286));
#5638 = DIRECTION('',(0.,1.,0.));
#5639 = DIRECTION('',(1.,0.,-4.42093303289E-12));
#5640 = PLANE('',#5641);
#5641 = AXIS2_PLACEMENT_3D('',#5642,#5643,#5644);
#5642 = CARTESIAN_POINT('',(0.,0.5,0.));
#5643 = DIRECTION('',(0.,-1.,0.));
#5644 = DIRECTION('',(0.,0.,-1.));
#5645 = ADVANCED_FACE('',(#5646),#5666,.T.);
#5646 = FACE_BOUND('',#5647,.F.);
#5647 = EDGE_LOOP('',(#5648,#5659));
#5648 = ORIENTED_EDGE('',*,*,#5649,.T.);
#5649 = EDGE_CURVE('',#5650,#5652,#5654,.T.);
#5650 = VERTEX_POINT('',#5651);
#5651 = CARTESIAN_POINT('',(2.9529,0.5,2.0286));
#5652 = VERTEX_POINT('',#5653);
#5653 = CARTESIAN_POINT('',(3.0419,0.5,2.0286));
#5654 = CIRCLE('',#5655,4.45E-02);
#5655 = AXIS2_PLACEMENT_3D('',#5656,#5657,#5658);
#5656 = CARTESIAN_POINT('',(2.9974,0.5,2.0286));
#5657 = DIRECTION('',(0.,1.,0.));
#5658 = DIRECTION('',(-1.,0.,-4.42093303289E-12));
#5659 = ORIENTED_EDGE('',*,*,#5660,.T.);
#5660 = EDGE_CURVE('',#5652,#5650,#5661,.T.);
#5661 = CIRCLE('',#5662,4.45E-02);
#5662 = AXIS2_PLACEMENT_3D('',#5663,#5664,#5665);
#5663 = CARTESIAN_POINT('',(2.9974,0.5,2.0286));
#5664 = DIRECTION('',(0.,1.,0.));
#5665 = DIRECTION('',(1.,0.,-4.42093303289E-12));
#5666 = PLANE('',#5667);
#5667 = AXIS2_PLACEMENT_3D('',#5668,#5669,#5670);
#5668 = CARTESIAN_POINT('',(0.,0.5,0.));
#5669 = DIRECTION('',(0.,-1.,0.));
#5670 = DIRECTION('',(0.,0.,-1.));
#5671 = ADVANCED_FACE('',(#5672),#5698,.F.);
#5672 = FACE_BOUND('',#5673,.F.);
#5673 = EDGE_LOOP('',(#5674,#5675,#5683,#5692));
#5674 = ORIENTED_EDGE('',*,*,#5581,.F.);
#5675 = ORIENTED_EDGE('',*,*,#5676,.T.);
#5676 = EDGE_CURVE('',#5582,#5677,#5679,.T.);
#5677 = VERTEX_POINT('',#5678);
#5678 = CARTESIAN_POINT('',(-2.9659,-6.417089082333E-14,-2.0286));
#5679 = LINE('',#5680,#5681);
#5680 = CARTESIAN_POINT('',(-2.9529,0.5,-2.0286));
#5681 = VECTOR('',#5682,1.);
#5682 = DIRECTION('',(-2.5991216453E-02,-0.99966217127,0.));
#5683 = ORIENTED_EDGE('',*,*,#5684,.F.);
#5684 = EDGE_CURVE('',#5685,#5677,#5687,.T.);
#5685 = VERTEX_POINT('',#5686);
#5686 = CARTESIAN_POINT('',(-3.0289,-6.417089082333E-14,-2.0286));
#5687 = CIRCLE('',#5688,3.15E-02);
#5688 = AXIS2_PLACEMENT_3D('',#5689,#5690,#5691);
#5689 = CARTESIAN_POINT('',(-2.9974,-6.328271240363E-14,-2.0286));
#5690 = DIRECTION('',(0.,-1.,0.));
#5691 = DIRECTION('',(-1.,0.,0.));
#5692 = ORIENTED_EDGE('',*,*,#5693,.F.);
#5693 = EDGE_CURVE('',#5584,#5685,#5694,.T.);
#5694 = LINE('',#5695,#5696);
#5695 = CARTESIAN_POINT('',(-3.0419,0.5,-2.0286));
#5696 = VECTOR('',#5697,1.);
#5697 = DIRECTION('',(2.5991216453E-02,-0.99966217127,0.));
#5698 = CONICAL_SURFACE('',#5699,3.8E-02,2.599414370845E-02);
#5699 = AXIS2_PLACEMENT_3D('',#5700,#5701,#5702);
#5700 = CARTESIAN_POINT('',(-2.9974,0.25,-2.0286));
#5701 = DIRECTION('',(0.,1.,0.));
#5702 = DIRECTION('',(1.,0.,0.));
#5703 = ADVANCED_FACE('',(#5704),#5716,.F.);
#5704 = FACE_BOUND('',#5705,.F.);
#5705 = EDGE_LOOP('',(#5706,#5707,#5708,#5715));
#5706 = ORIENTED_EDGE('',*,*,#5592,.F.);
#5707 = ORIENTED_EDGE('',*,*,#5693,.T.);
#5708 = ORIENTED_EDGE('',*,*,#5709,.F.);
#5709 = EDGE_CURVE('',#5677,#5685,#5710,.T.);
#5710 = CIRCLE('',#5711,3.15E-02);
#5711 = AXIS2_PLACEMENT_3D('',#5712,#5713,#5714);
#5712 = CARTESIAN_POINT('',(-2.9974,-6.417089082333E-14,-2.0286));
#5713 = DIRECTION('',(0.,-1.,0.));
#5714 = DIRECTION('',(1.,0.,0.));
#5715 = ORIENTED_EDGE('',*,*,#5676,.F.);
#5716 = CONICAL_SURFACE('',#5717,3.8E-02,2.599414370845E-02);
#5717 = AXIS2_PLACEMENT_3D('',#5718,#5719,#5720);
#5718 = CARTESIAN_POINT('',(-2.9974,0.25,-2.0286));
#5719 = DIRECTION('',(0.,1.,0.));
#5720 = DIRECTION('',(-1.,0.,0.));
#5721 = ADVANCED_FACE('',(#5722),#5738,.F.);
#5722 = FACE_BOUND('',#5723,.F.);
#5723 = EDGE_LOOP('',(#5724,#5725,#5731,#5732));
#5724 = ORIENTED_EDGE('',*,*,#5709,.T.);
#5725 = ORIENTED_EDGE('',*,*,#5726,.T.);
#5726 = EDGE_CURVE('',#5685,#5319,#5727,.T.);
#5727 = LINE('',#5728,#5729);
#5728 = CARTESIAN_POINT('',(-3.0289,-6.835504384739E-14,-2.0286));
#5729 = VECTOR('',#5730,1.);
#5730 = DIRECTION('',(0.,-1.,0.));
#5731 = ORIENTED_EDGE('',*,*,#5316,.F.);
#5732 = ORIENTED_EDGE('',*,*,#5733,.F.);
#5733 = EDGE_CURVE('',#5677,#5317,#5734,.T.);
#5734 = LINE('',#5735,#5736);
#5735 = CARTESIAN_POINT('',(-2.9659,-6.835504384739E-14,-2.0286));
#5736 = VECTOR('',#5737,1.);
#5737 = DIRECTION('',(0.,-1.,0.));
#5738 = CYLINDRICAL_SURFACE('',#5739,3.15E-02);
#5739 = AXIS2_PLACEMENT_3D('',#5740,#5741,#5742);
#5740 = CARTESIAN_POINT('',(-2.9974,-7.5E-02,-2.0286));
#5741 = DIRECTION('',(0.,-1.,0.));
#5742 = DIRECTION('',(1.,0.,0.));
#5743 = ADVANCED_FACE('',(#5744),#5750,.F.);
#5744 = FACE_BOUND('',#5745,.F.);
#5745 = EDGE_LOOP('',(#5746,#5747,#5748,#5749));
#5746 = ORIENTED_EDGE('',*,*,#5684,.T.);
#5747 = ORIENTED_EDGE('',*,*,#5733,.T.);
#5748 = ORIENTED_EDGE('',*,*,#5327,.F.);
#5749 = ORIENTED_EDGE('',*,*,#5726,.F.);
#5750 = CYLINDRICAL_SURFACE('',#5751,3.15E-02);
#5751 = AXIS2_PLACEMENT_3D('',#5752,#5753,#5754);
#5752 = CARTESIAN_POINT('',(-2.9974,-7.5E-02,-2.0286));
#5753 = DIRECTION('',(0.,-1.,0.));
#5754 = DIRECTION('',(1.,0.,0.));
#5755 = ADVANCED_FACE('',(#5756),#5768,.F.);
#5756 = FACE_BOUND('',#5757,.F.);
#5757 = EDGE_LOOP('',(#5758,#5759,#5760,#5767));
#5758 = ORIENTED_EDGE('',*,*,#5607,.F.);
#5759 = ORIENTED_EDGE('',*,*,#5567,.T.);
#5760 = ORIENTED_EDGE('',*,*,#5761,.F.);
#5761 = EDGE_CURVE('',#5520,#5518,#5762,.T.);
#5762 = CIRCLE('',#5763,3.15E-02);
#5763 = AXIS2_PLACEMENT_3D('',#5764,#5765,#5766);
#5764 = CARTESIAN_POINT('',(2.9974,-6.461498003318E-14,-2.0286));
#5765 = DIRECTION('',(0.,-1.,0.));
#5766 = DIRECTION('',(-1.,0.,0.));
#5767 = ORIENTED_EDGE('',*,*,#5560,.F.);
#5768 = CONICAL_SURFACE('',#5769,3.8E-02,2.599414370845E-02);
#5769 = AXIS2_PLACEMENT_3D('',#5770,#5771,#5772);
#5770 = CARTESIAN_POINT('',(2.9974,0.25,-2.0286));
#5771 = DIRECTION('',(0.,1.,0.));
#5772 = DIRECTION('',(1.,0.,0.));
#5773 = ADVANCED_FACE('',(#5774),#5780,.F.);
#5774 = FACE_BOUND('',#5775,.F.);
#5775 = EDGE_LOOP('',(#5776,#5777,#5778,#5779));
#5776 = ORIENTED_EDGE('',*,*,#5761,.T.);
#5777 = ORIENTED_EDGE('',*,*,#5535,.T.);
#5778 = ORIENTED_EDGE('',*,*,#5482,.F.);
#5779 = ORIENTED_EDGE('',*,*,#5528,.F.);
#5780 = CYLINDRICAL_SURFACE('',#5781,3.15E-02);
#5781 = AXIS2_PLACEMENT_3D('',#5782,#5783,#5784);
#5782 = CARTESIAN_POINT('',(2.9974,-7.5E-02,-2.0286));
#5783 = DIRECTION('',(0.,-1.,0.));
#5784 = DIRECTION('',(1.,0.,0.));
#5785 = ADVANCED_FACE('',(#5786),#5812,.F.);
#5786 = FACE_BOUND('',#5787,.F.);
#5787 = EDGE_LOOP('',(#5788,#5789,#5797,#5806));
#5788 = ORIENTED_EDGE('',*,*,#5623,.F.);
#5789 = ORIENTED_EDGE('',*,*,#5790,.T.);
#5790 = EDGE_CURVE('',#5624,#5791,#5793,.T.);
#5791 = VERTEX_POINT('',#5792);
#5792 = CARTESIAN_POINT('',(-3.0289,-6.461498003318E-14,2.0286));
#5793 = LINE('',#5794,#5795);
#5794 = CARTESIAN_POINT('',(-3.041900000001,0.5,2.0286));
#5795 = VECTOR('',#5796,1.);
#5796 = DIRECTION('',(2.599121645502E-02,-0.999662171269,
    1.322938767593E-13));
#5797 = ORIENTED_EDGE('',*,*,#5798,.F.);
#5798 = EDGE_CURVE('',#5799,#5791,#5801,.T.);
#5799 = VERTEX_POINT('',#5800);
#5800 = CARTESIAN_POINT('',(-2.9659,-6.461498003318E-14,2.0286));
#5801 = CIRCLE('',#5802,3.15E-02);
#5802 = AXIS2_PLACEMENT_3D('',#5803,#5804,#5805);
#5803 = CARTESIAN_POINT('',(-2.9974,-6.461498003318E-14,2.0286));
#5804 = DIRECTION('',(0.,-1.,0.));
#5805 = DIRECTION('',(1.,0.,0.));
#5806 = ORIENTED_EDGE('',*,*,#5807,.F.);
#5807 = EDGE_CURVE('',#5626,#5799,#5808,.T.);
#5808 = LINE('',#5809,#5810);
#5809 = CARTESIAN_POINT('',(-2.952899999999,0.5,2.0286));
#5810 = VECTOR('',#5811,1.);
#5811 = DIRECTION('',(-2.599121645502E-02,-0.999662171269,
    1.322938767593E-13));
#5812 = CONICAL_SURFACE('',#5813,3.8E-02,2.599414370845E-02);
#5813 = AXIS2_PLACEMENT_3D('',#5814,#5815,#5816);
#5814 = CARTESIAN_POINT('',(-2.9974,0.25,2.0286));
#5815 = DIRECTION('',(0.,1.,0.));
#5816 = DIRECTION('',(-1.,0.,0.));
#5817 = ADVANCED_FACE('',(#5818),#5830,.F.);
#5818 = FACE_BOUND('',#5819,.F.);
#5819 = EDGE_LOOP('',(#5820,#5821,#5822,#5829));
#5820 = ORIENTED_EDGE('',*,*,#5634,.F.);
#5821 = ORIENTED_EDGE('',*,*,#5807,.T.);
#5822 = ORIENTED_EDGE('',*,*,#5823,.F.);
#5823 = EDGE_CURVE('',#5791,#5799,#5824,.T.);
#5824 = CIRCLE('',#5825,3.15E-02);
#5825 = AXIS2_PLACEMENT_3D('',#5826,#5827,#5828);
#5826 = CARTESIAN_POINT('',(-2.9974,-6.328271240363E-14,2.0286));
#5827 = DIRECTION('',(0.,-1.,0.));
#5828 = DIRECTION('',(-1.,0.,0.));
#5829 = ORIENTED_EDGE('',*,*,#5790,.F.);
#5830 = CONICAL_SURFACE('',#5831,3.8E-02,2.599414370845E-02);
#5831 = AXIS2_PLACEMENT_3D('',#5832,#5833,#5834);
#5832 = CARTESIAN_POINT('',(-2.9974,0.25,2.0286));
#5833 = DIRECTION('',(0.,1.,0.));
#5834 = DIRECTION('',(1.,0.,0.));
#5835 = ADVANCED_FACE('',(#5836),#5852,.F.);
#5836 = FACE_BOUND('',#5837,.F.);
#5837 = EDGE_LOOP('',(#5838,#5839,#5845,#5846));
#5838 = ORIENTED_EDGE('',*,*,#5823,.T.);
#5839 = ORIENTED_EDGE('',*,*,#5840,.T.);
#5840 = EDGE_CURVE('',#5799,#5297,#5841,.T.);
#5841 = LINE('',#5842,#5843);
#5842 = CARTESIAN_POINT('',(-2.9659,-6.835504384739E-14,2.0286));
#5843 = VECTOR('',#5844,1.);
#5844 = DIRECTION('',(0.,-1.,0.));
#5845 = ORIENTED_EDGE('',*,*,#5307,.F.);
#5846 = ORIENTED_EDGE('',*,*,#5847,.F.);
#5847 = EDGE_CURVE('',#5791,#5299,#5848,.T.);
#5848 = LINE('',#5849,#5850);
#5849 = CARTESIAN_POINT('',(-3.0289,-6.835504384739E-14,2.0286));
#5850 = VECTOR('',#5851,1.);
#5851 = DIRECTION('',(0.,-1.,0.));
#5852 = CYLINDRICAL_SURFACE('',#5853,3.15E-02);
#5853 = AXIS2_PLACEMENT_3D('',#5854,#5855,#5856);
#5854 = CARTESIAN_POINT('',(-2.9974,-7.5E-02,2.0286));
#5855 = DIRECTION('',(0.,-1.,0.));
#5856 = DIRECTION('',(1.,0.,0.));
#5857 = ADVANCED_FACE('',(#5858),#5864,.F.);
#5858 = FACE_BOUND('',#5859,.F.);
#5859 = EDGE_LOOP('',(#5860,#5861,#5862,#5863));
#5860 = ORIENTED_EDGE('',*,*,#5798,.T.);
#5861 = ORIENTED_EDGE('',*,*,#5847,.T.);
#5862 = ORIENTED_EDGE('',*,*,#5296,.F.);
#5863 = ORIENTED_EDGE('',*,*,#5840,.F.);
#5864 = CYLINDRICAL_SURFACE('',#5865,3.15E-02);
#5865 = AXIS2_PLACEMENT_3D('',#5866,#5867,#5868);
#5866 = CARTESIAN_POINT('',(-2.9974,-7.5E-02,2.0286));
#5867 = DIRECTION('',(0.,-1.,0.));
#5868 = DIRECTION('',(1.,0.,0.));
#5869 = ADVANCED_FACE('',(#5870),#5896,.F.);
#5870 = FACE_BOUND('',#5871,.F.);
#5871 = EDGE_LOOP('',(#5872,#5873,#5881,#5890));
#5872 = ORIENTED_EDGE('',*,*,#5649,.F.);
#5873 = ORIENTED_EDGE('',*,*,#5874,.T.);
#5874 = EDGE_CURVE('',#5650,#5875,#5877,.T.);
#5875 = VERTEX_POINT('',#5876);
#5876 = CARTESIAN_POINT('',(2.9659,-6.328271240363E-14,2.0286));
#5877 = LINE('',#5878,#5879);
#5878 = CARTESIAN_POINT('',(2.952899999999,0.5,2.0286));
#5879 = VECTOR('',#5880,1.);
#5880 = DIRECTION('',(2.599121645502E-02,-0.999662171269,
    1.322938767593E-13));
#5881 = ORIENTED_EDGE('',*,*,#5882,.F.);
#5882 = EDGE_CURVE('',#5883,#5875,#5885,.T.);
#5883 = VERTEX_POINT('',#5884);
#5884 = CARTESIAN_POINT('',(3.0289,-6.328271240363E-14,2.0286));
#5885 = CIRCLE('',#5886,3.15E-02);
#5886 = AXIS2_PLACEMENT_3D('',#5887,#5888,#5889);
#5887 = CARTESIAN_POINT('',(2.9974,-6.328271240363E-14,2.0286));
#5888 = DIRECTION('',(0.,-1.,0.));
#5889 = DIRECTION('',(1.,0.,0.));
#5890 = ORIENTED_EDGE('',*,*,#5891,.F.);
#5891 = EDGE_CURVE('',#5652,#5883,#5892,.T.);
#5892 = LINE('',#5893,#5894);
#5893 = CARTESIAN_POINT('',(3.041900000001,0.5,2.0286));
#5894 = VECTOR('',#5895,1.);
#5895 = DIRECTION('',(-2.599121645502E-02,-0.999662171269,
    1.322938767593E-13));
#5896 = CONICAL_SURFACE('',#5897,3.8E-02,2.599414370845E-02);
#5897 = AXIS2_PLACEMENT_3D('',#5898,#5899,#5900);
#5898 = CARTESIAN_POINT('',(2.9974,0.25,2.0286));
#5899 = DIRECTION('',(0.,1.,0.));
#5900 = DIRECTION('',(-1.,0.,0.));
#5901 = ADVANCED_FACE('',(#5902),#5914,.F.);
#5902 = FACE_BOUND('',#5903,.F.);
#5903 = EDGE_LOOP('',(#5904,#5905,#5906,#5913));
#5904 = ORIENTED_EDGE('',*,*,#5660,.F.);
#5905 = ORIENTED_EDGE('',*,*,#5891,.T.);
#5906 = ORIENTED_EDGE('',*,*,#5907,.F.);
#5907 = EDGE_CURVE('',#5875,#5883,#5908,.T.);
#5908 = CIRCLE('',#5909,3.15E-02);
#5909 = AXIS2_PLACEMENT_3D('',#5910,#5911,#5912);
#5910 = CARTESIAN_POINT('',(2.9974,-6.417089082333E-14,2.0286));
#5911 = DIRECTION('',(0.,-1.,0.));
#5912 = DIRECTION('',(-1.,0.,0.));
#5913 = ORIENTED_EDGE('',*,*,#5874,.F.);
#5914 = CONICAL_SURFACE('',#5915,3.8E-02,2.599414370845E-02);
#5915 = AXIS2_PLACEMENT_3D('',#5916,#5917,#5918);
#5916 = CARTESIAN_POINT('',(2.9974,0.25,2.0286));
#5917 = DIRECTION('',(0.,1.,0.));
#5918 = DIRECTION('',(1.,0.,0.));
#5919 = ADVANCED_FACE('',(#5920),#5936,.F.);
#5920 = FACE_BOUND('',#5921,.F.);
#5921 = EDGE_LOOP('',(#5922,#5923,#5929,#5930));
#5922 = ORIENTED_EDGE('',*,*,#5907,.T.);
#5923 = ORIENTED_EDGE('',*,*,#5924,.T.);
#5924 = EDGE_CURVE('',#5883,#5492,#5925,.T.);
#5925 = LINE('',#5926,#5927);
#5926 = CARTESIAN_POINT('',(3.0289,-6.835504384739E-14,2.0286));
#5927 = VECTOR('',#5928,1.);
#5928 = DIRECTION('',(0.,-1.,0.));
#5929 = ORIENTED_EDGE('',*,*,#5502,.F.);
#5930 = ORIENTED_EDGE('',*,*,#5931,.F.);
#5931 = EDGE_CURVE('',#5875,#5494,#5932,.T.);
#5932 = LINE('',#5933,#5934);
#5933 = CARTESIAN_POINT('',(2.9659,-6.835504384739E-14,2.0286));
#5934 = VECTOR('',#5935,1.);
#5935 = DIRECTION('',(0.,-1.,0.));
#5936 = CYLINDRICAL_SURFACE('',#5937,3.15E-02);
#5937 = AXIS2_PLACEMENT_3D('',#5938,#5939,#5940);
#5938 = CARTESIAN_POINT('',(2.9974,-7.5E-02,2.0286));
#5939 = DIRECTION('',(0.,-1.,0.));
#5940 = DIRECTION('',(1.,0.,0.));
#5941 = ADVANCED_FACE('',(#5942),#5948,.F.);
#5942 = FACE_BOUND('',#5943,.F.);
#5943 = EDGE_LOOP('',(#5944,#5945,#5946,#5947));
#5944 = ORIENTED_EDGE('',*,*,#5882,.T.);
#5945 = ORIENTED_EDGE('',*,*,#5931,.T.);
#5946 = ORIENTED_EDGE('',*,*,#5491,.F.);
#5947 = ORIENTED_EDGE('',*,*,#5924,.F.);
#5948 = CYLINDRICAL_SURFACE('',#5949,3.15E-02);
#5949 = AXIS2_PLACEMENT_3D('',#5950,#5951,#5952);
#5950 = CARTESIAN_POINT('',(2.9974,-7.5E-02,2.0286));
#5951 = DIRECTION('',(0.,-1.,0.));
#5952 = DIRECTION('',(1.,0.,0.));
#5953 = ( GEOMETRIC_REPRESENTATION_CONTEXT(3) 
GLOBAL_UNCERTAINTY_ASSIGNED_CONTEXT((#5957)) 
GLOBAL_UNIT_ASSIGNED_CONTEXT((#5954,#5955,#5956)) REPRESENTATION_CONTEXT
('Context #1','3D Context with UNIT and UNCERTAINTY') );
#5954 = ( LENGTH_UNIT() NAMED_UNIT(*) SI_UNIT(.MILLI.,.METRE.) );
#5955 = ( NAMED_UNIT(*) PLANE_ANGLE_UNIT() SI_UNIT($,.RADIAN.) );
#5956 = ( NAMED_UNIT(*) SI_UNIT($,.STERADIAN.) SOLID_ANGLE_UNIT() );
#5957 = UNCERTAINTY_MEASURE_WITH_UNIT(LENGTH_MEASURE(1.E-07),#5954,
  'distance_accuracy_value','confusion accuracy');
#5958 = SHAPE_DEFINITION_REPRESENTATION(#5959,#4540);
#5959 = PRODUCT_DEFINITION_SHAPE('','',#5960);
#5960 = PRODUCT_DEFINITION('design','',#5961,#5964);
#5961 = PRODUCT_DEFINITION_FORMATION('','',#5962);
#5962 = PRODUCT('MKR_3D','MKR_3D','',(#5963));
#5963 = PRODUCT_CONTEXT('',#2,'mechanical');
#5964 = PRODUCT_DEFINITION_CONTEXT('part definition',#2,'design');
#5965 = CONTEXT_DEPENDENT_SHAPE_REPRESENTATION(#5966,#5968);
#5966 = ( REPRESENTATION_RELATIONSHIP('','',#4540,#4530) 
REPRESENTATION_RELATIONSHIP_WITH_TRANSFORMATION(#5967) 
SHAPE_REPRESENTATION_RELATIONSHIP() );
#5967 = ITEM_DEFINED_TRANSFORMATION('','',#11,#4531);
#5968 = PRODUCT_DEFINITION_SHAPE('Placement','Placement of an item',
  #5969);
#5969 = NEXT_ASSEMBLY_USAGE_OCCURRENCE('19','','',#4525,#5960,$);
#5970 = PRODUCT_RELATED_PRODUCT_CATEGORY('part',$,(#5962));
#5971 = CONTEXT_DEPENDENT_SHAPE_REPRESENTATION(#5972,#5974);
#5972 = ( REPRESENTATION_RELATIONSHIP('','',#4530,#10) 
REPRESENTATION_RELATIONSHIP_WITH_TRANSFORMATION(#5973) 
SHAPE_REPRESENTATION_RELATIONSHIP() );
#5973 = ITEM_DEFINED_TRANSFORMATION('','',#11,#35);
#5974 = PRODUCT_DEFINITION_SHAPE('Placement','Placement of an item',
  #5975);
#5975 = NEXT_ASSEMBLY_USAGE_OCCURRENCE('20','','',#5,#4525,$);
#5976 = PRODUCT_RELATED_PRODUCT_CATEGORY('part',$,(#4527));
#5977 = SHAPE_DEFINITION_REPRESENTATION(#5978,#5984);
#5978 = PRODUCT_DEFINITION_SHAPE('','',#5979);
#5979 = PRODUCT_DEFINITION('design','',#5980,#5983);
#5980 = PRODUCT_DEFINITION_FORMATION('','',#5981);
#5981 = PRODUCT('D1','D1','',(#5982));
#5982 = PRODUCT_CONTEXT('',#2,'mechanical');
#5983 = PRODUCT_DEFINITION_CONTEXT('part definition',#2,'design');
#5984 = SHAPE_REPRESENTATION('',(#11,#5985),#5989);
#5985 = AXIS2_PLACEMENT_3D('',#5986,#5987,#5988);
#5986 = CARTESIAN_POINT('',(44.450041564941,38.735079559326,
    8.770107477903E-02));
#5987 = DIRECTION('',(-8.742277657348E-08,1.,-4.371140912996E-08));
#5988 = DIRECTION('',(-1.,-8.742277657348E-08,9.466853158302E-31));
#5989 = ( GEOMETRIC_REPRESENTATION_CONTEXT(3) 
GLOBAL_UNCERTAINTY_ASSIGNED_CONTEXT((#5993)) 
GLOBAL_UNIT_ASSIGNED_CONTEXT((#5990,#5991,#5992)) REPRESENTATION_CONTEXT
('Context #1','3D Context with UNIT and UNCERTAINTY') );
#5990 = ( LENGTH_UNIT() NAMED_UNIT(*) SI_UNIT(.MILLI.,.METRE.) );
#5991 = ( NAMED_UNIT(*) PLANE_ANGLE_UNIT() SI_UNIT($,.RADIAN.) );
#5992 = ( NAMED_UNIT(*) SI_UNIT($,.STERADIAN.) SOLID_ANGLE_UNIT() );
#5993 = UNCERTAINTY_MEASURE_WITH_UNIT(LENGTH_MEASURE(1.E-07),#5990,
  'distance_accuracy_value','confusion accuracy');
#5994 = CONTEXT_DEPENDENT_SHAPE_REPRESENTATION(#5995,#5997);
#5995 = ( REPRESENTATION_RELATIONSHIP('','',#4540,#5984) 
REPRESENTATION_RELATIONSHIP_WITH_TRANSFORMATION(#5996) 
SHAPE_REPRESENTATION_RELATIONSHIP() );
#5996 = ITEM_DEFINED_TRANSFORMATION('','',#11,#5985);
#5997 = PRODUCT_DEFINITION_SHAPE('Placement','Placement of an item',
  #5998);
#5998 = NEXT_ASSEMBLY_USAGE_OCCURRENCE('21','','',#5979,#5960,$);
#5999 = CONTEXT_DEPENDENT_SHAPE_REPRESENTATION(#6000,#6002);
#6000 = ( REPRESENTATION_RELATIONSHIP('','',#5984,#10) 
REPRESENTATION_RELATIONSHIP_WITH_TRANSFORMATION(#6001) 
SHAPE_REPRESENTATION_RELATIONSHIP() );
#6001 = ITEM_DEFINED_TRANSFORMATION('','',#11,#39);
#6002 = PRODUCT_DEFINITION_SHAPE('Placement','Placement of an item',
  #6003);
#6003 = NEXT_ASSEMBLY_USAGE_OCCURRENCE('22','','',#5,#5979,$);
#6004 = PRODUCT_RELATED_PRODUCT_CATEGORY('part',$,(#5981));
#6005 = SHAPE_DEFINITION_REPRESENTATION(#6006,#6012);
#6006 = PRODUCT_DEFINITION_SHAPE('','',#6007);
#6007 = PRODUCT_DEFINITION('design','',#6008,#6011);
#6008 = PRODUCT_DEFINITION_FORMATION('','',#6009);
#6009 = PRODUCT('C5','C5','',(#6010));
#6010 = PRODUCT_CONTEXT('',#2,'mechanical');
#6011 = PRODUCT_DEFINITION_CONTEXT('part definition',#2,'design');
#6012 = SHAPE_REPRESENTATION('',(#11,#6013),#6017);
#6013 = AXIS2_PLACEMENT_3D('',#6014,#6015,#6016);
#6014 = CARTESIAN_POINT('',(11.430000099182,15.151100906372,0.));
#6015 = DIRECTION('',(0.,0.,1.));
#6016 = DIRECTION('',(1.,0.,0.));
#6017 = ( GEOMETRIC_REPRESENTATION_CONTEXT(3) 
GLOBAL_UNCERTAINTY_ASSIGNED_CONTEXT((#6021)) 
GLOBAL_UNIT_ASSIGNED_CONTEXT((#6018,#6019,#6020)) REPRESENTATION_CONTEXT
('Context #1','3D Context with UNIT and UNCERTAINTY') );
#6018 = ( LENGTH_UNIT() NAMED_UNIT(*) SI_UNIT(.MILLI.,.METRE.) );
#6019 = ( NAMED_UNIT(*) PLANE_ANGLE_UNIT() SI_UNIT($,.RADIAN.) );
#6020 = ( NAMED_UNIT(*) SI_UNIT($,.STERADIAN.) SOLID_ANGLE_UNIT() );
#6021 = UNCERTAINTY_MEASURE_WITH_UNIT(LENGTH_MEASURE(1.E-07),#6018,
  'distance_accuracy_value','confusion accuracy');
#6022 = SHAPE_DEFINITION_REPRESENTATION(#6023,#6029);
#6023 = PRODUCT_DEFINITION_SHAPE('','',#6024);
#6024 = PRODUCT_DEFINITION('design','',#6025,#6028);
#6025 = PRODUCT_DEFINITION_FORMATION('','',#6026);
#6026 = PRODUCT('6503685280','6503685280','',(#6027));
#6027 = PRODUCT_CONTEXT('',#2,'mechanical');
#6028 = PRODUCT_DEFINITION_CONTEXT('part definition',#2,'design');
#6029 = SHAPE_REPRESENTATION('',(#11,#6030),#6034);
#6030 = AXIS2_PLACEMENT_3D('',#6031,#6032,#6033);
#6031 = CARTESIAN_POINT('',(0.,0.,0.));
#6032 = DIRECTION('',(0.,0.,1.));
#6033 = DIRECTION('',(1.,0.,0.));
#6034 = ( GEOMETRIC_REPRESENTATION_CONTEXT(3) 
GLOBAL_UNCERTAINTY_ASSIGNED_CONTEXT((#6038)) 
GLOBAL_UNIT_ASSIGNED_CONTEXT((#6035,#6036,#6037)) REPRESENTATION_CONTEXT
('Context #1','3D Context with UNIT and UNCERTAINTY') );
#6035 = ( LENGTH_UNIT() NAMED_UNIT(*) SI_UNIT(.MILLI.,.METRE.) );
#6036 = ( NAMED_UNIT(*) PLANE_ANGLE_UNIT() SI_UNIT($,.RADIAN.) );
#6037 = ( NAMED_UNIT(*) SI_UNIT($,.STERADIAN.) SOLID_ANGLE_UNIT() );
#6038 = UNCERTAINTY_MEASURE_WITH_UNIT(LENGTH_MEASURE(1.E-07),#6035,
  'distance_accuracy_value','confusion accuracy');
#6039 = ADVANCED_BREP_SHAPE_REPRESENTATION('',(#11,#6040),#6190);
#6040 = MANIFOLD_SOLID_BREP('',#6041);
#6041 = CLOSED_SHELL('',(#6042,#6082,#6113,#6144,#6166,#6178));
#6042 = ADVANCED_FACE('',(#6043),#6077,.F.);
#6043 = FACE_BOUND('',#6044,.F.);
#6044 = EDGE_LOOP('',(#6045,#6055,#6063,#6071));
#6045 = ORIENTED_EDGE('',*,*,#6046,.T.);
#6046 = EDGE_CURVE('',#6047,#6049,#6051,.T.);
#6047 = VERTEX_POINT('',#6048);
#6048 = CARTESIAN_POINT('',(-0.70000114,1.07499912,0.));
#6049 = VERTEX_POINT('',#6050);
#6050 = CARTESIAN_POINT('',(-0.70000114,1.07499912,0.70000114));
#6051 = LINE('',#6052,#6053);
#6052 = CARTESIAN_POINT('',(-0.70000114,1.07499912,0.));
#6053 = VECTOR('',#6054,1.);
#6054 = DIRECTION('',(0.,0.,1.));
#6055 = ORIENTED_EDGE('',*,*,#6056,.T.);
#6056 = EDGE_CURVE('',#6049,#6057,#6059,.T.);
#6057 = VERTEX_POINT('',#6058);
#6058 = CARTESIAN_POINT('',(-0.70000114,-1.07499912,0.70000114));
#6059 = LINE('',#6060,#6061);
#6060 = CARTESIAN_POINT('',(-0.70000114,1.07499912,0.70000114));
#6061 = VECTOR('',#6062,1.);
#6062 = DIRECTION('',(0.,-1.,0.));
#6063 = ORIENTED_EDGE('',*,*,#6064,.F.);
#6064 = EDGE_CURVE('',#6065,#6057,#6067,.T.);
#6065 = VERTEX_POINT('',#6066);
#6066 = CARTESIAN_POINT('',(-0.70000114,-1.07499912,0.));
#6067 = LINE('',#6068,#6069);
#6068 = CARTESIAN_POINT('',(-0.70000114,-1.07499912,0.));
#6069 = VECTOR('',#6070,1.);
#6070 = DIRECTION('',(0.,0.,1.));
#6071 = ORIENTED_EDGE('',*,*,#6072,.F.);
#6072 = EDGE_CURVE('',#6047,#6065,#6073,.T.);
#6073 = LINE('',#6074,#6075);
#6074 = CARTESIAN_POINT('',(-0.70000114,1.07499912,0.));
#6075 = VECTOR('',#6076,1.);
#6076 = DIRECTION('',(0.,-1.,0.));
#6077 = PLANE('',#6078);
#6078 = AXIS2_PLACEMENT_3D('',#6079,#6080,#6081);
#6079 = CARTESIAN_POINT('',(-0.70000114,1.07499912,0.));
#6080 = DIRECTION('',(1.,0.,-0.));
#6081 = DIRECTION('',(0.,-1.,0.));
#6082 = ADVANCED_FACE('',(#6083),#6108,.F.);
#6083 = FACE_BOUND('',#6084,.F.);
#6084 = EDGE_LOOP('',(#6085,#6086,#6094,#6102));
#6085 = ORIENTED_EDGE('',*,*,#6064,.T.);
#6086 = ORIENTED_EDGE('',*,*,#6087,.T.);
#6087 = EDGE_CURVE('',#6057,#6088,#6090,.T.);
#6088 = VERTEX_POINT('',#6089);
#6089 = CARTESIAN_POINT('',(0.70000114,-1.07499912,0.70000114));
#6090 = LINE('',#6091,#6092);
#6091 = CARTESIAN_POINT('',(-0.70000114,-1.07499912,0.70000114));
#6092 = VECTOR('',#6093,1.);
#6093 = DIRECTION('',(1.,0.,0.));
#6094 = ORIENTED_EDGE('',*,*,#6095,.F.);
#6095 = EDGE_CURVE('',#6096,#6088,#6098,.T.);
#6096 = VERTEX_POINT('',#6097);
#6097 = CARTESIAN_POINT('',(0.70000114,-1.07499912,0.));
#6098 = LINE('',#6099,#6100);
#6099 = CARTESIAN_POINT('',(0.70000114,-1.07499912,0.));
#6100 = VECTOR('',#6101,1.);
#6101 = DIRECTION('',(0.,0.,1.));
#6102 = ORIENTED_EDGE('',*,*,#6103,.F.);
#6103 = EDGE_CURVE('',#6065,#6096,#6104,.T.);
#6104 = LINE('',#6105,#6106);
#6105 = CARTESIAN_POINT('',(-0.70000114,-1.07499912,0.));
#6106 = VECTOR('',#6107,1.);
#6107 = DIRECTION('',(1.,0.,0.));
#6108 = PLANE('',#6109);
#6109 = AXIS2_PLACEMENT_3D('',#6110,#6111,#6112);
#6110 = CARTESIAN_POINT('',(-0.70000114,-1.07499912,0.));
#6111 = DIRECTION('',(0.,1.,0.));
#6112 = DIRECTION('',(1.,0.,0.));
#6113 = ADVANCED_FACE('',(#6114),#6139,.F.);
#6114 = FACE_BOUND('',#6115,.F.);
#6115 = EDGE_LOOP('',(#6116,#6117,#6125,#6133));
#6116 = ORIENTED_EDGE('',*,*,#6095,.T.);
#6117 = ORIENTED_EDGE('',*,*,#6118,.T.);
#6118 = EDGE_CURVE('',#6088,#6119,#6121,.T.);
#6119 = VERTEX_POINT('',#6120);
#6120 = CARTESIAN_POINT('',(0.70000114,1.07499912,0.70000114));
#6121 = LINE('',#6122,#6123);
#6122 = CARTESIAN_POINT('',(0.70000114,-1.07499912,0.70000114));
#6123 = VECTOR('',#6124,1.);
#6124 = DIRECTION('',(0.,1.,0.));
#6125 = ORIENTED_EDGE('',*,*,#6126,.F.);
#6126 = EDGE_CURVE('',#6127,#6119,#6129,.T.);
#6127 = VERTEX_POINT('',#6128);
#6128 = CARTESIAN_POINT('',(0.70000114,1.07499912,0.));
#6129 = LINE('',#6130,#6131);
#6130 = CARTESIAN_POINT('',(0.70000114,1.07499912,0.));
#6131 = VECTOR('',#6132,1.);
#6132 = DIRECTION('',(0.,0.,1.));
#6133 = ORIENTED_EDGE('',*,*,#6134,.F.);
#6134 = EDGE_CURVE('',#6096,#6127,#6135,.T.);
#6135 = LINE('',#6136,#6137);
#6136 = CARTESIAN_POINT('',(0.70000114,-1.07499912,0.));
#6137 = VECTOR('',#6138,1.);
#6138 = DIRECTION('',(0.,1.,0.));
#6139 = PLANE('',#6140);
#6140 = AXIS2_PLACEMENT_3D('',#6141,#6142,#6143);
#6141 = CARTESIAN_POINT('',(0.70000114,-1.07499912,0.));
#6142 = DIRECTION('',(-1.,0.,0.));
#6143 = DIRECTION('',(0.,1.,0.));
#6144 = ADVANCED_FACE('',(#6145),#6161,.F.);
#6145 = FACE_BOUND('',#6146,.F.);
#6146 = EDGE_LOOP('',(#6147,#6148,#6154,#6155));
#6147 = ORIENTED_EDGE('',*,*,#6126,.T.);
#6148 = ORIENTED_EDGE('',*,*,#6149,.T.);
#6149 = EDGE_CURVE('',#6119,#6049,#6150,.T.);
#6150 = LINE('',#6151,#6152);
#6151 = CARTESIAN_POINT('',(0.70000114,1.07499912,0.70000114));
#6152 = VECTOR('',#6153,1.);
#6153 = DIRECTION('',(-1.,0.,0.));
#6154 = ORIENTED_EDGE('',*,*,#6046,.F.);
#6155 = ORIENTED_EDGE('',*,*,#6156,.F.);
#6156 = EDGE_CURVE('',#6127,#6047,#6157,.T.);
#6157 = LINE('',#6158,#6159);
#6158 = CARTESIAN_POINT('',(0.70000114,1.07499912,0.));
#6159 = VECTOR('',#6160,1.);
#6160 = DIRECTION('',(-1.,0.,0.));
#6161 = PLANE('',#6162);
#6162 = AXIS2_PLACEMENT_3D('',#6163,#6164,#6165);
#6163 = CARTESIAN_POINT('',(0.70000114,1.07499912,0.));
#6164 = DIRECTION('',(0.,-1.,0.));
#6165 = DIRECTION('',(-1.,0.,0.));
#6166 = ADVANCED_FACE('',(#6167),#6173,.F.);
#6167 = FACE_BOUND('',#6168,.F.);
#6168 = EDGE_LOOP('',(#6169,#6170,#6171,#6172));
#6169 = ORIENTED_EDGE('',*,*,#6072,.T.);
#6170 = ORIENTED_EDGE('',*,*,#6103,.T.);
#6171 = ORIENTED_EDGE('',*,*,#6134,.T.);
#6172 = ORIENTED_EDGE('',*,*,#6156,.T.);
#6173 = PLANE('',#6174);
#6174 = AXIS2_PLACEMENT_3D('',#6175,#6176,#6177);
#6175 = CARTESIAN_POINT('',(0.,-1.782611355889E-15,0.));
#6176 = DIRECTION('',(0.,0.,1.));
#6177 = DIRECTION('',(1.,0.,-0.));
#6178 = ADVANCED_FACE('',(#6179),#6185,.T.);
#6179 = FACE_BOUND('',#6180,.T.);
#6180 = EDGE_LOOP('',(#6181,#6182,#6183,#6184));
#6181 = ORIENTED_EDGE('',*,*,#6056,.T.);
#6182 = ORIENTED_EDGE('',*,*,#6087,.T.);
#6183 = ORIENTED_EDGE('',*,*,#6118,.T.);
#6184 = ORIENTED_EDGE('',*,*,#6149,.T.);
#6185 = PLANE('',#6186);
#6186 = AXIS2_PLACEMENT_3D('',#6187,#6188,#6189);
#6187 = CARTESIAN_POINT('',(0.,-1.782611355889E-15,0.70000114));
#6188 = DIRECTION('',(0.,0.,1.));
#6189 = DIRECTION('',(1.,0.,-0.));
#6190 = ( GEOMETRIC_REPRESENTATION_CONTEXT(3) 
GLOBAL_UNCERTAINTY_ASSIGNED_CONTEXT((#6194)) 
GLOBAL_UNIT_ASSIGNED_CONTEXT((#6191,#6192,#6193)) REPRESENTATION_CONTEXT
('Context #1','3D Context with UNIT and UNCERTAINTY') );
#6191 = ( LENGTH_UNIT() NAMED_UNIT(*) SI_UNIT(.MILLI.,.METRE.) );
#6192 = ( NAMED_UNIT(*) PLANE_ANGLE_UNIT() SI_UNIT($,.RADIAN.) );
#6193 = ( NAMED_UNIT(*) SI_UNIT($,.STERADIAN.) SOLID_ANGLE_UNIT() );
#6194 = UNCERTAINTY_MEASURE_WITH_UNIT(LENGTH_MEASURE(1.E-07),#6191,
  'distance_accuracy_value','confusion accuracy');
#6195 = SHAPE_DEFINITION_REPRESENTATION(#6196,#6039);
#6196 = PRODUCT_DEFINITION_SHAPE('','',#6197);
#6197 = PRODUCT_DEFINITION('design','',#6198,#6201);
#6198 = PRODUCT_DEFINITION_FORMATION('','',#6199);
#6199 = PRODUCT('Extruded','Extruded','',(#6200));
#6200 = PRODUCT_CONTEXT('',#2,'mechanical');
#6201 = PRODUCT_DEFINITION_CONTEXT('part definition',#2,'design');
#6202 = CONTEXT_DEPENDENT_SHAPE_REPRESENTATION(#6203,#6205);
#6203 = ( REPRESENTATION_RELATIONSHIP('','',#6039,#6029) 
REPRESENTATION_RELATIONSHIP_WITH_TRANSFORMATION(#6204) 
SHAPE_REPRESENTATION_RELATIONSHIP() );
#6204 = ITEM_DEFINED_TRANSFORMATION('','',#11,#6030);
#6205 = PRODUCT_DEFINITION_SHAPE('Placement','Placement of an item',
  #6206);
#6206 = NEXT_ASSEMBLY_USAGE_OCCURRENCE('23','1','',#6024,#6197,$);
#6207 = PRODUCT_RELATED_PRODUCT_CATEGORY('part',$,(#6199));
#6208 = CONTEXT_DEPENDENT_SHAPE_REPRESENTATION(#6209,#6211);
#6209 = ( REPRESENTATION_RELATIONSHIP('','',#6029,#6012) 
REPRESENTATION_RELATIONSHIP_WITH_TRANSFORMATION(#6210) 
SHAPE_REPRESENTATION_RELATIONSHIP() );
#6210 = ITEM_DEFINED_TRANSFORMATION('','',#11,#6013);
#6211 = PRODUCT_DEFINITION_SHAPE('Placement','Placement of an item',
  #6212);
#6212 = NEXT_ASSEMBLY_USAGE_OCCURRENCE('24','','',#6007,#6024,$);
#6213 = PRODUCT_RELATED_PRODUCT_CATEGORY('part',$,(#6026));
#6214 = CONTEXT_DEPENDENT_SHAPE_REPRESENTATION(#6215,#6217);
#6215 = ( REPRESENTATION_RELATIONSHIP('','',#6012,#10) 
REPRESENTATION_RELATIONSHIP_WITH_TRANSFORMATION(#6216) 
SHAPE_REPRESENTATION_RELATIONSHIP() );
#6216 = ITEM_DEFINED_TRANSFORMATION('','',#11,#43);
#6217 = PRODUCT_DEFINITION_SHAPE('Placement','Placement of an item',
  #6218);
#6218 = NEXT_ASSEMBLY_USAGE_OCCURRENCE('25','','',#5,#6007,$);
#6219 = PRODUCT_RELATED_PRODUCT_CATEGORY('part',$,(#6009));
#6220 = SHAPE_DEFINITION_REPRESENTATION(#6221,#6227);
#6221 = PRODUCT_DEFINITION_SHAPE('','',#6222);
#6222 = PRODUCT_DEFINITION('design','',#6223,#6226);
#6223 = PRODUCT_DEFINITION_FORMATION('','',#6224);
#6224 = PRODUCT('C4','C4','',(#6225));
#6225 = PRODUCT_CONTEXT('',#2,'mechanical');
#6226 = PRODUCT_DEFINITION_CONTEXT('part definition',#2,'design');
#6227 = SHAPE_REPRESENTATION('',(#11,#6228),#6232);
#6228 = AXIS2_PLACEMENT_3D('',#6229,#6230,#6231);
#6229 = CARTESIAN_POINT('',(8.890000137329,15.151100906372,0.));
#6230 = DIRECTION('',(0.,0.,1.));
#6231 = DIRECTION('',(1.,0.,0.));
#6232 = ( GEOMETRIC_REPRESENTATION_CONTEXT(3) 
GLOBAL_UNCERTAINTY_ASSIGNED_CONTEXT((#6236)) 
GLOBAL_UNIT_ASSIGNED_CONTEXT((#6233,#6234,#6235)) REPRESENTATION_CONTEXT
('Context #1','3D Context with UNIT and UNCERTAINTY') );
#6233 = ( LENGTH_UNIT() NAMED_UNIT(*) SI_UNIT(.MILLI.,.METRE.) );
#6234 = ( NAMED_UNIT(*) PLANE_ANGLE_UNIT() SI_UNIT($,.RADIAN.) );
#6235 = ( NAMED_UNIT(*) SI_UNIT($,.STERADIAN.) SOLID_ANGLE_UNIT() );
#6236 = UNCERTAINTY_MEASURE_WITH_UNIT(LENGTH_MEASURE(1.E-07),#6233,
  'distance_accuracy_value','confusion accuracy');
#6237 = CONTEXT_DEPENDENT_SHAPE_REPRESENTATION(#6238,#6240);
#6238 = ( REPRESENTATION_RELATIONSHIP('','',#6029,#6227) 
REPRESENTATION_RELATIONSHIP_WITH_TRANSFORMATION(#6239) 
SHAPE_REPRESENTATION_RELATIONSHIP() );
#6239 = ITEM_DEFINED_TRANSFORMATION('','',#11,#6228);
#6240 = PRODUCT_DEFINITION_SHAPE('Placement','Placement of an item',
  #6241);
#6241 = NEXT_ASSEMBLY_USAGE_OCCURRENCE('26','','',#6222,#6024,$);
#6242 = CONTEXT_DEPENDENT_SHAPE_REPRESENTATION(#6243,#6245);
#6243 = ( REPRESENTATION_RELATIONSHIP('','',#6227,#10) 
REPRESENTATION_RELATIONSHIP_WITH_TRANSFORMATION(#6244) 
SHAPE_REPRESENTATION_RELATIONSHIP() );
#6244 = ITEM_DEFINED_TRANSFORMATION('','',#11,#47);
#6245 = PRODUCT_DEFINITION_SHAPE('Placement','Placement of an item',
  #6246);
#6246 = NEXT_ASSEMBLY_USAGE_OCCURRENCE('27','','',#5,#6222,$);
#6247 = PRODUCT_RELATED_PRODUCT_CATEGORY('part',$,(#6224));
#6248 = SHAPE_DEFINITION_REPRESENTATION(#6249,#6255);
#6249 = PRODUCT_DEFINITION_SHAPE('','',#6250);
#6250 = PRODUCT_DEFINITION('design','',#6251,#6254);
#6251 = PRODUCT_DEFINITION_FORMATION('','',#6252);
#6252 = PRODUCT('C3','C3','',(#6253));
#6253 = PRODUCT_CONTEXT('',#2,'mechanical');
#6254 = PRODUCT_DEFINITION_CONTEXT('part definition',#2,'design');
#6255 = SHAPE_REPRESENTATION('',(#11,#6256),#6260);
#6256 = AXIS2_PLACEMENT_3D('',#6257,#6258,#6259);
#6257 = CARTESIAN_POINT('',(33.019999298096,16.509999069214,0.));
#6258 = DIRECTION('',(0.,0.,1.));
#6259 = DIRECTION('',(1.,0.,0.));
#6260 = ( GEOMETRIC_REPRESENTATION_CONTEXT(3) 
GLOBAL_UNCERTAINTY_ASSIGNED_CONTEXT((#6264)) 
GLOBAL_UNIT_ASSIGNED_CONTEXT((#6261,#6262,#6263)) REPRESENTATION_CONTEXT
('Context #1','3D Context with UNIT and UNCERTAINTY') );
#6261 = ( LENGTH_UNIT() NAMED_UNIT(*) SI_UNIT(.MILLI.,.METRE.) );
#6262 = ( NAMED_UNIT(*) PLANE_ANGLE_UNIT() SI_UNIT($,.RADIAN.) );
#6263 = ( NAMED_UNIT(*) SI_UNIT($,.STERADIAN.) SOLID_ANGLE_UNIT() );
#6264 = UNCERTAINTY_MEASURE_WITH_UNIT(LENGTH_MEASURE(1.E-07),#6261,
  'distance_accuracy_value','confusion accuracy');
#6265 = CONTEXT_DEPENDENT_SHAPE_REPRESENTATION(#6266,#6268);
#6266 = ( REPRESENTATION_RELATIONSHIP('','',#6029,#6255) 
REPRESENTATION_RELATIONSHIP_WITH_TRANSFORMATION(#6267) 
SHAPE_REPRESENTATION_RELATIONSHIP() );
#6267 = ITEM_DEFINED_TRANSFORMATION('','',#11,#6256);
#6268 = PRODUCT_DEFINITION_SHAPE('Placement','Placement of an item',
  #6269);
#6269 = NEXT_ASSEMBLY_USAGE_OCCURRENCE('28','','',#6250,#6024,$);
#6270 = CONTEXT_DEPENDENT_SHAPE_REPRESENTATION(#6271,#6273);
#6271 = ( REPRESENTATION_RELATIONSHIP('','',#6255,#10) 
REPRESENTATION_RELATIONSHIP_WITH_TRANSFORMATION(#6272) 
SHAPE_REPRESENTATION_RELATIONSHIP() );
#6272 = ITEM_DEFINED_TRANSFORMATION('','',#11,#51);
#6273 = PRODUCT_DEFINITION_SHAPE('Placement','Placement of an item',
  #6274);
#6274 = NEXT_ASSEMBLY_USAGE_OCCURRENCE('29','','',#5,#6250,$);
#6275 = PRODUCT_RELATED_PRODUCT_CATEGORY('part',$,(#6252));
#6276 = SHAPE_DEFINITION_REPRESENTATION(#6277,#6283);
#6277 = PRODUCT_DEFINITION_SHAPE('','',#6278);
#6278 = PRODUCT_DEFINITION('design','',#6279,#6282);
#6279 = PRODUCT_DEFINITION_FORMATION('','',#6280);
#6280 = PRODUCT('C2','C2','',(#6281));
#6281 = PRODUCT_CONTEXT('',#2,'mechanical');
#6282 = PRODUCT_DEFINITION_CONTEXT('part definition',#2,'design');
#6283 = SHAPE_REPRESENTATION('',(#11,#6284),#6288);
#6284 = AXIS2_PLACEMENT_3D('',#6285,#6286,#6287);
#6285 = CARTESIAN_POINT('',(13.970000061035,8.890000137329,0.));
#6286 = DIRECTION('',(0.,0.,1.));
#6287 = DIRECTION('',(1.,0.,0.));
#6288 = ( GEOMETRIC_REPRESENTATION_CONTEXT(3) 
GLOBAL_UNCERTAINTY_ASSIGNED_CONTEXT((#6292)) 
GLOBAL_UNIT_ASSIGNED_CONTEXT((#6289,#6290,#6291)) REPRESENTATION_CONTEXT
('Context #1','3D Context with UNIT and UNCERTAINTY') );
#6289 = ( LENGTH_UNIT() NAMED_UNIT(*) SI_UNIT(.MILLI.,.METRE.) );
#6290 = ( NAMED_UNIT(*) PLANE_ANGLE_UNIT() SI_UNIT($,.RADIAN.) );
#6291 = ( NAMED_UNIT(*) SI_UNIT($,.STERADIAN.) SOLID_ANGLE_UNIT() );
#6292 = UNCERTAINTY_MEASURE_WITH_UNIT(LENGTH_MEASURE(1.E-07),#6289,
  'distance_accuracy_value','confusion accuracy');
#6293 = SHAPE_DEFINITION_REPRESENTATION(#6294,#6300);
#6294 = PRODUCT_DEFINITION_SHAPE('','',#6295);
#6295 = PRODUCT_DEFINITION('design','',#6296,#6299);
#6296 = PRODUCT_DEFINITION_FORMATION('','',#6297);
#6297 = PRODUCT('6503685920','6503685920','',(#6298));
#6298 = PRODUCT_CONTEXT('',#2,'mechanical');
#6299 = PRODUCT_DEFINITION_CONTEXT('part definition',#2,'design');
#6300 = SHAPE_REPRESENTATION('',(#11,#6301),#6305);
#6301 = AXIS2_PLACEMENT_3D('',#6302,#6303,#6304);
#6302 = CARTESIAN_POINT('',(0.,0.,0.));
#6303 = DIRECTION('',(0.,0.,1.));
#6304 = DIRECTION('',(1.,0.,0.));
#6305 = ( GEOMETRIC_REPRESENTATION_CONTEXT(3) 
GLOBAL_UNCERTAINTY_ASSIGNED_CONTEXT((#6309)) 
GLOBAL_UNIT_ASSIGNED_CONTEXT((#6306,#6307,#6308)) REPRESENTATION_CONTEXT
('Context #1','3D Context with UNIT and UNCERTAINTY') );
#6306 = ( LENGTH_UNIT() NAMED_UNIT(*) SI_UNIT(.MILLI.,.METRE.) );
#6307 = ( NAMED_UNIT(*) PLANE_ANGLE_UNIT() SI_UNIT($,.RADIAN.) );
#6308 = ( NAMED_UNIT(*) SI_UNIT($,.STERADIAN.) SOLID_ANGLE_UNIT() );
#6309 = UNCERTAINTY_MEASURE_WITH_UNIT(LENGTH_MEASURE(1.E-07),#6306,
  'distance_accuracy_value','confusion accuracy');
#6310 = ADVANCED_BREP_SHAPE_REPRESENTATION('',(#11,#6311),#6461);
#6311 = MANIFOLD_SOLID_BREP('',#6312);
#6312 = CLOSED_SHELL('',(#6313,#6353,#6384,#6415,#6437,#6449));
#6313 = ADVANCED_FACE('',(#6314),#6348,.F.);
#6314 = FACE_BOUND('',#6315,.F.);
#6315 = EDGE_LOOP('',(#6316,#6326,#6334,#6342));
#6316 = ORIENTED_EDGE('',*,*,#6317,.T.);
#6317 = EDGE_CURVE('',#6318,#6320,#6322,.T.);
#6318 = VERTEX_POINT('',#6319);
#6319 = CARTESIAN_POINT('',(-1.07499912,-0.70000114,0.));
#6320 = VERTEX_POINT('',#6321);
#6321 = CARTESIAN_POINT('',(-1.07499912,-0.70000114,0.70000114));
#6322 = LINE('',#6323,#6324);
#6323 = CARTESIAN_POINT('',(-1.07499912,-0.70000114,0.));
#6324 = VECTOR('',#6325,1.);
#6325 = DIRECTION('',(0.,0.,1.));
#6326 = ORIENTED_EDGE('',*,*,#6327,.T.);
#6327 = EDGE_CURVE('',#6320,#6328,#6330,.T.);
#6328 = VERTEX_POINT('',#6329);
#6329 = CARTESIAN_POINT('',(1.07499912,-0.70000114,0.70000114));
#6330 = LINE('',#6331,#6332);
#6331 = CARTESIAN_POINT('',(-1.07499912,-0.70000114,0.70000114));
#6332 = VECTOR('',#6333,1.);
#6333 = DIRECTION('',(1.,0.,0.));
#6334 = ORIENTED_EDGE('',*,*,#6335,.F.);
#6335 = EDGE_CURVE('',#6336,#6328,#6338,.T.);
#6336 = VERTEX_POINT('',#6337);
#6337 = CARTESIAN_POINT('',(1.07499912,-0.70000114,0.));
#6338 = LINE('',#6339,#6340);
#6339 = CARTESIAN_POINT('',(1.07499912,-0.70000114,0.));
#6340 = VECTOR('',#6341,1.);
#6341 = DIRECTION('',(0.,0.,1.));
#6342 = ORIENTED_EDGE('',*,*,#6343,.F.);
#6343 = EDGE_CURVE('',#6318,#6336,#6344,.T.);
#6344 = LINE('',#6345,#6346);
#6345 = CARTESIAN_POINT('',(-1.07499912,-0.70000114,0.));
#6346 = VECTOR('',#6347,1.);
#6347 = DIRECTION('',(1.,0.,0.));
#6348 = PLANE('',#6349);
#6349 = AXIS2_PLACEMENT_3D('',#6350,#6351,#6352);
#6350 = CARTESIAN_POINT('',(-1.07499912,-0.70000114,0.));
#6351 = DIRECTION('',(0.,1.,0.));
#6352 = DIRECTION('',(1.,0.,0.));
#6353 = ADVANCED_FACE('',(#6354),#6379,.F.);
#6354 = FACE_BOUND('',#6355,.F.);
#6355 = EDGE_LOOP('',(#6356,#6357,#6365,#6373));
#6356 = ORIENTED_EDGE('',*,*,#6335,.T.);
#6357 = ORIENTED_EDGE('',*,*,#6358,.T.);
#6358 = EDGE_CURVE('',#6328,#6359,#6361,.T.);
#6359 = VERTEX_POINT('',#6360);
#6360 = CARTESIAN_POINT('',(1.07499912,0.70000114,0.70000114));
#6361 = LINE('',#6362,#6363);
#6362 = CARTESIAN_POINT('',(1.07499912,-0.70000114,0.70000114));
#6363 = VECTOR('',#6364,1.);
#6364 = DIRECTION('',(0.,1.,0.));
#6365 = ORIENTED_EDGE('',*,*,#6366,.F.);
#6366 = EDGE_CURVE('',#6367,#6359,#6369,.T.);
#6367 = VERTEX_POINT('',#6368);
#6368 = CARTESIAN_POINT('',(1.07499912,0.70000114,0.));
#6369 = LINE('',#6370,#6371);
#6370 = CARTESIAN_POINT('',(1.07499912,0.70000114,0.));
#6371 = VECTOR('',#6372,1.);
#6372 = DIRECTION('',(0.,0.,1.));
#6373 = ORIENTED_EDGE('',*,*,#6374,.F.);
#6374 = EDGE_CURVE('',#6336,#6367,#6375,.T.);
#6375 = LINE('',#6376,#6377);
#6376 = CARTESIAN_POINT('',(1.07499912,-0.70000114,0.));
#6377 = VECTOR('',#6378,1.);
#6378 = DIRECTION('',(0.,1.,0.));
#6379 = PLANE('',#6380);
#6380 = AXIS2_PLACEMENT_3D('',#6381,#6382,#6383);
#6381 = CARTESIAN_POINT('',(1.07499912,-0.70000114,0.));
#6382 = DIRECTION('',(-1.,0.,0.));
#6383 = DIRECTION('',(0.,1.,0.));
#6384 = ADVANCED_FACE('',(#6385),#6410,.F.);
#6385 = FACE_BOUND('',#6386,.F.);
#6386 = EDGE_LOOP('',(#6387,#6388,#6396,#6404));
#6387 = ORIENTED_EDGE('',*,*,#6366,.T.);
#6388 = ORIENTED_EDGE('',*,*,#6389,.T.);
#6389 = EDGE_CURVE('',#6359,#6390,#6392,.T.);
#6390 = VERTEX_POINT('',#6391);
#6391 = CARTESIAN_POINT('',(-1.07499912,0.70000114,0.70000114));
#6392 = LINE('',#6393,#6394);
#6393 = CARTESIAN_POINT('',(1.07499912,0.70000114,0.70000114));
#6394 = VECTOR('',#6395,1.);
#6395 = DIRECTION('',(-1.,0.,0.));
#6396 = ORIENTED_EDGE('',*,*,#6397,.F.);
#6397 = EDGE_CURVE('',#6398,#6390,#6400,.T.);
#6398 = VERTEX_POINT('',#6399);
#6399 = CARTESIAN_POINT('',(-1.07499912,0.70000114,0.));
#6400 = LINE('',#6401,#6402);
#6401 = CARTESIAN_POINT('',(-1.07499912,0.70000114,0.));
#6402 = VECTOR('',#6403,1.);
#6403 = DIRECTION('',(0.,0.,1.));
#6404 = ORIENTED_EDGE('',*,*,#6405,.F.);
#6405 = EDGE_CURVE('',#6367,#6398,#6406,.T.);
#6406 = LINE('',#6407,#6408);
#6407 = CARTESIAN_POINT('',(1.07499912,0.70000114,0.));
#6408 = VECTOR('',#6409,1.);
#6409 = DIRECTION('',(-1.,0.,0.));
#6410 = PLANE('',#6411);
#6411 = AXIS2_PLACEMENT_3D('',#6412,#6413,#6414);
#6412 = CARTESIAN_POINT('',(1.07499912,0.70000114,0.));
#6413 = DIRECTION('',(0.,-1.,0.));
#6414 = DIRECTION('',(-1.,0.,0.));
#6415 = ADVANCED_FACE('',(#6416),#6432,.F.);
#6416 = FACE_BOUND('',#6417,.F.);
#6417 = EDGE_LOOP('',(#6418,#6419,#6425,#6426));
#6418 = ORIENTED_EDGE('',*,*,#6397,.T.);
#6419 = ORIENTED_EDGE('',*,*,#6420,.T.);
#6420 = EDGE_CURVE('',#6390,#6320,#6421,.T.);
#6421 = LINE('',#6422,#6423);
#6422 = CARTESIAN_POINT('',(-1.07499912,0.70000114,0.70000114));
#6423 = VECTOR('',#6424,1.);
#6424 = DIRECTION('',(0.,-1.,0.));
#6425 = ORIENTED_EDGE('',*,*,#6317,.F.);
#6426 = ORIENTED_EDGE('',*,*,#6427,.F.);
#6427 = EDGE_CURVE('',#6398,#6318,#6428,.T.);
#6428 = LINE('',#6429,#6430);
#6429 = CARTESIAN_POINT('',(-1.07499912,0.70000114,0.));
#6430 = VECTOR('',#6431,1.);
#6431 = DIRECTION('',(0.,-1.,0.));
#6432 = PLANE('',#6433);
#6433 = AXIS2_PLACEMENT_3D('',#6434,#6435,#6436);
#6434 = CARTESIAN_POINT('',(-1.07499912,0.70000114,0.));
#6435 = DIRECTION('',(1.,0.,-0.));
#6436 = DIRECTION('',(0.,-1.,0.));
#6437 = ADVANCED_FACE('',(#6438),#6444,.F.);
#6438 = FACE_BOUND('',#6439,.F.);
#6439 = EDGE_LOOP('',(#6440,#6441,#6442,#6443));
#6440 = ORIENTED_EDGE('',*,*,#6343,.T.);
#6441 = ORIENTED_EDGE('',*,*,#6374,.T.);
#6442 = ORIENTED_EDGE('',*,*,#6405,.T.);
#6443 = ORIENTED_EDGE('',*,*,#6427,.T.);
#6444 = PLANE('',#6445);
#6445 = AXIS2_PLACEMENT_3D('',#6446,#6447,#6448);
#6446 = CARTESIAN_POINT('',(-2.689553975552E-15,-1.759155943311E-15,0.)
  );
#6447 = DIRECTION('',(0.,0.,1.));
#6448 = DIRECTION('',(1.,0.,-0.));
#6449 = ADVANCED_FACE('',(#6450),#6456,.T.);
#6450 = FACE_BOUND('',#6451,.T.);
#6451 = EDGE_LOOP('',(#6452,#6453,#6454,#6455));
#6452 = ORIENTED_EDGE('',*,*,#6327,.T.);
#6453 = ORIENTED_EDGE('',*,*,#6358,.T.);
#6454 = ORIENTED_EDGE('',*,*,#6389,.T.);
#6455 = ORIENTED_EDGE('',*,*,#6420,.T.);
#6456 = PLANE('',#6457);
#6457 = AXIS2_PLACEMENT_3D('',#6458,#6459,#6460);
#6458 = CARTESIAN_POINT('',(-2.689553975552E-15,-1.759155943311E-15,
    0.70000114));
#6459 = DIRECTION('',(0.,0.,1.));
#6460 = DIRECTION('',(1.,0.,-0.));
#6461 = ( GEOMETRIC_REPRESENTATION_CONTEXT(3) 
GLOBAL_UNCERTAINTY_ASSIGNED_CONTEXT((#6465)) 
GLOBAL_UNIT_ASSIGNED_CONTEXT((#6462,#6463,#6464)) REPRESENTATION_CONTEXT
('Context #1','3D Context with UNIT and UNCERTAINTY') );
#6462 = ( LENGTH_UNIT() NAMED_UNIT(*) SI_UNIT(.MILLI.,.METRE.) );
#6463 = ( NAMED_UNIT(*) PLANE_ANGLE_UNIT() SI_UNIT($,.RADIAN.) );
#6464 = ( NAMED_UNIT(*) SI_UNIT($,.STERADIAN.) SOLID_ANGLE_UNIT() );
#6465 = UNCERTAINTY_MEASURE_WITH_UNIT(LENGTH_MEASURE(1.E-07),#6462,
  'distance_accuracy_value','confusion accuracy');
#6466 = SHAPE_DEFINITION_REPRESENTATION(#6467,#6310);
#6467 = PRODUCT_DEFINITION_SHAPE('','',#6468);
#6468 = PRODUCT_DEFINITION('design','',#6469,#6472);
#6469 = PRODUCT_DEFINITION_FORMATION('','',#6470);
#6470 = PRODUCT('Extruded','Extruded','',(#6471));
#6471 = PRODUCT_CONTEXT('',#2,'mechanical');
#6472 = PRODUCT_DEFINITION_CONTEXT('part definition',#2,'design');
#6473 = CONTEXT_DEPENDENT_SHAPE_REPRESENTATION(#6474,#6476);
#6474 = ( REPRESENTATION_RELATIONSHIP('','',#6310,#6300) 
REPRESENTATION_RELATIONSHIP_WITH_TRANSFORMATION(#6475) 
SHAPE_REPRESENTATION_RELATIONSHIP() );
#6475 = ITEM_DEFINED_TRANSFORMATION('','',#11,#6301);
#6476 = PRODUCT_DEFINITION_SHAPE('Placement','Placement of an item',
  #6477);
#6477 = NEXT_ASSEMBLY_USAGE_OCCURRENCE('30','3','',#6295,#6468,$);
#6478 = PRODUCT_RELATED_PRODUCT_CATEGORY('part',$,(#6470));
#6479 = CONTEXT_DEPENDENT_SHAPE_REPRESENTATION(#6480,#6482);
#6480 = ( REPRESENTATION_RELATIONSHIP('','',#6300,#6283) 
REPRESENTATION_RELATIONSHIP_WITH_TRANSFORMATION(#6481) 
SHAPE_REPRESENTATION_RELATIONSHIP() );
#6481 = ITEM_DEFINED_TRANSFORMATION('','',#11,#6284);
#6482 = PRODUCT_DEFINITION_SHAPE('Placement','Placement of an item',
  #6483);
#6483 = NEXT_ASSEMBLY_USAGE_OCCURRENCE('31','','',#6278,#6295,$);
#6484 = PRODUCT_RELATED_PRODUCT_CATEGORY('part',$,(#6297));
#6485 = CONTEXT_DEPENDENT_SHAPE_REPRESENTATION(#6486,#6488);
#6486 = ( REPRESENTATION_RELATIONSHIP('','',#6283,#10) 
REPRESENTATION_RELATIONSHIP_WITH_TRANSFORMATION(#6487) 
SHAPE_REPRESENTATION_RELATIONSHIP() );
#6487 = ITEM_DEFINED_TRANSFORMATION('','',#11,#55);
#6488 = PRODUCT_DEFINITION_SHAPE('Placement','Placement of an item',
  #6489);
#6489 = NEXT_ASSEMBLY_USAGE_OCCURRENCE('32','','',#5,#6278,$);
#6490 = PRODUCT_RELATED_PRODUCT_CATEGORY('part',$,(#6280));
#6491 = SHAPE_DEFINITION_REPRESENTATION(#6492,#6498);
#6492 = PRODUCT_DEFINITION_SHAPE('','',#6493);
#6493 = PRODUCT_DEFINITION('design','',#6494,#6497);
#6494 = PRODUCT_DEFINITION_FORMATION('','',#6495);
#6495 = PRODUCT('C1','C1','',(#6496));
#6496 = PRODUCT_CONTEXT('',#2,'mechanical');
#6497 = PRODUCT_DEFINITION_CONTEXT('part definition',#2,'design');
#6498 = SHAPE_REPRESENTATION('',(#11,#6499),#6503);
#6499 = AXIS2_PLACEMENT_3D('',#6500,#6501,#6502);
#6500 = CARTESIAN_POINT('',(36.194998535156,16.509999069214,0.));
#6501 = DIRECTION('',(0.,0.,1.));
#6502 = DIRECTION('',(1.,0.,0.));
#6503 = ( GEOMETRIC_REPRESENTATION_CONTEXT(3) 
GLOBAL_UNCERTAINTY_ASSIGNED_CONTEXT((#6507)) 
GLOBAL_UNIT_ASSIGNED_CONTEXT((#6504,#6505,#6506)) REPRESENTATION_CONTEXT
('Context #1','3D Context with UNIT and UNCERTAINTY') );
#6504 = ( LENGTH_UNIT() NAMED_UNIT(*) SI_UNIT(.MILLI.,.METRE.) );
#6505 = ( NAMED_UNIT(*) PLANE_ANGLE_UNIT() SI_UNIT($,.RADIAN.) );
#6506 = ( NAMED_UNIT(*) SI_UNIT($,.STERADIAN.) SOLID_ANGLE_UNIT() );
#6507 = UNCERTAINTY_MEASURE_WITH_UNIT(LENGTH_MEASURE(1.E-07),#6504,
  'distance_accuracy_value','confusion accuracy');
#6508 = CONTEXT_DEPENDENT_SHAPE_REPRESENTATION(#6509,#6511);
#6509 = ( REPRESENTATION_RELATIONSHIP('','',#6029,#6498) 
REPRESENTATION_RELATIONSHIP_WITH_TRANSFORMATION(#6510) 
SHAPE_REPRESENTATION_RELATIONSHIP() );
#6510 = ITEM_DEFINED_TRANSFORMATION('','',#11,#6499);
#6511 = PRODUCT_DEFINITION_SHAPE('Placement','Placement of an item',
  #6512);
#6512 = NEXT_ASSEMBLY_USAGE_OCCURRENCE('33','','',#6493,#6024,$);
#6513 = CONTEXT_DEPENDENT_SHAPE_REPRESENTATION(#6514,#6516);
#6514 = ( REPRESENTATION_RELATIONSHIP('','',#6498,#10) 
REPRESENTATION_RELATIONSHIP_WITH_TRANSFORMATION(#6515) 
SHAPE_REPRESENTATION_RELATIONSHIP() );
#6515 = ITEM_DEFINED_TRANSFORMATION('','',#11,#59);
#6516 = PRODUCT_DEFINITION_SHAPE('Placement','Placement of an item',
  #6517);
#6517 = NEXT_ASSEMBLY_USAGE_OCCURRENCE('34','','',#5,#6493,$);
#6518 = PRODUCT_RELATED_PRODUCT_CATEGORY('part',$,(#6495));
#6519 = REPRESENTATION('material name',(#6520),#1004);
#6520 = DESCRIPTIVE_REPRESENTATION_ITEM('PKG_NAME','SOT');
#6521 = PROPERTY_DEFINITION('material property','material name',#1011);
#6522 = PROPERTY_DEFINITION_REPRESENTATION(#6521,#6519);
#6523 = MECHANICAL_DESIGN_GEOMETRIC_PRESENTATION_REPRESENTATION('',(
    #6524),#1685);
#6524 = STYLED_ITEM('color',(#6525),#1535);
#6525 = PRESENTATION_STYLE_ASSIGNMENT((#6526,#6532));
#6526 = SURFACE_STYLE_USAGE(.BOTH.,#6527);
#6527 = SURFACE_SIDE_STYLE('',(#6528));
#6528 = SURFACE_STYLE_FILL_AREA(#6529);
#6529 = FILL_AREA_STYLE('',(#6530));
#6530 = FILL_AREA_STYLE_COLOUR('',#6531);
#6531 = COLOUR_RGB('',0.501960785193,0.501960785193,0.501960785193);
#6532 = CURVE_STYLE('',#6533,POSITIVE_LENGTH_MEASURE(0.1),#6531);
#6533 = DRAUGHTING_PRE_DEFINED_CURVE_FONT('continuous');
#6534 = MECHANICAL_DESIGN_GEOMETRIC_PRESENTATION_REPRESENTATION('',(
    #6535),#579);
#6535 = STYLED_ITEM('color',(#6536),#87);
#6536 = PRESENTATION_STYLE_ASSIGNMENT((#6537,#6543));
#6537 = SURFACE_STYLE_USAGE(.BOTH.,#6538);
#6538 = SURFACE_SIDE_STYLE('',(#6539));
#6539 = SURFACE_STYLE_FILL_AREA(#6540);
#6540 = FILL_AREA_STYLE('',(#6541));
#6541 = FILL_AREA_STYLE_COLOUR('',#6542);
#6542 = COLOUR_RGB('',0.,0.501960785193,0.);
#6543 = CURVE_STYLE('',#6544,POSITIVE_LENGTH_MEASURE(0.1),#6542);
#6544 = DRAUGHTING_PRE_DEFINED_CURVE_FONT('continuous');
#6545 = MECHANICAL_DESIGN_GEOMETRIC_PRESENTATION_REPRESENTATION('',(
    #6546),#1445);
#6546 = STYLED_ITEM('color',(#6547),#1023);
#6547 = PRESENTATION_STYLE_ASSIGNMENT((#6548));
#6548 = SURFACE_STYLE_USAGE(.BOTH.,#6549);
#6549 = SURFACE_SIDE_STYLE('',(#6550));
#6550 = SURFACE_STYLE_FILL_AREA(#6551);
#6551 = FILL_AREA_STYLE('',(#6552));
#6552 = FILL_AREA_STYLE_COLOUR('',#6553);
#6553 = DRAUGHTING_PRE_DEFINED_COLOUR('white');
#6554 = MECHANICAL_DESIGN_GEOMETRIC_PRESENTATION_REPRESENTATION('',(
    #6555),#1004);
#6555 = STYLED_ITEM('color',(#6556),#662);
#6556 = PRESENTATION_STYLE_ASSIGNMENT((#6557));
#6557 = SURFACE_STYLE_USAGE(.BOTH.,#6558);
#6558 = SURFACE_SIDE_STYLE('',(#6559));
#6559 = SURFACE_STYLE_FILL_AREA(#6560);
#6560 = FILL_AREA_STYLE('',(#6561));
#6561 = FILL_AREA_STYLE_COLOUR('',#6562);
#6562 = COLOUR_RGB('',0.274510000205,0.274510000205,0.274510000205);
#6563 = MECHANICAL_DESIGN_GEOMETRIC_PRESENTATION_REPRESENTATION('',(
    #6564),#6190);
#6564 = STYLED_ITEM('color',(#6565),#6040);
#6565 = PRESENTATION_STYLE_ASSIGNMENT((#6566,#6571));
#6566 = SURFACE_STYLE_USAGE(.BOTH.,#6567);
#6567 = SURFACE_SIDE_STYLE('',(#6568));
#6568 = SURFACE_STYLE_FILL_AREA(#6569);
#6569 = FILL_AREA_STYLE('',(#6570));
#6570 = FILL_AREA_STYLE_COLOUR('',#6531);
#6571 = CURVE_STYLE('',#6572,POSITIVE_LENGTH_MEASURE(0.1),#6531);
#6572 = DRAUGHTING_PRE_DEFINED_CURVE_FONT('continuous');
#6573 = MECHANICAL_DESIGN_GEOMETRIC_PRESENTATION_REPRESENTATION('',(
    #6574),#6461);
#6574 = STYLED_ITEM('color',(#6575),#6311);
#6575 = PRESENTATION_STYLE_ASSIGNMENT((#6576,#6581));
#6576 = SURFACE_STYLE_USAGE(.BOTH.,#6577);
#6577 = SURFACE_SIDE_STYLE('',(#6578));
#6578 = SURFACE_STYLE_FILL_AREA(#6579);
#6579 = FILL_AREA_STYLE('',(#6580));
#6580 = FILL_AREA_STYLE_COLOUR('',#6531);
#6581 = CURVE_STYLE('',#6582,POSITIVE_LENGTH_MEASURE(0.1),#6531);
#6582 = DRAUGHTING_PRE_DEFINED_CURVE_FONT('continuous');
#6583 = SHAPE_DEFINITION_REPRESENTATION(#6584,#6586);
#6584 = PROPERTY_DEFINITION('shape with specific properties',
  'properties for subshape',#6585);
#6585 = SHAPE_ASPECT('','',#1010,.F.);
#6586 = SHAPE_REPRESENTATION('',(#662),#1004);
#6587 = PROPERTY_DEFINITION_REPRESENTATION(#6588,#6589);
#6588 = PROPERTY_DEFINITION('geometric validation property',
  'surface area',#6585);
#6589 = REPRESENTATION('surface area',(#6590),#1004);
#6590 = MEASURE_REPRESENTATION_ITEM('surface area measure',AREA_MEASURE(
    15.98709014773),#6591);
#6591 = DERIVED_UNIT((#6592));
#6592 = DERIVED_UNIT_ELEMENT(#6593,2.);
#6593 = ( LENGTH_UNIT() NAMED_UNIT(*) SI_UNIT(.MILLI.,.METRE.) );
#6594 = PROPERTY_DEFINITION_REPRESENTATION(#6595,#6596);
#6595 = PROPERTY_DEFINITION('geometric validation property','volume',
  #6585);
#6596 = REPRESENTATION('volume',(#6597),#1004);
#6597 = MEASURE_REPRESENTATION_ITEM('volume measure',VOLUME_MEASURE(
    3.823087059508),#6598);
#6598 = DERIVED_UNIT((#6599));
#6599 = DERIVED_UNIT_ELEMENT(#6600,3.);
#6600 = ( LENGTH_UNIT() NAMED_UNIT(*) SI_UNIT(.MILLI.,.METRE.) );
#6601 = PROPERTY_DEFINITION_REPRESENTATION(#6602,#6603);
#6602 = PROPERTY_DEFINITION('geometric validation property','centroid',
  #6585);
#6603 = REPRESENTATION('centroid',(#6604),#1004);
#6604 = CARTESIAN_POINT('centre point',(0.,-0.18661941522,0.));
#6605 = SHAPE_DEFINITION_REPRESENTATION(#6606,#6608);
#6606 = PROPERTY_DEFINITION('shape with specific properties',
  'properties for subshape',#6607);
#6607 = SHAPE_ASPECT('','',#1451,.F.);
#6608 = SHAPE_REPRESENTATION('',(#1023),#1445);
#6609 = PROPERTY_DEFINITION_REPRESENTATION(#6610,#6611);
#6610 = PROPERTY_DEFINITION('geometric validation property',
  'surface area',#6607);
#6611 = REPRESENTATION('surface area',(#6612),#1445);
#6612 = MEASURE_REPRESENTATION_ITEM('surface area measure',AREA_MEASURE(
    1.189398282725),#6613);
#6613 = DERIVED_UNIT((#6614));
#6614 = DERIVED_UNIT_ELEMENT(#6615,2.);
#6615 = ( LENGTH_UNIT() NAMED_UNIT(*) SI_UNIT(.MILLI.,.METRE.) );
#6616 = PROPERTY_DEFINITION_REPRESENTATION(#6617,#6618);
#6617 = PROPERTY_DEFINITION('geometric validation property','volume',
  #6607);
#6618 = REPRESENTATION('volume',(#6619),#1445);
#6619 = MEASURE_REPRESENTATION_ITEM('volume measure',VOLUME_MEASURE(
    5.324595348816E-02),#6620);
#6620 = DERIVED_UNIT((#6621));
#6621 = DERIVED_UNIT_ELEMENT(#6622,3.);
#6622 = ( LENGTH_UNIT() NAMED_UNIT(*) SI_UNIT(.MILLI.,.METRE.) );
#6623 = PROPERTY_DEFINITION_REPRESENTATION(#6624,#6625);
#6624 = PROPERTY_DEFINITION('geometric validation property','centroid',
  #6607);
#6625 = REPRESENTATION('centroid',(#6626),#1445);
#6626 = CARTESIAN_POINT('centre point',(0.,6.505537988083E-02,
    0.115884808259));
#6627 = PROPERTY_DEFINITION_REPRESENTATION(#6628,#6629);
#6628 = PROPERTY_DEFINITION('geometric validation property',
  'surface area',#621);
#6629 = REPRESENTATION('surface area',(#6630),#656);
#6630 = MEASURE_REPRESENTATION_ITEM('surface area measure',AREA_MEASURE(
    23.12347984408),#6631);
#6631 = DERIVED_UNIT((#6632));
#6632 = DERIVED_UNIT_ELEMENT(#6633,2.);
#6633 = ( LENGTH_UNIT() NAMED_UNIT(*) SI_UNIT(.MILLI.,.METRE.) );
#6634 = PROPERTY_DEFINITION_REPRESENTATION(#6635,#6636);
#6635 = PROPERTY_DEFINITION('geometric validation property','volume',
  #621);
#6636 = REPRESENTATION('volume',(#6637),#656);
#6637 = MEASURE_REPRESENTATION_ITEM('volume measure',VOLUME_MEASURE(
    4.142562780437),#6638);
#6638 = DERIVED_UNIT((#6639));
#6639 = DERIVED_UNIT_ELEMENT(#6640,3.);
#6640 = ( LENGTH_UNIT() NAMED_UNIT(*) SI_UNIT(.MILLI.,.METRE.) );
#6641 = PROPERTY_DEFINITION_REPRESENTATION(#6642,#6643);
#6642 = PROPERTY_DEFINITION('geometric validation property','centroid',
  #621);
#6643 = REPRESENTATION('centroid',(#6644),#656);
#6644 = CARTESIAN_POINT('centre point',(0.,0.,0.525772074467));
ENDSEC;
END-ISO-10303-21;
